car_brand,purchase_date,purchase_value,engine_condition,no_of_buyers,fuel_type,kilometer_running,reparation_work,today_value
Audi,2017-09-21,1355510,Average,5,Hybrid,16298,Yes,110137
Ford,2021-12-03,2570355,Average,1,Electric,32490,Yes,517815
Mahindra,2016-02-13,2380731,Excellent,5,Petrol,90283,No,160639
Mahindra,2024-08-12,948740,Good,1,Petrol,108891,No,241937
Honda,2019-08-05,2019877,Average,5,Diesel,68114,Yes,170456
Audi,2019-08-15,1766255,Poor,3,Hybrid,52813,No,159597
Maruti,2015-03-27,722290,Good,1,Petrol,98703,No,50000
Kia,2018-02-07,310762,Average,2,Hybrid,121261,Yes,50000
Kia,2021-07-29,383710,Poor,1,Electric,57686,No,55142
Honda,2018-04-24,2112169,Good,2,Hybrid,42360,No,282870
Honda,2017-04-01,1577632,Poor,4,Petrol,192169,Yes,50000
Mahindra,2021-06-09,2736891,Good,4,Diesel,6358,No,582665
Hyundai,2019-10-05,651799,Excellent,4,Electric,84622,No,105356
Hyundai,2022-04-20,1471690,Poor,3,Petrol,142271,Yes,103332
BMW,2018-10-14,2631303,Poor,3,Hybrid,57962,Yes,182921
Ford,2020-01-06,1737608,Excellent,2,Petrol,9299,No,363672
Mahindra,2021-08-11,2895068,Poor,1,Hybrid,71465,Yes,334303
Maruti,2021-02-27,1812478,Good,3,Hybrid,19621,No,397640
Ford,2018-03-20,1946196,Excellent,1,Petrol,61430,No,262630
Honda,2019-12-31,2379165,Good,3,Electric,49919,No,409558
Kia,2023-07-08,2600501,Poor,5,Diesel,7361,Yes,393158
Tata,2022-08-11,2919423,Poor,2,Electric,75368,Yes,393488
BMW,2023-07-02,1612541,Good,2,Diesel,11843,No,526499
BMW,2017-09-20,1355133,Good,3,Petrol,93806,No,109360
BMW,2020-01-12,1259544,Good,5,Petrol,155937,Yes,82730
Hyundai,2024-12-23,658229,Poor,2,Petrol,34171,No,141203
Maruti,2024-08-04,2035552,Poor,5,Electric,143878,Yes,221655
Tata,2020-03-30,717957,Poor,3,Hybrid,139354,Yes,50000
Honda,2023-01-10,1642260,Excellent,5,Hybrid,112845,Yes,312800
Hyundai,2020-02-11,2116897,Excellent,2,Electric,19810,No,526923
Ford,2015-05-22,467475,Poor,3,Diesel,48948,No,50000
Mahindra,2017-03-12,719089,Poor,5,Petrol,8709,No,50000
Honda,2017-01-10,1543715,Excellent,3,Petrol,143520,No,101364
BMW,2023-07-08,618151,Average,1,Electric,34653,Yes,160063
Hyundai,2020-04-27,790742,Poor,3,Petrol,196190,Yes,50000
Toyota,2017-10-12,835027,Average,3,Diesel,92800,Yes,52752
Mahindra,2023-03-16,1005097,Poor,1,Petrol,65600,No,149969
Mahindra,2021-12-28,2261934,Poor,4,Diesel,193625,Yes,103066
Audi,2019-07-30,1217012,Poor,1,Electric,34614,Yes,124553
Toyota,2015-04-16,1317756,Excellent,3,Hybrid,97453,No,96476
Mahindra,2019-05-29,2611886,Excellent,5,Diesel,45488,No,391179
Tata,2023-04-27,1538484,Poor,4,Hybrid,180371,Yes,104362
Hyundai,2015-02-17,2359434,Poor,4,Hybrid,105387,Yes,68740
Ford,2017-02-04,2379628,Average,4,Diesel,29076,Yes,166089
Maruti,2023-10-23,2069065,Average,4,Petrol,182717,Yes,173853
Toyota,2024-01-28,379882,Good,1,Electric,195775,No,58765
Audi,2018-02-01,1862033,Excellent,1,Hybrid,175156,No,147163
Audi,2022-10-21,2411407,Poor,4,Hybrid,105255,No,272115
Mahindra,2017-07-30,1975039,Excellent,4,Hybrid,64176,No,230707
Tata,2021-04-18,2263089,Poor,5,Diesel,20269,Yes,227926
Maruti,2015-02-20,2768719,Average,2,Electric,10233,Yes,190421
Maruti,2015-10-21,2160727,Excellent,2,Electric,56873,No,231557
Mahindra,2017-02-15,1036877,Average,3,Petrol,145838,Yes,50000
Ford,2015-10-28,2585846,Good,1,Petrol,25133,No,227027
Honda,2019-01-12,2596198,Good,5,Electric,127754,Yes,210439
Tata,2015-06-17,934959,Good,2,Hybrid,112478,No,57305
Ford,2019-12-05,868967,Good,5,Diesel,52941,No,114571
Kia,2024-05-18,2205006,Good,1,Electric,54680,No,843543
BMW,2020-09-02,2844792,Average,2,Electric,29102,Yes,449832
Ford,2017-10-22,2826681,Poor,3,Diesel,101275,No,143362
Hyundai,2020-01-30,1548108,Good,4,Diesel,10375,No,260656
Ford,2018-05-22,2647556,Excellent,2,Diesel,117487,Yes,257509
Hyundai,2020-12-01,2699640,Good,4,Electric,67808,No,473275
Maruti,2016-01-19,696490,Average,2,Diesel,71528,Yes,50000
Maruti,2015-11-29,1520771,Average,3,Hybrid,25976,No,111101
BMW,2022-08-16,2177752,Good,3,Hybrid,190376,No,237050
Kia,2015-05-14,2163645,Average,5,Diesel,113310,No,82131
Kia,2018-01-09,2679960,Average,2,Hybrid,194259,No,112461
Ford,2022-06-13,1032814,Average,1,Diesel,196347,Yes,77484
Mahindra,2019-12-02,1836893,Excellent,1,Diesel,182677,No,172286
Audi,2019-08-28,2821533,Good,2,Petrol,42770,No,410777
Hyundai,2016-10-23,1473244,Excellent,4,Electric,69636,No,157678
Honda,2018-07-26,1392332,Poor,1,Petrol,188522,Yes,50000
Audi,2024-02-27,1661873,Good,5,Petrol,148285,No,249860
BMW,2019-11-15,764241,Excellent,2,Petrol,164848,No,72662
Ford,2023-04-01,2377434,Good,3,Petrol,121213,Yes,367883
Honda,2021-04-24,776946,Poor,4,Electric,154740,No,54512
BMW,2015-02-21,2161747,Average,1,Electric,5166,No,177009
Hyundai,2022-02-02,1001869,Good,4,Hybrid,44950,No,219700
Honda,2020-01-16,508657,Good,2,Petrol,175879,Yes,50000
Honda,2024-01-15,1780456,Excellent,2,Diesel,132903,Yes,397444
Ford,2024-03-31,2298665,Average,1,Hybrid,133626,Yes,395592
BMW,2017-08-01,1092970,Average,3,Petrol,110015,No,63584
Mahindra,2015-09-29,2079290,Excellent,4,Diesel,89349,No,150934
BMW,2020-01-31,2280039,Good,4,Petrol,77391,No,275515
Ford,2020-11-20,2542686,Poor,5,Hybrid,111175,No,191725
Tata,2016-08-16,1933481,Good,2,Hybrid,96522,No,155447
Toyota,2024-06-19,1979374,Poor,1,Diesel,97516,Yes,302069
Audi,2016-01-10,1491090,Good,4,Diesel,106829,Yes,77935
Hyundai,2015-04-01,1575883,Good,5,Hybrid,121320,No,74890
Toyota,2020-07-02,1607925,Good,5,Electric,145779,No,164682
Ford,2018-05-30,921123,Good,1,Hybrid,152604,Yes,67940
Toyota,2024-10-18,1014641,Average,2,Hybrid,181372,Yes,129353
Honda,2023-03-31,2315080,Good,3,Petrol,143072,No,349217
Toyota,2021-12-23,408889,Poor,5,Hybrid,185923,Yes,50000
Ford,2018-03-05,2234525,Poor,2,Electric,111783,No,136301
Hyundai,2023-05-29,1519463,Average,2,Hybrid,40169,Yes,338396
Audi,2023-06-13,1125688,Good,2,Electric,181638,No,169657
BMW,2015-03-15,532775,Average,3,Diesel,125901,No,50000
Toyota,2017-01-14,2279274,Good,2,Diesel,92640,No,187249
Toyota,2015-12-25,704336,Poor,3,Hybrid,28178,No,50000
Hyundai,2015-12-31,1879440,Good,4,Hybrid,33065,No,160167
BMW,2020-02-24,2091513,Excellent,2,Petrol,98545,No,310046
Maruti,2021-08-16,999555,Excellent,1,Petrol,170829,Yes,114421
Tata,2024-06-26,2619131,Good,5,Petrol,128490,No,469593
Hyundai,2019-04-14,2875784,Poor,2,Hybrid,171696,No,134784
Hyundai,2022-09-07,670316,Good,2,Diesel,58252,No,160796
Toyota,2020-06-12,2002746,Poor,4,Hybrid,53409,Yes,175536
Honda,2024-07-08,2417393,Poor,5,Petrol,63251,No,360896
Tata,2017-03-27,1164097,Poor,1,Diesel,189338,Yes,50000
Kia,2018-02-12,2024105,Excellent,5,Electric,93609,No,225900
Toyota,2021-08-01,2377101,Excellent,4,Hybrid,166023,No,302607
Toyota,2019-06-22,925126,Average,2,Hybrid,21572,No,129371
Toyota,2018-11-16,1069419,Poor,4,Hybrid,199340,No,50000
Kia,2022-02-20,2355361,Poor,3,Hybrid,24834,No,356864
Tata,2024-08-14,2530438,Average,2,Electric,20591,No,871427
Mahindra,2016-04-16,1840741,Poor,2,Hybrid,109116,No,78895
Ford,2020-08-20,2527604,Average,4,Petrol,28165,Yes,293811
Toyota,2024-03-24,550485,Good,4,Diesel,137343,No,102190
Audi,2020-11-19,1782213,Poor,2,Diesel,21380,Yes,198587
Toyota,2016-09-18,938589,Average,1,Diesel,186703,Yes,50000
Audi,2020-10-03,1560491,Good,5,Electric,188911,No,119992
BMW,2024-06-27,1482524,Poor,3,Petrol,68257,No,242538
BMW,2024-11-04,1945554,Good,4,Electric,40815,No,720958
Kia,2016-09-28,2200798,Good,5,Petrol,173862,No,82384
Hyundai,2015-12-07,1938853,Average,5,Electric,112920,No,91656
Ford,2023-12-10,1000243,Good,5,Petrol,48165,No,240999
BMW,2018-02-15,837228,Average,3,Hybrid,67791,Yes,66875
Mahindra,2021-07-07,347993,Poor,1,Diesel,191089,Yes,50000
BMW,2015-03-13,1110951,Good,1,Electric,29089,No,105417
Audi,2021-03-26,1220218,Good,4,Petrol,104654,Yes,140398
Tata,2022-12-15,1968456,Good,5,Electric,76872,No,434691
Mahindra,2021-12-08,2424381,Poor,2,Diesel,7083,Yes,336962
Kia,2018-09-21,1278629,Poor,5,Hybrid,11129,No,103709
Audi,2015-11-10,1218391,Good,2,Electric,79813,No,99423
Honda,2020-10-18,514951,Good,4,Diesel,162989,No,50000
Hyundai,2015-01-23,1118632,Poor,5,Diesel,21427,No,50000
Mahindra,2023-05-13,1774348,Average,2,Electric,16091,No,506121
Hyundai,2023-06-25,588922,Excellent,2,Electric,81417,No,197750
Audi,2022-08-13,2590969,Good,1,Petrol,95027,No,512000
Mahindra,2024-11-16,1664118,Good,3,Diesel,73905,No,505264
Kia,2019-10-28,1815811,Poor,5,Electric,86316,Yes,124600
Hyundai,2023-02-25,936419,Good,1,Electric,50748,No,298155
Maruti,2017-01-07,2428591,Excellent,4,Hybrid,50606,No,273962
Ford,2023-02-20,338956,Excellent,4,Petrol,31673,No,97376
Kia,2022-04-08,2286354,Excellent,5,Hybrid,39226,No,595970
Hyundai,2016-12-13,1445736,Poor,1,Electric,91409,Yes,75879
BMW,2015-07-21,727180,Average,4,Diesel,78048,No,50000
Honda,2020-02-17,2663353,Average,5,Hybrid,8302,No,365648
Toyota,2022-07-20,2170470,Good,1,Hybrid,136661,No,386461
Kia,2024-09-27,2920974,Average,4,Diesel,5306,Yes,768745
Maruti,2022-12-20,2721892,Good,3,Electric,66449,No,709370
Audi,2023-12-06,592314,Poor,1,Petrol,122326,No,75380
Tata,2024-06-08,2871428,Average,3,Petrol,189156,Yes,267355
BMW,2017-05-29,1677811,Good,3,Electric,28519,No,205760
Mahindra,2018-11-24,2372270,Average,4,Electric,151393,Yes,137970
Honda,2022-11-17,1391446,Excellent,3,Diesel,37163,No,425809
Kia,2024-07-28,2585495,Good,4,Hybrid,67177,No,775093
Tata,2024-03-27,731868,Excellent,5,Electric,17446,No,302492
BMW,2022-02-13,699565,Excellent,4,Hybrid,15052,No,206679
Kia,2018-12-08,551690,Poor,4,Electric,59700,Yes,50000
Kia,2022-05-14,766712,Good,4,Petrol,103255,Yes,106834
Kia,2020-07-19,2258362,Average,3,Petrol,29028,Yes,273154
BMW,2024-05-18,1734686,Excellent,3,Diesel,178720,Yes,281373
BMW,2024-12-09,1637034,Average,4,Petrol,157935,Yes,200254
Honda,2022-08-21,2807376,Excellent,4,Hybrid,99387,No,635200
Tata,2017-09-17,2221364,Poor,1,Electric,10178,Yes,183335
Mahindra,2019-04-08,1516025,Excellent,5,Electric,74169,No,223202
Toyota,2020-05-12,2581122,Excellent,4,Hybrid,77414,No,447573
Toyota,2017-10-04,572067,Average,1,Hybrid,197481,No,50000
Kia,2018-11-01,1201434,Excellent,5,Electric,86254,No,156046
Maruti,2019-05-08,569530,Good,1,Electric,14083,No,112071
Mahindra,2023-12-18,869700,Poor,5,Diesel,46742,Yes,122357
BMW,2021-03-24,1269797,Average,3,Electric,40737,Yes,199270
Maruti,2023-09-08,1166498,Good,3,Electric,92428,No,303624
Tata,2023-05-07,1861350,Good,3,Electric,30684,No,594834
Hyundai,2016-01-15,2829301,Excellent,4,Diesel,46049,No,259790
Mahindra,2019-04-29,920394,Good,2,Diesel,158894,Yes,67162
Kia,2018-10-03,2796288,Excellent,5,Petrol,34785,No,366359
Toyota,2024-03-27,788934,Excellent,3,Hybrid,97814,No,247056
Kia,2018-10-12,1255556,Good,4,Petrol,173344,Yes,62852
Hyundai,2022-06-16,2636079,Excellent,1,Diesel,35598,No,841906
Toyota,2024-02-15,1028698,Poor,2,Hybrid,73776,Yes,168111
Maruti,2021-11-01,805771,Average,4,Electric,115700,Yes,93715
Tata,2015-08-20,2848608,Good,4,Petrol,164627,No,101530
Kia,2023-11-02,2281834,Average,5,Electric,68073,No,483606
Audi,2016-07-10,879540,Excellent,1,Electric,20017,No,128453
Kia,2019-05-16,2220569,Good,5,Petrol,13640,No,289355
Audi,2017-11-14,2199484,Good,4,Petrol,78538,No,184516
Honda,2021-10-08,823766,Poor,1,Hybrid,10815,Yes,123516
Honda,2023-05-08,1371658,Average,5,Diesel,72029,Yes,209626
Hyundai,2018-02-28,2732463,Good,2,Hybrid,60622,No,331778
BMW,2015-07-15,2988150,Poor,3,Diesel,146134,Yes,72978
BMW,2016-10-19,1843817,Excellent,5,Petrol,39241,No,172828
Kia,2017-07-27,355565,Poor,3,Diesel,131617,Yes,50000
Kia,2022-05-27,753116,Excellent,5,Hybrid,129863,No,130903
Audi,2020-01-19,404997,Average,5,Electric,187154,Yes,50000
Maruti,2021-09-24,534159,Excellent,5,Electric,160594,Yes,65228
Toyota,2023-12-08,1075157,Average,4,Electric,114067,No,197231
Ford,2021-07-15,2953062,Good,3,Electric,179103,Yes,284064
Honda,2017-10-30,2967304,Excellent,2,Petrol,190553,No,163895
Mahindra,2020-05-26,2080612,Poor,4,Diesel,79759,No,168382
Tata,2018-01-28,510253,Average,3,Hybrid,150968,Yes,50000
Toyota,2018-04-21,772315,Poor,1,Diesel,116279,No,50000
Toyota,2024-11-03,2025923,Good,2,Petrol,26140,No,729791
Ford,2022-02-04,1780564,Good,1,Petrol,186002,Yes,161833
Hyundai,2021-12-13,2563435,Poor,1,Petrol,179101,No,160886
Tata,2016-03-09,2427534,Good,2,Hybrid,127485,Yes,138682
Audi,2022-03-08,2485985,Poor,1,Hybrid,31349,Yes,370366
Kia,2017-02-26,547994,Good,5,Hybrid,104114,No,50000
Ford,2020-06-17,824087,Good,4,Electric,60785,No,138174
Kia,2023-10-31,1173932,Poor,4,Electric,72816,No,194035
Audi,2015-01-27,1936779,Excellent,3,Petrol,122340,Yes,94559
Ford,2019-04-17,389242,Good,4,Diesel,16542,No,56421
Maruti,2020-12-30,1378864,Average,1,Electric,36092,Yes,235752
Ford,2020-06-08,1615919,Poor,2,Hybrid,43429,Yes,164408
Maruti,2019-02-11,422484,Good,3,Petrol,170137,No,50000
Honda,2020-01-26,1199929,Poor,3,Petrol,28992,Yes,100704
Hyundai,2018-09-07,1768815,Poor,4,Electric,171489,Yes,64444
Kia,2020-09-30,1833997,Excellent,5,Electric,68071,No,352839
BMW,2019-10-20,2797191,Good,5,Petrol,19137,No,383381
Toyota,2018-09-30,1033323,Average,3,Petrol,182593,Yes,50000
Toyota,2019-12-04,309712,Good,4,Electric,172423,Yes,50000
Maruti,2015-01-13,2631292,Excellent,2,Petrol,95054,No,172733
Audi,2024-08-02,2933662,Average,3,Hybrid,134452,No,530882
Audi,2023-04-14,1006537,Excellent,3,Electric,57584,No,343898
Hyundai,2015-12-01,1461935,Excellent,2,Electric,82387,No,142812
BMW,2018-09-26,1385738,Excellent,3,Electric,42838,No,239737
Mahindra,2015-02-20,795108,Poor,2,Petrol,183739,No,50000
Audi,2015-10-26,1675786,Excellent,3,Electric,112420,Yes,118402
BMW,2015-05-12,355880,Excellent,1,Electric,58155,No,50000
Mahindra,2017-09-28,1272190,Excellent,3,Diesel,140985,Yes,91944
Ford,2021-12-01,2436938,Poor,5,Electric,118903,Yes,199233
Honda,2015-07-27,625647,Poor,1,Diesel,80003,Yes,50000
Toyota,2015-09-28,1959651,Excellent,5,Electric,109471,No,137178
Kia,2018-08-18,2724521,Poor,2,Hybrid,5324,No,263671
BMW,2015-06-27,1472914,Good,1,Diesel,176407,Yes,53081
Honda,2021-05-05,1880444,Good,1,Diesel,71091,No,361476
Kia,2017-07-29,958929,Average,3,Hybrid,19341,Yes,84653
Hyundai,2018-10-15,2566658,Poor,5,Hybrid,96005,Yes,133733
Audi,2019-12-15,733598,Average,5,Electric,150908,No,53157
Honda,2024-04-30,1282596,Average,2,Diesel,60523,Yes,286771
Toyota,2018-07-28,1878595,Good,3,Hybrid,117598,Yes,158430
Kia,2017-06-19,1667585,Good,1,Diesel,177091,Yes,82462
Mahindra,2022-08-28,741466,Poor,2,Petrol,185008,Yes,50000
Hyundai,2017-08-20,2699091,Excellent,3,Petrol,166250,Yes,150502
Tata,2024-11-15,1925534,Excellent,3,Petrol,145456,Yes,402637
Ford,2015-09-01,727100,Poor,3,Hybrid,132191,Yes,50000
Ford,2024-09-07,1505698,Excellent,5,Hybrid,78662,No,493581
Mahindra,2015-06-25,2299254,Good,5,Hybrid,143672,No,99285
Hyundai,2019-06-01,1038918,Excellent,3,Petrol,74801,No,144753
Kia,2021-05-30,1985839,Excellent,1,Electric,67600,No,532979
Honda,2022-05-07,635373,Good,1,Electric,51891,No,176666
BMW,2022-11-11,828362,Good,3,Diesel,47501,No,202395
Maruti,2017-01-21,2032814,Good,3,Electric,49596,No,217203
Hyundai,2015-11-08,2939503,Excellent,4,Diesel,8976,No,300086
Kia,2015-09-08,1333829,Good,5,Petrol,112166,Yes,56349
Ford,2020-10-12,1387066,Poor,2,Hybrid,181968,No,76298
Tata,2024-04-20,2093467,Good,1,Hybrid,124633,No,532151
Honda,2024-12-09,2539218,Excellent,5,Diesel,151403,Yes,491442
Tata,2019-02-18,2629915,Excellent,2,Diesel,58037,No,425304
Audi,2016-03-21,2719889,Good,5,Hybrid,6123,No,248995
Maruti,2023-02-19,1685107,Poor,4,Petrol,124464,Yes,142448
Hyundai,2016-07-11,425018,Good,5,Diesel,82560,No,50000
Honda,2015-12-05,1448693,Good,4,Diesel,107468,No,82520
Ford,2022-08-27,2176614,Excellent,1,Electric,60287,No,737554
Hyundai,2022-04-05,2606128,Poor,5,Electric,186932,No,156268
Ford,2024-02-22,2995824,Good,4,Petrol,173741,Yes,357646
Tata,2022-05-01,2854554,Poor,5,Diesel,168504,No,177687
Tata,2015-09-14,2691797,Poor,5,Petrol,168992,No,53018
Hyundai,2022-04-21,2205813,Excellent,5,Electric,169512,Yes,276720
Tata,2016-04-22,1542648,Excellent,1,Diesel,99499,No,137438
Honda,2019-06-29,1778104,Average,5,Electric,26401,Yes,197373
Tata,2016-12-22,2084004,Average,1,Electric,29788,Yes,189679
Audi,2017-11-19,2557899,Poor,2,Petrol,157552,Yes,83487
Mahindra,2016-11-20,1109376,Poor,4,Electric,94067,Yes,50000
Mahindra,2022-12-29,1866862,Excellent,3,Electric,67575,No,583360
Ford,2016-07-17,882486,Excellent,3,Petrol,85982,No,73247
Mahindra,2021-05-15,1357863,Average,3,Diesel,87137,No,175541
Toyota,2023-08-07,2961547,Average,2,Diesel,103690,No,535513
BMW,2018-08-23,414489,Poor,2,Diesel,42359,Yes,50000
Toyota,2018-02-26,2849028,Excellent,1,Petrol,77347,No,355315
Ford,2019-07-16,718537,Poor,1,Diesel,156118,Yes,50000
BMW,2018-10-09,987998,Poor,3,Hybrid,82394,Yes,61612
Hyundai,2016-04-09,825675,Good,3,Hybrid,140440,Yes,50000
Honda,2015-02-24,2023140,Average,3,Petrol,77727,Yes,83420
Ford,2016-01-31,2921443,Excellent,2,Hybrid,116713,Yes,209214
Toyota,2015-07-08,677646,Excellent,4,Petrol,166726,Yes,50000
Ford,2024-01-08,2390497,Excellent,3,Electric,41437,No,981999
Toyota,2018-07-27,327270,Excellent,4,Diesel,113284,No,50000
Mahindra,2024-02-14,1121457,Average,4,Petrol,9414,Yes,245626
Maruti,2019-01-21,855577,Average,3,Electric,43964,Yes,93150
Hyundai,2017-10-18,1796126,Average,2,Electric,39247,No,190316
Ford,2015-08-30,1344050,Good,3,Diesel,79485,No,88920
Toyota,2018-08-22,1750622,Good,5,Petrol,123543,No,124811
Ford,2024-12-25,2404647,Good,3,Petrol,5787,No,902266
Tata,2016-02-05,2695266,Poor,5,Electric,134940,No,86595
Toyota,2022-06-23,1356684,Average,1,Petrol,123781,No,180248
Toyota,2015-10-02,2672926,Poor,5,Hybrid,70951,No,106041
Audi,2021-03-17,1715341,Excellent,3,Petrol,199334,No,143012
Hyundai,2016-02-14,2548883,Poor,1,Hybrid,151384,No,87094
Hyundai,2024-08-31,713641,Average,4,Petrol,40973,Yes,152238
Hyundai,2016-08-16,1394336,Average,3,Petrol,96335,Yes,66968
Hyundai,2023-02-15,2731347,Excellent,4,Electric,85210,No,761011
Tata,2022-06-27,1169738,Poor,3,Diesel,44318,Yes,147031
Audi,2017-09-08,904618,Excellent,5,Petrol,23474,No,103875
Maruti,2016-05-09,2521853,Excellent,1,Electric,77004,No,285356
Mahindra,2021-01-28,2619257,Average,3,Petrol,28983,Yes,345291
Tata,2021-05-01,2193892,Excellent,1,Diesel,188041,No,247080
Toyota,2024-02-13,397595,Good,3,Diesel,110474,Yes,80506
Toyota,2022-02-06,1683499,Excellent,5,Electric,77365,No,387396
Tata,2024-02-27,888959,Average,5,Hybrid,31365,Yes,194732
Honda,2017-05-10,1344924,Excellent,5,Diesel,70909,No,129892
Maruti,2020-04-06,350613,Excellent,4,Diesel,167996,Yes,50000
Honda,2017-11-29,2281244,Excellent,2,Diesel,88437,No,264470
Hyundai,2020-07-17,1577681,Excellent,2,Hybrid,81665,No,308864
BMW,2020-06-09,1105998,Poor,2,Electric,107389,No,99772
Kia,2020-07-15,2900569,Poor,5,Petrol,138366,Yes,139264
BMW,2018-06-24,2656887,Good,4,Hybrid,150578,Yes,170752
BMW,2023-05-04,1340518,Excellent,3,Electric,133009,No,318326
Toyota,2024-03-16,2909157,Good,2,Hybrid,173306,Yes,449720
Mahindra,2018-02-05,2393273,Average,2,Petrol,184861,No,96844
Kia,2019-03-31,751663,Average,5,Electric,162673,No,50000
Tata,2020-12-28,1588756,Excellent,3,Diesel,61810,No,324197
Tata,2016-04-18,2838917,Good,4,Hybrid,43710,No,243838
Kia,2024-10-02,675719,Average,1,Electric,153467,Yes,118165
Mahindra,2017-11-24,1624625,Average,4,Electric,62715,No,142489
Tata,2017-02-06,1183699,Excellent,1,Hybrid,148643,Yes,86959
Maruti,2022-04-02,1001292,Poor,2,Diesel,17058,No,157213
Toyota,2015-09-02,452930,Poor,3,Diesel,173041,Yes,50000
Ford,2023-03-14,1248508,Good,3,Electric,128317,No,248303
Audi,2017-12-26,1820164,Excellent,5,Electric,82067,No,209963
BMW,2023-06-23,2121758,Average,1,Electric,19723,Yes,576457
Honda,2019-10-19,1194290,Good,1,Electric,188898,Yes,88415
Mahindra,2017-09-16,1383684,Good,2,Electric,30476,No,186752
Honda,2021-02-17,2975415,Poor,3,Diesel,122168,Yes,208670
Tata,2019-03-15,2136552,Good,2,Diesel,95797,No,245718
Audi,2016-07-29,2983531,Average,3,Petrol,115190,No,143324
Kia,2015-11-11,1462557,Poor,2,Electric,21538,Yes,81541
Tata,2023-01-06,2320645,Excellent,1,Diesel,169122,No,401757
Kia,2017-06-02,1097939,Poor,1,Electric,94686,Yes,61207
Toyota,2015-04-18,841571,Average,3,Electric,8982,Yes,56485
Tata,2016-01-31,2277730,Poor,5,Hybrid,13803,Yes,107242
Mahindra,2024-08-13,2592957,Poor,3,Hybrid,154876,Yes,279016
Tata,2020-12-12,582412,Average,2,Hybrid,164518,Yes,50000
Tata,2017-07-18,1808514,Excellent,5,Electric,180503,No,106477
Ford,2023-05-03,932076,Excellent,5,Electric,160599,Yes,147747
Tata,2023-04-19,1368680,Excellent,4,Petrol,199229,No,151530
Mahindra,2015-02-03,2384786,Excellent,1,Hybrid,143933,Yes,130286
Hyundai,2021-01-26,2039297,Poor,1,Petrol,42252,Yes,212872
Kia,2015-05-19,2536521,Good,4,Petrol,176591,No,79073
Maruti,2017-03-27,1807037,Good,4,Diesel,104962,No,129003
Tata,2015-03-13,1536820,Poor,1,Electric,171424,Yes,50000
Mahindra,2024-04-28,918856,Good,3,Diesel,146252,Yes,156056
Tata,2023-05-08,1102465,Average,2,Electric,133908,No,183562
Toyota,2017-03-11,2086848,Poor,2,Petrol,182900,No,55585
Toyota,2020-10-15,1344789,Poor,1,Diesel,18216,No,174508
Ford,2024-02-12,642335,Poor,3,Electric,125579,Yes,81357
BMW,2024-09-16,1497780,Good,1,Diesel,83041,No,471879
Audi,2024-07-27,864303,Poor,2,Petrol,6015,Yes,172698
BMW,2018-10-28,942932,Average,3,Electric,158663,No,60628
Honda,2024-02-22,860411,Poor,2,Petrol,75963,No,135804
Audi,2016-08-31,2890741,Good,5,Diesel,197271,Yes,83928
Hyundai,2015-11-06,1917869,Poor,3,Hybrid,177834,Yes,50000
Toyota,2023-10-09,2609350,Poor,2,Electric,166446,Yes,252547
Maruti,2018-11-03,2948479,Poor,2,Diesel,16314,Yes,239865
Kia,2022-08-30,654268,Excellent,3,Diesel,191506,No,79789
Ford,2018-06-19,2114120,Good,3,Diesel,164436,No,135655
Mahindra,2019-06-22,1354016,Excellent,2,Diesel,178205,No,116477
Kia,2016-03-28,2767369,Poor,1,Hybrid,38630,No,169516
Audi,2019-11-04,1157662,Average,4,Hybrid,93941,Yes,102457
Kia,2021-04-10,2041954,Excellent,5,Diesel,150836,No,242830
Toyota,2022-10-04,1787167,Poor,2,Diesel,12910,Yes,278247
Mahindra,2020-08-07,1730496,Excellent,5,Petrol,112973,No,215841
Honda,2023-10-17,1758185,Good,5,Hybrid,5893,No,551968
Hyundai,2017-12-17,1548826,Good,5,Hybrid,169191,Yes,75395
Audi,2020-04-30,2916645,Average,4,Petrol,144173,Yes,184894
Audi,2024-06-03,2203421,Average,5,Electric,155939,No,319067
Maruti,2016-05-18,502703,Excellent,3,Hybrid,159438,Yes,50000
Toyota,2021-07-01,2874858,Excellent,3,Petrol,58496,No,602809
Maruti,2022-01-13,775238,Poor,2,Hybrid,40871,No,114798
Tata,2024-09-12,1179249,Average,3,Petrol,29987,Yes,279147
Kia,2020-04-15,406674,Poor,4,Diesel,11802,Yes,50000
Hyundai,2024-10-06,2285884,Average,3,Diesel,149222,Yes,327220
Honda,2023-03-16,1578377,Good,4,Diesel,170075,No,198140
Mahindra,2018-01-26,899913,Average,4,Electric,183129,Yes,50000
Honda,2021-06-19,1242645,Excellent,4,Petrol,65974,No,237195
Maruti,2015-08-20,1651319,Average,5,Hybrid,89431,Yes,70900
Honda,2016-05-04,763588,Good,1,Diesel,69345,No,65567
Toyota,2018-07-24,602406,Poor,1,Hybrid,116161,No,50000
Toyota,2023-07-02,1135376,Excellent,4,Hybrid,43750,No,377543
Ford,2020-04-06,1958812,Poor,3,Petrol,168571,No,91428
Honda,2020-12-29,1313623,Good,3,Hybrid,157744,Yes,128130
Hyundai,2024-08-28,405780,Excellent,4,Electric,91786,No,140633
Kia,2015-02-06,1687523,Good,1,Hybrid,113705,Yes,91830
Honda,2015-07-26,2494191,Excellent,1,Diesel,197242,No,100940
Honda,2022-06-22,1738969,Poor,4,Hybrid,7581,No,279200
Audi,2019-10-14,2626818,Poor,3,Hybrid,157503,Yes,126481
Toyota,2017-09-18,1509656,Good,5,Diesel,6824,No,164829
Kia,2024-11-12,2759747,Average,2,Electric,65211,Yes,748149
Maruti,2016-05-31,2109189,Poor,2,Petrol,153270,No,62034
Kia,2024-08-31,488696,Poor,2,Electric,129072,Yes,70022
Kia,2015-03-19,2926069,Good,2,Petrol,83407,No,174134
Tata,2021-12-16,1188157,Excellent,1,Hybrid,67109,No,328777
Honda,2021-06-18,2190047,Excellent,3,Electric,192407,No,246992
Mahindra,2018-06-19,1901465,Average,5,Diesel,135766,Yes,94601
Kia,2023-03-07,1080933,Good,2,Diesel,52175,No,288122
Kia,2021-07-25,1213240,Poor,4,Hybrid,178763,Yes,62696
Hyundai,2017-09-11,1005084,Poor,5,Diesel,121256,Yes,50000
Hyundai,2021-10-12,981839,Poor,4,Petrol,91366,Yes,79135
Honda,2015-03-12,626930,Good,1,Hybrid,9700,No,59970
Mahindra,2018-02-17,2316079,Excellent,1,Hybrid,25665,No,405111
Ford,2022-08-18,2258170,Average,4,Petrol,183344,Yes,155773
Audi,2022-03-20,412517,Good,2,Petrol,22386,No,98284
Tata,2023-04-04,2423655,Excellent,4,Hybrid,36174,No,797520
Maruti,2018-10-04,1511652,Average,5,Diesel,111473,Yes,90544
Honda,2019-01-22,1933721,Good,5,Petrol,133167,Yes,125582
Toyota,2020-02-14,898431,Good,3,Hybrid,62943,No,140773
Toyota,2017-09-30,2337237,Good,3,Electric,184218,Yes,116263
Audi,2022-10-30,2673718,Poor,1,Electric,29016,No,526897
Honda,2015-08-20,2218870,Good,3,Petrol,189370,Yes,61588
Tata,2015-11-17,609298,Average,2,Electric,6305,No,53220
Toyota,2016-12-21,2724539,Poor,1,Diesel,107868,No,129591
Hyundai,2018-02-19,1251906,Average,1,Hybrid,161458,Yes,66409
BMW,2018-08-13,2221905,Good,4,Diesel,97972,No,205642
Hyundai,2022-12-26,2738109,Excellent,2,Hybrid,36522,No,962296
Audi,2020-05-28,2562154,Poor,5,Petrol,179263,Yes,89947
BMW,2016-07-11,1801259,Excellent,3,Electric,189893,Yes,83835
Mahindra,2024-09-25,2479347,Excellent,1,Diesel,179868,No,521102
Audi,2017-05-01,2553457,Poor,5,Diesel,167404,Yes,63974
Ford,2018-10-03,671350,Poor,2,Electric,58928,Yes,51878
BMW,2020-02-16,301452,Poor,3,Petrol,176418,Yes,50000
Honda,2015-04-07,1041572,Good,2,Petrol,102500,No,57001
Toyota,2021-12-19,2350124,Good,4,Electric,54325,No,516980
Mahindra,2019-11-26,2334698,Poor,1,Diesel,185307,Yes,96073
Maruti,2017-06-22,2160516,Poor,4,Electric,136068,Yes,82473
Hyundai,2022-09-23,1716681,Excellent,1,Diesel,71633,No,494888
Hyundai,2022-12-27,2634268,Average,2,Electric,90940,Yes,468509
Audi,2023-08-06,1720086,Poor,4,Petrol,157829,No,141016
Tata,2019-02-28,1209515,Excellent,3,Diesel,85852,No,164735
Hyundai,2022-06-01,1161361,Average,1,Petrol,58646,Yes,188343
Ford,2019-11-05,2839225,Poor,2,Electric,63509,No,285514
Hyundai,2015-12-08,1604197,Average,1,Electric,46180,No,128669
Honda,2019-08-15,1040996,Average,4,Hybrid,168001,Yes,56927
BMW,2015-11-03,1294916,Poor,3,Petrol,51729,No,55600
Audi,2021-12-31,1933503,Average,1,Hybrid,63467,Yes,328219
Mahindra,2021-10-11,1482017,Poor,2,Electric,123523,No,152291
Audi,2024-09-08,708856,Poor,2,Diesel,54967,Yes,128931
Ford,2023-08-10,2797192,Excellent,3,Hybrid,93736,No,806629
Audi,2023-01-14,1618460,Good,2,Hybrid,33987,No,482627
Kia,2021-07-19,399334,Average,2,Hybrid,184389,No,50000
BMW,2018-08-09,2905011,Poor,2,Petrol,23647,No,229777
Hyundai,2023-11-08,1930065,Poor,2,Electric,184415,No,182047
Maruti,2019-08-18,1505732,Poor,4,Electric,160463,Yes,69456
BMW,2022-11-14,2014256,Poor,3,Petrol,23582,Yes,271902
Hyundai,2017-10-19,1811280,Good,2,Diesel,189145,Yes,81028
BMW,2022-08-10,2211128,Good,2,Diesel,31684,No,581405
Honda,2017-08-09,2906016,Excellent,4,Diesel,121139,No,242446
Kia,2015-05-25,1015977,Excellent,1,Diesel,192517,Yes,50000
Tata,2016-12-09,2642604,Average,4,Hybrid,56533,Yes,172371
BMW,2021-12-23,2811832,Poor,5,Electric,67014,Yes,298661
BMW,2017-12-10,2971226,Poor,2,Petrol,74780,Yes,154769
Kia,2020-12-30,2622221,Excellent,1,Hybrid,118088,No,484766
Honda,2022-02-25,1637246,Good,1,Electric,116341,Yes,293847
Audi,2017-02-03,1858686,Excellent,5,Petrol,51524,No,174116
Mahindra,2019-09-03,1099094,Average,3,Electric,103563,Yes,101482
Hyundai,2015-05-06,2502170,Excellent,5,Electric,139220,No,138565
Audi,2019-02-19,907000,Poor,3,Electric,107797,No,62577
Tata,2019-03-15,844258,Poor,1,Hybrid,43760,No,82080
Ford,2016-12-13,950364,Average,4,Petrol,48249,No,62430
Mahindra,2023-04-06,2637164,Average,5,Diesel,145619,No,298966
Tata,2017-02-05,341748,Poor,5,Hybrid,187310,No,50000
Toyota,2022-10-02,1995807,Poor,5,Hybrid,85720,Yes,208140
Maruti,2022-02-28,2059271,Poor,5,Electric,20002,No,300914
Mahindra,2019-08-08,2874504,Poor,1,Electric,191515,Yes,120741
Hyundai,2021-10-27,1184035,Excellent,4,Diesel,19784,No,307223
Audi,2016-10-10,1395956,Poor,3,Electric,61054,Yes,73413
Hyundai,2023-07-31,2511723,Good,2,Petrol,81471,No,588008
Tata,2017-07-14,364645,Poor,4,Electric,164797,No,50000
Kia,2024-12-28,2997155,Good,1,Hybrid,109995,Yes,831128
Kia,2015-09-15,2759484,Excellent,2,Electric,155025,No,173534
Kia,2024-12-03,2782138,Average,3,Diesel,105947,No,584413
Audi,2022-03-13,829439,Poor,2,Petrol,175019,No,53214
Ford,2019-06-10,1100761,Good,3,Diesel,32025,No,163603
BMW,2020-01-24,686962,Excellent,3,Electric,73026,No,130179
Tata,2015-04-12,1957384,Excellent,3,Electric,85035,No,161309
Audi,2021-11-27,1030818,Excellent,2,Electric,38352,No,320740
Toyota,2015-07-13,2498945,Poor,2,Petrol,92845,Yes,80878
Maruti,2017-03-18,2459262,Good,1,Electric,138738,No,192775
Ford,2024-05-23,2117796,Poor,3,Electric,25571,No,490500
Honda,2019-12-21,876285,Excellent,1,Petrol,27400,No,179748
BMW,2024-09-01,2103618,Excellent,4,Electric,15555,No,997763
Honda,2024-03-27,916643,Average,2,Electric,75751,Yes,214237
Ford,2022-11-12,1928525,Good,5,Electric,164039,Yes,230145
Mahindra,2018-08-18,2116019,Poor,1,Electric,73086,Yes,158729
Tata,2018-05-04,1175591,Poor,3,Electric,70446,Yes,76588
Ford,2018-06-01,1342168,Excellent,3,Hybrid,199861,No,80779
Kia,2015-08-28,2749739,Good,3,Electric,96898,No,189726
Toyota,2022-12-30,2678478,Excellent,4,Diesel,146439,Yes,414921
Maruti,2024-01-28,2977430,Poor,4,Hybrid,23643,Yes,527589
Toyota,2020-04-25,409821,Poor,1,Hybrid,171625,Yes,50000
Ford,2023-07-02,524003,Excellent,1,Petrol,31474,No,187963
Tata,2023-03-03,2863711,Good,3,Diesel,101508,Yes,520347
Tata,2022-12-30,2133861,Average,1,Electric,123209,Yes,338275
Audi,2017-04-21,2638689,Excellent,5,Hybrid,132471,No,197110
Hyundai,2021-12-22,2418695,Average,3,Diesel,37302,Yes,383211
Mahindra,2020-01-07,2945275,Average,4,Hybrid,33001,Yes,347520
Audi,2016-05-05,879037,Average,2,Hybrid,38014,Yes,62578
Hyundai,2016-02-09,2135719,Poor,4,Petrol,63459,Yes,77576
Ford,2016-01-10,2613226,Excellent,2,Hybrid,14940,No,320386
Kia,2017-06-01,1765897,Poor,1,Hybrid,132574,Yes,75521
Honda,2022-05-01,1222389,Poor,1,Electric,146499,Yes,113249
Tata,2023-01-25,2799730,Poor,3,Petrol,13283,Yes,404784
Maruti,2019-11-24,2732586,Excellent,2,Diesel,63853,No,488334
Tata,2020-11-22,1633426,Average,2,Electric,105127,No,214025
Ford,2019-03-18,1312564,Average,1,Diesel,6102,No,183200
Honda,2015-06-22,537747,Good,1,Diesel,77177,No,50000
Maruti,2024-11-11,1289888,Poor,2,Petrol,143938,No,159439
Maruti,2024-01-27,2110117,Excellent,2,Electric,27801,No,971415
Ford,2018-11-16,2154636,Excellent,3,Electric,160477,No,206884
Tata,2024-01-23,1613746,Excellent,2,Diesel,66805,No,560576
Toyota,2024-01-11,2399560,Average,4,Petrol,129187,Yes,304295
Audi,2024-04-07,827374,Good,3,Diesel,158329,Yes,128276
Kia,2017-10-06,1469172,Good,3,Diesel,18296,No,174794
Audi,2021-08-22,2167971,Good,4,Petrol,45261,No,386223
Kia,2024-04-29,1400344,Poor,4,Electric,174969,Yes,124267
Tata,2024-06-16,2249393,Good,5,Electric,77510,No,632467
Hyundai,2019-11-21,2637172,Poor,1,Petrol,172056,No,125262
Tata,2020-08-04,819704,Excellent,3,Electric,37405,No,195838
Kia,2018-05-13,312697,Excellent,5,Diesel,64456,No,50000
Hyundai,2019-09-15,2810057,Poor,1,Hybrid,79127,Yes,230038
Honda,2019-02-11,2993031,Good,4,Electric,7967,No,492119
Toyota,2016-11-18,1182279,Excellent,5,Electric,125493,Yes,82140
Tata,2021-07-01,1021225,Poor,3,Diesel,152442,Yes,63081
Maruti,2022-07-29,2300574,Good,4,Hybrid,171882,No,274200
Toyota,2017-09-01,2108236,Average,2,Petrol,143146,No,108371
Hyundai,2017-09-21,1544425,Good,3,Petrol,135530,Yes,89514
Honda,2023-07-15,2307358,Average,3,Petrol,17162,No,526102
Hyundai,2019-01-24,1547379,Excellent,4,Electric,85981,No,221961
Mahindra,2017-11-17,405181,Average,2,Hybrid,35410,No,50000
Tata,2020-10-08,2825687,Poor,2,Petrol,54029,No,282918
Audi,2017-06-07,1050836,Good,4,Diesel,85179,No,85320
Ford,2016-04-21,2530556,Average,4,Hybrid,46895,No,171951
Mahindra,2019-12-04,1010199,Average,3,Electric,167650,Yes,65471
Toyota,2024-01-22,907548,Excellent,5,Diesel,50194,No,284266
Audi,2023-12-09,1274133,Excellent,4,Hybrid,97822,No,358964
Tata,2015-08-12,1513379,Poor,4,Petrol,173024,No,50000
Mahindra,2017-04-15,1162714,Good,3,Petrol,83610,No,91782
Toyota,2024-11-25,1513765,Poor,1,Petrol,136415,Yes,186970
Tata,2020-12-04,1114165,Poor,2,Petrol,82999,No,100945
Ford,2021-12-24,1033036,Good,5,Electric,54798,No,213943
Kia,2019-05-09,1156438,Poor,4,Diesel,117109,Yes,58979
Ford,2015-02-14,2185528,Good,3,Electric,190230,No,74722
Kia,2020-01-18,1718516,Good,2,Petrol,12144,No,298387
Maruti,2023-08-12,343221,Excellent,5,Diesel,146283,Yes,55369
BMW,2023-07-26,1220724,Good,4,Electric,54239,No,348403
Audi,2021-11-07,1673888,Good,4,Hybrid,27754,No,376929
BMW,2024-08-07,748984,Excellent,1,Diesel,83300,No,277832
BMW,2016-06-13,1258111,Average,2,Hybrid,65673,Yes,81512
Hyundai,2023-09-13,1365639,Excellent,4,Electric,160870,Yes,243561
Audi,2021-10-08,2458220,Average,4,Hybrid,39437,Yes,376388
BMW,2024-07-10,1180445,Poor,1,Hybrid,106960,Yes,184914
Maruti,2022-10-01,2531703,Poor,2,Petrol,123705,Yes,225609
Mahindra,2021-01-02,1143601,Excellent,4,Diesel,15366,No,263957
Toyota,2016-08-21,1491837,Excellent,5,Hybrid,140085,Yes,85920
Mahindra,2024-02-12,2346766,Average,3,Electric,30153,Yes,613145
Ford,2017-07-29,2970666,Excellent,1,Electric,16626,No,520988
Audi,2019-10-31,1424820,Good,3,Diesel,127858,No,144978
Honda,2016-08-04,2217416,Average,3,Petrol,160133,No,80832
Tata,2019-10-18,1635972,Average,4,Electric,136638,Yes,121042
Honda,2018-11-03,2735488,Average,4,Electric,43412,Yes,272141
Maruti,2017-10-06,2339020,Good,5,Electric,25479,No,273196
Toyota,2022-01-14,1660948,Excellent,4,Electric,135056,Yes,268019
Hyundai,2023-08-09,1229062,Poor,2,Petrol,95146,No,162484
Tata,2020-03-23,1729031,Average,2,Petrol,166057,No,115036
Toyota,2017-07-09,1591027,Average,1,Electric,20966,No,181547
Kia,2015-08-23,2793788,Average,1,Diesel,64499,No,174916
Toyota,2017-05-26,1071191,Average,2,Electric,170978,Yes,50000
Ford,2016-01-14,537444,Poor,1,Petrol,186158,No,50000
Maruti,2018-03-10,1381436,Poor,5,Electric,20002,Yes,95217
Mahindra,2016-04-11,1742817,Average,1,Electric,113756,No,108442
Toyota,2018-04-20,624614,Excellent,5,Diesel,56325,No,74819
Audi,2024-07-28,1235445,Excellent,4,Hybrid,157858,No,271338
Honda,2024-12-10,1621855,Average,5,Hybrid,48602,Yes,377804
BMW,2016-01-08,691845,Good,4,Electric,138473,Yes,50000
Toyota,2021-09-11,1143352,Excellent,2,Electric,194713,Yes,124497
Honda,2023-10-10,1881245,Average,2,Electric,124910,No,353793
Audi,2015-07-01,2024442,Poor,5,Petrol,175192,No,50000
Tata,2019-03-06,2890927,Good,4,Diesel,16035,No,412021
BMW,2021-08-19,2230195,Excellent,5,Hybrid,80192,No,441916
Ford,2024-11-08,2961337,Good,3,Diesel,20636,No,1107018
Hyundai,2017-04-07,871725,Excellent,4,Electric,181179,Yes,50000
Hyundai,2018-01-31,1563141,Average,5,Hybrid,163038,No,72252
Mahindra,2017-07-13,2786618,Average,1,Electric,10816,Yes,297114
Toyota,2021-01-12,2352272,Excellent,3,Diesel,197034,Yes,187998
Honda,2019-08-28,1714652,Excellent,3,Diesel,7764,No,345439
Mahindra,2015-09-16,315444,Average,5,Petrol,108251,Yes,50000
Audi,2024-02-04,2200395,Average,2,Petrol,38970,Yes,481704
Maruti,2022-08-09,487096,Good,1,Electric,26031,No,155946
BMW,2017-11-21,968380,Average,2,Electric,86364,Yes,76815
Audi,2019-03-31,1596556,Average,5,Electric,149203,Yes,93840
Ford,2021-12-19,1028227,Poor,2,Hybrid,127425,No,100280
BMW,2018-06-22,1987934,Excellent,5,Electric,16980,No,322366
Audi,2017-01-20,2176105,Average,4,Electric,77122,Yes,140666
Hyundai,2015-05-20,2119466,Poor,2,Diesel,60724,Yes,82875
Honda,2015-07-16,2340049,Excellent,4,Electric,104924,Yes,155179
Hyundai,2021-08-20,1670250,Average,2,Diesel,86535,No,238654
BMW,2023-02-01,941206,Average,2,Electric,185874,Yes,92857
Audi,2015-12-19,2045330,Poor,3,Diesel,113773,No,72039
Toyota,2019-06-16,777455,Average,2,Diesel,179393,Yes,50000
Ford,2020-07-24,2122980,Poor,5,Diesel,122465,Yes,120436
Honda,2022-04-27,580827,Good,1,Petrol,168711,Yes,63058
Toyota,2017-04-21,2096567,Good,2,Hybrid,136457,No,151295
Audi,2017-04-01,1499717,Poor,4,Hybrid,88509,Yes,67020
Ford,2021-01-30,2119724,Excellent,5,Diesel,76977,No,365330
Toyota,2020-01-12,2921174,Good,1,Electric,99649,No,450026
Honda,2018-07-07,915369,Good,2,Electric,21790,No,145362
Honda,2019-03-31,1338792,Poor,4,Electric,176476,No,57072
Audi,2022-01-22,1569880,Average,5,Electric,194313,Yes,102208
BMW,2017-09-27,2602585,Average,5,Diesel,26436,No,212971
Hyundai,2016-01-07,1946412,Good,3,Hybrid,132010,Yes,99788
Maruti,2023-01-04,2852621,Average,2,Hybrid,63225,Yes,542732
Mahindra,2019-12-27,1643945,Good,4,Electric,193326,No,113804
Maruti,2024-02-16,893450,Average,3,Petrol,98144,No,160065
Tata,2021-07-10,2227179,Excellent,4,Hybrid,80104,No,460808
Hyundai,2018-02-19,1166608,Good,1,Diesel,86493,No,124180
Audi,2019-07-09,532483,Excellent,3,Hybrid,168425,Yes,50000
Mahindra,2016-07-24,2013350,Poor,1,Petrol,19789,No,121932
Audi,2020-06-18,2955375,Good,5,Diesel,172758,Yes,197087
Hyundai,2018-06-13,2706273,Average,4,Electric,82149,Yes,214487
Ford,2020-04-11,1767740,Excellent,3,Hybrid,193606,No,153011
BMW,2023-07-21,710444,Poor,3,Electric,39635,No,136167
Maruti,2024-05-23,2647159,Good,3,Petrol,178525,Yes,335245
Hyundai,2019-07-26,2351441,Excellent,5,Electric,170364,No,208615
Toyota,2020-09-02,2303644,Excellent,1,Petrol,92179,No,403741
Honda,2022-12-06,1602404,Average,5,Petrol,87335,No,221308
Audi,2016-03-24,1109761,Excellent,3,Diesel,116193,Yes,72475
Hyundai,2020-12-05,2621800,Average,4,Petrol,184060,No,151473
Honda,2015-03-23,2868681,Average,3,Diesel,140071,Yes,92289
Kia,2015-04-15,2624135,Poor,3,Petrol,44037,No,106171
Mahindra,2018-07-11,799083,Good,3,Petrol,101946,Yes,63543
Kia,2020-11-28,1258706,Excellent,1,Diesel,62501,No,280783
BMW,2021-07-21,1613106,Excellent,2,Diesel,89661,No,336150
Mahindra,2016-06-09,2870596,Good,2,Diesel,141682,No,163324
Honda,2015-10-06,2311914,Excellent,5,Petrol,91449,No,146404
Ford,2024-03-12,981641,Average,2,Hybrid,174472,No,133409
Tata,2016-09-19,1976018,Good,3,Hybrid,24559,No,206842
Toyota,2021-01-02,578313,Average,5,Petrol,132812,Yes,50000
Mahindra,2018-02-19,1173753,Good,2,Electric,38044,No,165045
Audi,2021-11-07,1374842,Excellent,2,Hybrid,83502,No,330190
Ford,2015-08-03,854127,Poor,3,Petrol,121947,No,50000
Toyota,2018-07-21,884641,Average,4,Electric,11411,Yes,94463
Ford,2019-07-15,2889210,Excellent,4,Petrol,112775,No,322337
Tata,2021-11-06,394320,Average,4,Diesel,199225,Yes,50000
Toyota,2015-01-28,1888773,Poor,2,Diesel,85779,No,69894
Tata,2024-11-26,2809046,Average,4,Petrol,82180,Yes,523816
BMW,2020-06-29,1921888,Good,3,Diesel,189586,No,139703
Audi,2018-11-27,2055388,Poor,3,Electric,128871,Yes,109462
Toyota,2023-03-19,1950161,Poor,2,Diesel,143498,Yes,178212
Mahindra,2020-07-01,799376,Average,4,Electric,9360,No,131090
Maruti,2020-04-02,2923860,Good,4,Electric,172411,Yes,227500
Toyota,2017-07-28,2078292,Average,1,Diesel,198751,Yes,68914
Honda,2024-09-05,1613865,Poor,4,Diesel,40491,Yes,277786
Audi,2022-01-17,1831194,Excellent,5,Petrol,105534,Yes,270384
Hyundai,2023-04-20,2652432,Good,1,Petrol,103811,No,560756
Ford,2019-11-05,1095925,Good,3,Electric,137234,Yes,107787
Mahindra,2024-07-14,1942180,Poor,5,Diesel,170916,Yes,152853
Hyundai,2021-11-27,1605992,Poor,4,Hybrid,118322,No,146095
Hyundai,2015-03-31,2414819,Average,4,Petrol,68744,Yes,99375
Audi,2020-02-05,535892,Excellent,1,Petrol,156572,Yes,53130
Mahindra,2019-06-05,673305,Good,4,Hybrid,131094,Yes,57061
Hyundai,2016-07-26,2804100,Good,3,Electric,11177,No,319109
Toyota,2022-10-05,2179383,Good,1,Electric,130656,No,442369
Maruti,2016-05-16,2199288,Excellent,2,Hybrid,167831,Yes,119061
Toyota,2018-07-12,2260204,Good,1,Petrol,86461,No,239348
Tata,2022-10-01,1576505,Average,2,Petrol,113876,Yes,197761
Audi,2018-02-19,1290785,Poor,3,Electric,156167,Yes,50982
Toyota,2020-02-15,731616,Poor,4,Petrol,177288,Yes,50000
Tata,2020-12-10,421864,Average,4,Diesel,169819,Yes,50000
Hyundai,2022-07-24,1277180,Poor,1,Hybrid,14634,Yes,214923
Maruti,2021-02-26,2782717,Poor,5,Electric,126079,No,214500
Tata,2015-01-22,1252679,Good,3,Electric,121472,Yes,62051
Audi,2023-07-24,1297477,Excellent,5,Hybrid,68881,No,369848
Audi,2016-09-12,1307364,Poor,1,Diesel,142745,No,50000
Toyota,2017-02-08,750754,Poor,1,Diesel,61102,Yes,50000
Honda,2015-10-11,1704328,Excellent,5,Electric,66548,No,147031
Kia,2024-01-16,1355405,Poor,1,Electric,94965,Yes,221549
Maruti,2019-09-17,1425003,Poor,1,Hybrid,179694,No,70662
Maruti,2022-01-24,2602713,Average,3,Petrol,64387,No,389226
Kia,2019-04-22,1722956,Excellent,2,Electric,131741,No,225840
Tata,2022-06-07,2442625,Poor,4,Hybrid,24612,Yes,330188
Toyota,2019-11-18,1826602,Poor,2,Hybrid,30153,Yes,178567
BMW,2021-08-10,1645959,Good,5,Diesel,169312,No,150889
Honda,2020-05-23,1725988,Good,2,Petrol,35384,No,291387
Tata,2024-03-10,1661592,Average,4,Hybrid,122237,Yes,257282
Honda,2016-04-26,700550,Average,2,Petrol,132981,Yes,50000
Tata,2023-02-09,1356588,Average,4,Petrol,152427,Yes,127975
Hyundai,2020-05-02,2879990,Excellent,3,Diesel,183470,Yes,232536
Maruti,2023-02-21,1737293,Average,1,Electric,26874,No,484045
Hyundai,2015-04-24,618710,Poor,1,Diesel,85368,No,50000
Ford,2024-09-17,2646443,Poor,5,Electric,38500,Yes,492237
Tata,2021-08-12,1326816,Excellent,2,Hybrid,189075,No,157063
Honda,2022-05-24,939553,Good,4,Hybrid,42323,No,218703
Tata,2021-02-05,1497140,Poor,3,Hybrid,169409,Yes,81806
BMW,2022-07-05,2636628,Poor,4,Petrol,144740,Yes,178029
Toyota,2017-10-09,1725482,Average,4,Electric,141112,Yes,89353
Honda,2016-09-05,2479450,Good,3,Hybrid,83440,No,202790
Mahindra,2019-01-21,2076389,Average,4,Diesel,124371,Yes,129225
Kia,2020-07-16,1598799,Excellent,1,Diesel,140656,No,225324
Honda,2019-09-15,1005333,Poor,3,Diesel,71868,No,79691
Maruti,2015-08-24,1625504,Excellent,5,Electric,85085,No,126366
Tata,2023-11-20,2124222,Average,5,Electric,176169,Yes,218076
BMW,2019-07-20,1397961,Good,5,Hybrid,87425,No,159082
Toyota,2020-10-23,1978371,Poor,4,Petrol,56228,Yes,159141
Hyundai,2017-03-25,790398,Poor,1,Hybrid,31669,No,58399
BMW,2022-10-31,2778138,Poor,4,Electric,74610,Yes,348506
Tata,2020-06-14,2694169,Average,1,Electric,36835,Yes,420391
Kia,2021-09-04,440393,Poor,3,Diesel,140356,Yes,50000
Mahindra,2017-05-29,2811621,Average,4,Hybrid,68225,Yes,188401
Toyota,2019-10-26,513499,Poor,4,Petrol,29888,No,50000
Audi,2023-07-01,1426081,Poor,2,Petrol,170541,Yes,105383
Toyota,2020-07-22,2016672,Average,2,Hybrid,113895,Yes,202365
Ford,2016-07-11,1652075,Average,2,Diesel,68578,No,111496
Ford,2020-10-13,1920264,Average,5,Diesel,180378,Yes,101461
Kia,2019-02-06,2642917,Poor,2,Electric,149145,Yes,135176
Honda,2021-11-16,2638379,Average,4,Electric,105780,No,361711
Tata,2018-04-18,2760727,Average,4,Petrol,181877,No,105885
Tata,2020-09-07,654254,Excellent,1,Petrol,146105,Yes,76591
BMW,2020-11-22,415390,Good,5,Electric,26018,No,80550
Ford,2019-03-14,555856,Poor,3,Diesel,141165,No,50000
Ford,2021-08-01,836309,Excellent,5,Petrol,139996,Yes,94237
Kia,2016-02-28,2107192,Good,5,Hybrid,193701,Yes,62186
Honda,2024-08-28,1808869,Good,2,Hybrid,59555,No,634609
Mahindra,2018-10-21,2705630,Excellent,5,Hybrid,104499,No,301035
Tata,2015-09-02,575242,Poor,4,Diesel,83746,No,50000
Toyota,2018-05-10,1954283,Good,3,Petrol,154975,Yes,110697
Audi,2020-04-16,1159777,Good,5,Diesel,145386,Yes,91381
Maruti,2016-02-11,863608,Average,4,Hybrid,66164,Yes,50000
Mahindra,2019-11-16,1719729,Good,5,Petrol,151151,No,126427
BMW,2020-11-16,1018436,Poor,1,Hybrid,126178,No,88206
Honda,2016-02-23,733733,Average,4,Diesel,130483,Yes,50000
Mahindra,2024-01-29,2629346,Average,2,Hybrid,76774,No,623406
Mahindra,2016-10-02,800393,Poor,2,Electric,166443,No,50000
Honda,2015-12-19,1416056,Good,1,Hybrid,78700,No,117074
Ford,2024-04-26,2056499,Good,4,Hybrid,85264,No,545549
Honda,2017-07-09,2122350,Excellent,2,Hybrid,86232,No,248829
Tata,2018-01-24,1973795,Good,5,Diesel,156251,Yes,100676
Audi,2024-03-19,1231948,Poor,1,Petrol,140697,Yes,132510
Toyota,2019-01-31,2662317,Poor,5,Diesel,199696,No,74549
Honda,2019-06-14,1465238,Excellent,2,Petrol,18817,No,270629
Hyundai,2017-01-25,535240,Excellent,3,Hybrid,177253,Yes,50000
BMW,2018-03-17,1471379,Average,5,Electric,170304,No,69812
Mahindra,2021-08-05,2944690,Good,2,Hybrid,48030,No,657790
Ford,2022-01-30,2660158,Good,2,Petrol,182470,Yes,236279
Tata,2019-02-27,1210758,Poor,4,Hybrid,59857,No,93104
Hyundai,2019-10-22,2836439,Average,3,Petrol,84564,No,268618
Ford,2017-01-16,2702195,Good,4,Electric,199780,Yes,98005
Audi,2016-03-19,2402091,Poor,1,Hybrid,69837,No,129054
Toyota,2015-08-04,2155662,Excellent,3,Electric,29051,No,235575
Tata,2019-01-04,1406864,Poor,3,Petrol,38815,Yes,95780
Mahindra,2018-03-31,583382,Good,2,Diesel,81810,No,61371
Tata,2024-02-18,2652022,Excellent,3,Hybrid,66424,No,943325
Honda,2021-11-23,2826799,Average,2,Electric,104137,No,438163
Honda,2015-03-03,1991699,Excellent,2,Hybrid,11194,No,215211
Ford,2021-03-29,1531912,Excellent,1,Petrol,133828,Yes,211960
Ford,2023-09-07,859870,Excellent,3,Petrol,128969,No,182162
BMW,2017-05-15,526991,Excellent,1,Diesel,106526,Yes,50000
Kia,2019-12-13,1360450,Average,5,Petrol,193019,Yes,52381
Toyota,2024-05-27,538445,Poor,4,Petrol,153233,No,51966
Hyundai,2019-08-12,1881592,Excellent,4,Petrol,31836,No,304444
Maruti,2020-04-25,544906,Excellent,4,Hybrid,76234,No,94272
Mahindra,2015-05-19,882319,Excellent,1,Petrol,8116,No,91842
Honda,2016-09-04,2665270,Excellent,2,Hybrid,98880,No,256318
Honda,2022-03-08,1179976,Excellent,1,Hybrid,67063,No,338722
Hyundai,2018-02-15,1381124,Good,5,Diesel,107286,Yes,95372
Honda,2021-08-18,1975103,Good,1,Electric,111863,No,370580
Hyundai,2020-09-14,1728611,Good,3,Diesel,73994,No,266170
Toyota,2016-08-16,831078,Good,3,Diesel,38869,No,76158
Toyota,2023-11-20,1377387,Excellent,3,Diesel,132027,Yes,285602
Tata,2022-12-20,529165,Excellent,3,Petrol,55513,No,142668
Audi,2021-03-15,853942,Poor,1,Hybrid,179524,Yes,50000
Honda,2021-05-11,2567228,Average,5,Hybrid,91135,Yes,277394
Mahindra,2020-06-26,1749990,Poor,5,Petrol,168500,No,75313
Tata,2024-10-30,1288252,Excellent,5,Petrol,170061,Yes,199896
Ford,2017-01-09,992795,Poor,2,Diesel,77599,No,52369
Ford,2016-05-16,1791353,Poor,2,Hybrid,79284,Yes,80974
Ford,2023-05-10,611809,Excellent,1,Petrol,81800,No,174170
Maruti,2015-11-23,627717,Excellent,5,Hybrid,82353,No,50000
Maruti,2024-02-12,971753,Excellent,1,Petrol,14105,No,410226
Ford,2023-08-02,2775790,Good,1,Diesel,118529,No,609148
BMW,2018-06-26,2066073,Good,3,Electric,5865,No,327015
Ford,2018-03-12,2823842,Poor,4,Electric,132516,Yes,123811
BMW,2024-08-08,2625646,Poor,1,Diesel,86450,Yes,432108
Hyundai,2020-01-06,523851,Excellent,3,Petrol,81184,No,78184
Honda,2015-12-13,1222400,Good,5,Hybrid,5366,No,107356
Mahindra,2019-09-24,2116504,Good,1,Petrol,169792,Yes,149553
Honda,2016-02-27,405893,Excellent,4,Hybrid,127094,Yes,50000
Hyundai,2022-12-11,1620984,Excellent,1,Diesel,172214,Yes,243761
Mahindra,2021-01-10,1439665,Poor,5,Diesel,71944,No,125736
Kia,2019-11-24,1403192,Good,5,Diesel,189502,No,82341
Maruti,2017-04-25,1116753,Poor,5,Diesel,11818,Yes,60647
Hyundai,2023-08-28,2199261,Excellent,1,Hybrid,199259,Yes,312242
Ford,2020-09-02,1052628,Poor,5,Diesel,151332,Yes,50904
Ford,2021-02-09,1678910,Average,3,Diesel,12553,Yes,252860
Tata,2020-05-28,1446221,Poor,4,Electric,79415,Yes,119675
Hyundai,2019-01-28,327306,Excellent,4,Electric,5135,No,64800
Kia,2018-05-19,464699,Poor,1,Hybrid,15287,No,50000
Hyundai,2019-01-13,461795,Excellent,1,Hybrid,127684,No,58766
Toyota,2018-02-24,382850,Excellent,1,Petrol,133382,Yes,50000
Hyundai,2022-04-15,2153280,Excellent,2,Petrol,60606,No,537063
Hyundai,2023-08-30,1602525,Poor,2,Electric,183253,No,147988
Mahindra,2022-09-24,2506928,Good,3,Petrol,89681,No,466118
Hyundai,2020-06-03,1312716,Poor,2,Petrol,145470,Yes,70229
Ford,2024-07-14,2423307,Average,2,Electric,170039,Yes,344559
BMW,2019-12-24,1239436,Average,3,Electric,85976,Yes,131061
Honda,2021-03-24,2527162,Good,2,Electric,86262,No,479326
Maruti,2015-06-20,1659670,Poor,5,Electric,94613,No,59892
Mahindra,2024-11-05,1479853,Excellent,1,Petrol,179440,Yes,267027
Honda,2018-08-13,1619301,Excellent,2,Electric,62264,No,268066
Maruti,2023-02-04,471195,Average,5,Electric,138186,Yes,55579
Maruti,2018-08-23,646608,Good,5,Electric,177701,Yes,50000
Ford,2021-06-05,2978349,Poor,3,Hybrid,124811,Yes,230302
Maruti,2020-05-27,531470,Average,5,Electric,77582,Yes,55623
Mahindra,2023-05-29,2964315,Excellent,4,Diesel,176569,No,438438
Toyota,2022-12-03,2645194,Poor,5,Diesel,120428,Yes,222798
Toyota,2017-03-24,2390125,Average,3,Diesel,130572,Yes,112849
Maruti,2020-09-05,1654770,Poor,2,Hybrid,18886,Yes,191922
Mahindra,2016-01-18,1505044,Good,5,Hybrid,53403,No,112416
Kia,2020-06-20,1377936,Poor,3,Electric,38918,Yes,144367
Hyundai,2024-12-08,2521633,Poor,4,Petrol,96453,No,368136
Hyundai,2016-10-26,1253235,Average,5,Hybrid,38725,No,89958
Audi,2023-04-01,2458862,Good,2,Diesel,111699,No,503563
Audi,2018-03-28,2788398,Poor,5,Electric,118137,Yes,125838
Tata,2020-10-07,344436,Good,5,Diesel,76383,No,50000
Mahindra,2023-11-25,2702838,Poor,3,Hybrid,32385,No,530297
Audi,2020-03-25,1887537,Good,1,Diesel,5665,No,389389
Honda,2020-07-16,566296,Good,2,Diesel,162063,No,54694
Honda,2019-07-28,2076835,Poor,5,Diesel,123391,Yes,99756
BMW,2020-04-07,2151763,Average,3,Electric,172666,Yes,141851
Tata,2017-03-07,2466636,Average,2,Hybrid,176856,Yes,94587
Maruti,2017-11-12,2992441,Good,2,Electric,134227,Yes,229317
Hyundai,2022-04-25,2075337,Excellent,2,Electric,166401,Yes,317103
Kia,2016-04-12,1308246,Average,3,Electric,173023,Yes,50000
BMW,2023-10-02,2010690,Poor,1,Petrol,89286,Yes,265334
Hyundai,2023-04-27,1930515,Average,3,Diesel,80281,No,353708
BMW,2024-12-15,559387,Excellent,5,Petrol,48672,No,190401
Tata,2017-12-09,2355778,Average,2,Petrol,110007,No,153291
Tata,2019-12-24,2580129,Poor,2,Diesel,180135,No,118594
BMW,2016-09-13,1229477,Average,4,Electric,147364,Yes,51389
Maruti,2016-05-04,2200263,Average,3,Petrol,131770,Yes,83340
Toyota,2021-08-14,2453957,Good,4,Petrol,72414,No,389184
Kia,2020-06-06,975668,Excellent,4,Diesel,61040,No,172183
Hyundai,2020-03-04,2362667,Good,2,Hybrid,9927,No,482223
Audi,2015-02-11,2067492,Excellent,1,Petrol,5391,No,208037
BMW,2020-04-13,2400818,Good,1,Hybrid,26844,No,494447
Mahindra,2018-10-01,1673379,Good,2,Hybrid,99639,No,187151
Kia,2019-07-08,1555909,Good,1,Electric,117532,No,200773
Toyota,2019-08-26,383330,Average,3,Diesel,142521,Yes,50000
Toyota,2023-07-31,317860,Average,4,Hybrid,116264,Yes,50000
Audi,2018-11-14,1935199,Average,5,Diesel,6863,Yes,183552
Honda,2021-06-02,1252281,Excellent,3,Petrol,108808,Yes,184690
Mahindra,2024-11-07,1636290,Poor,1,Diesel,67733,Yes,305001
BMW,2017-07-23,995915,Excellent,5,Electric,160224,No,68738
Mahindra,2024-01-30,2000640,Good,5,Hybrid,121841,No,398680
BMW,2015-08-23,2848728,Average,2,Petrol,155622,No,96952
BMW,2018-05-08,1733586,Good,3,Hybrid,113678,No,160059
Mahindra,2016-02-04,2703973,Excellent,2,Diesel,114855,Yes,183705
Tata,2015-02-12,1713121,Excellent,1,Electric,36654,No,187189
BMW,2020-05-23,2509442,Average,2,Hybrid,62896,Yes,312361
Ford,2017-11-30,979983,Average,3,Diesel,174762,Yes,50000
Ford,2017-04-11,1542501,Average,5,Electric,175910,Yes,54167
Audi,2020-10-08,1692512,Good,5,Petrol,22398,No,268424
Maruti,2020-06-19,833286,Excellent,1,Electric,143654,Yes,116128
Audi,2019-04-11,698816,Good,2,Diesel,115222,Yes,66242
BMW,2016-12-19,2128907,Average,3,Hybrid,74401,Yes,136849
Honda,2020-06-24,1874069,Excellent,5,Electric,91691,No,310003
Maruti,2019-01-29,2469998,Excellent,2,Electric,57586,No,449525
Maruti,2024-05-19,1425317,Average,5,Electric,140348,Yes,204487
Hyundai,2018-08-31,1801685,Good,1,Petrol,129895,Yes,139866
BMW,2020-03-05,2660816,Poor,2,Petrol,103654,No,193076
Hyundai,2019-03-26,340608,Good,4,Petrol,155437,Yes,50000
Maruti,2017-06-19,328158,Poor,2,Hybrid,62390,Yes,50000
Toyota,2022-06-10,2532204,Poor,1,Diesel,145653,Yes,211879
Audi,2020-01-07,776056,Average,5,Hybrid,122194,Yes,57392
Hyundai,2021-12-13,1921070,Average,3,Electric,28689,Yes,354836
Audi,2018-03-17,2192979,Average,3,Diesel,169177,Yes,93764
Kia,2017-12-11,652602,Average,3,Petrol,93496,No,50000
Tata,2023-01-10,319977,Excellent,4,Petrol,43310,No,86346
Audi,2021-03-22,1377679,Poor,2,Hybrid,139693,No,110573
Ford,2024-07-14,1038239,Average,3,Petrol,11848,Yes,255364
Tata,2020-11-11,1529427,Excellent,1,Hybrid,51460,No,377964
Honda,2020-10-16,1121350,Excellent,4,Electric,169544,No,129852
Honda,2019-10-10,1467032,Good,4,Diesel,160916,No,112846
Ford,2022-09-24,2829620,Good,4,Electric,114636,Yes,478596
Toyota,2019-05-20,1921137,Excellent,4,Diesel,20505,No,334375
Ford,2024-10-18,704329,Excellent,1,Diesel,186050,Yes,127675
Hyundai,2019-05-02,617845,Excellent,4,Electric,8631,No,126038
Maruti,2018-02-05,969505,Excellent,3,Diesel,169843,Yes,60770
Kia,2020-02-21,2174794,Poor,1,Petrol,186269,Yes,86098
Tata,2021-08-29,1217864,Excellent,4,Electric,189419,Yes,123898
BMW,2019-05-24,724707,Average,1,Diesel,106962,Yes,61604
Mahindra,2018-03-25,986017,Poor,1,Petrol,149546,No,50000
Maruti,2024-03-12,796002,Poor,1,Hybrid,56902,Yes,148856
Mahindra,2024-12-04,972142,Poor,4,Diesel,127366,Yes,115864
Maruti,2017-04-09,2566619,Excellent,1,Electric,179446,Yes,164034
Honda,2016-08-07,682403,Excellent,5,Diesel,30215,No,68638
Mahindra,2015-01-02,639233,Average,1,Hybrid,63089,No,50000
Ford,2022-02-09,1598818,Average,2,Electric,12798,Yes,338611
Maruti,2021-01-01,1084695,Excellent,2,Hybrid,32227,No,280663
Toyota,2018-06-09,1214646,Excellent,4,Electric,21880,No,204469
Maruti,2024-02-03,2426303,Poor,4,Petrol,43605,No,388834
Honda,2016-02-07,1911784,Excellent,5,Petrol,123364,Yes,97523
Kia,2017-05-19,2501242,Poor,5,Electric,137155,Yes,87926
Kia,2016-09-03,2819759,Poor,5,Electric,56464,Yes,132151
BMW,2019-06-20,1674059,Good,1,Diesel,87852,No,219839
Audi,2020-03-19,1974470,Average,4,Diesel,166620,No,125180
BMW,2024-06-19,2378999,Poor,4,Diesel,64449,No,398882
BMW,2016-05-30,1895695,Good,5,Petrol,30974,No,143410
Mahindra,2016-09-30,985813,Average,2,Petrol,76782,Yes,55884
Honda,2022-02-17,1869005,Excellent,2,Diesel,136567,Yes,299189
Toyota,2019-12-11,1190399,Average,5,Petrol,51046,No,118405
Tata,2021-07-12,2310674,Poor,4,Electric,76602,Yes,232431
Audi,2020-02-09,831399,Excellent,5,Petrol,165571,Yes,61915
Tata,2022-08-18,627376,Poor,2,Diesel,5335,No,109087
Hyundai,2024-10-14,707366,Good,5,Petrol,76238,No,173770
Hyundai,2023-10-17,495128,Excellent,5,Petrol,97883,No,112164
Toyota,2021-09-10,2621262,Good,1,Petrol,47825,No,548476
Honda,2019-07-30,2000533,Excellent,1,Hybrid,152544,No,237930
Maruti,2023-09-18,2716232,Excellent,2,Diesel,164724,Yes,465535
Audi,2020-10-12,1286976,Average,4,Petrol,73786,Yes,127465
Tata,2019-05-24,663638,Poor,3,Hybrid,17954,Yes,59346
Toyota,2020-06-20,1805765,Average,5,Diesel,7589,No,246210
Honda,2017-01-25,899420,Excellent,1,Petrol,85569,No,90525
Ford,2017-03-19,959768,Poor,3,Hybrid,61318,Yes,50956
Mahindra,2023-07-11,564715,Poor,1,Electric,81283,Yes,90518
Ford,2020-03-30,2426364,Average,4,Electric,81664,No,286788
Honda,2018-02-23,2085445,Average,2,Hybrid,13742,Yes,217536
Tata,2015-09-10,2424768,Poor,1,Diesel,9670,No,141497
Mahindra,2021-05-31,780493,Poor,5,Electric,165469,No,50000
Kia,2021-03-31,1000213,Poor,4,Petrol,197381,Yes,50000
Kia,2019-03-11,1502982,Good,1,Petrol,192059,Yes,80646
BMW,2016-04-21,2502991,Poor,1,Hybrid,8802,Yes,155389
BMW,2021-08-23,1173020,Average,3,Electric,198746,Yes,76926
Kia,2017-01-28,2923633,Average,1,Petrol,98325,Yes,166274
Ford,2015-01-18,2911312,Poor,1,Hybrid,95219,Yes,103608
Mahindra,2020-11-13,931873,Excellent,5,Electric,34318,No,209435
Tata,2016-11-13,2223100,Average,3,Hybrid,158637,No,97913
Tata,2016-05-29,2593434,Poor,3,Diesel,163090,Yes,64959
Mahindra,2020-01-11,1876274,Poor,3,Electric,174152,Yes,88201
BMW,2018-11-22,1033302,Good,3,Diesel,76044,No,117414
BMW,2021-07-29,929951,Good,1,Diesel,101763,No,160782
Maruti,2019-09-09,1882801,Good,2,Electric,34496,No,345395
Honda,2017-06-18,2224019,Average,2,Diesel,51403,No,187756
Toyota,2016-05-22,1921104,Average,3,Diesel,87025,Yes,99494
Tata,2019-02-11,1801043,Average,4,Petrol,186955,Yes,67969
Toyota,2019-07-09,365820,Good,2,Diesel,89982,No,50000
Maruti,2016-09-22,1688608,Poor,5,Hybrid,199209,No,50000
Ford,2023-08-24,1945206,Good,3,Petrol,194227,No,211058
Mahindra,2015-06-08,402620,Poor,5,Electric,70584,Yes,50000
Mahindra,2022-12-31,1059557,Good,4,Hybrid,116103,No,194219
BMW,2017-09-30,305334,Average,5,Petrol,33837,Yes,50000
Maruti,2021-02-26,1654449,Average,2,Petrol,149250,Yes,129721
Kia,2017-11-18,465099,Excellent,2,Diesel,196245,No,50000
Honda,2021-01-28,1114114,Good,1,Hybrid,82368,No,208008
Ford,2016-10-01,1941074,Good,4,Diesel,106416,Yes,114404
Tata,2018-03-08,2196869,Poor,4,Hybrid,82776,Yes,117370
Honda,2016-06-02,349512,Average,3,Electric,69992,Yes,50000
BMW,2018-01-27,1196688,Good,3,Hybrid,20323,No,158554
BMW,2023-10-07,2739089,Poor,5,Electric,12189,Yes,480669
Maruti,2020-08-25,1936930,Average,1,Electric,110273,No,249990
BMW,2019-04-27,958757,Good,4,Electric,169636,Yes,65484
Hyundai,2016-06-05,560054,Good,3,Diesel,171322,No,50000
Tata,2019-05-25,2903244,Good,4,Diesel,74411,No,340634
Honda,2017-09-01,2530869,Excellent,5,Hybrid,180597,No,142966
Tata,2023-07-11,935569,Poor,5,Electric,27061,No,166347
Toyota,2024-02-06,1717544,Average,5,Hybrid,148826,Yes,209758
Maruti,2024-07-20,828292,Average,5,Electric,81144,Yes,167460
Honda,2023-02-24,993949,Good,3,Hybrid,56040,No,262262
BMW,2021-11-28,490516,Poor,1,Diesel,197343,No,50000
Mahindra,2023-01-25,2911771,Average,2,Diesel,94751,No,504932
Audi,2024-11-26,2276749,Average,4,Electric,175596,No,327152
Audi,2018-08-17,1087112,Good,2,Diesel,108931,Yes,95887
BMW,2015-02-02,2430053,Average,2,Petrol,23687,Yes,130197
Toyota,2022-06-13,1975240,Excellent,2,Petrol,65842,No,494709
Hyundai,2020-07-25,1341384,Average,4,Diesel,12067,No,194353
Audi,2023-06-10,2476644,Excellent,4,Diesel,72357,No,679201
Mahindra,2015-11-14,2982918,Excellent,2,Petrol,131739,Yes,165734
Toyota,2021-03-27,1173631,Excellent,4,Petrol,191889,Yes,89721
Ford,2019-01-11,483252,Good,1,Petrol,153025,Yes,50000
Ford,2017-07-31,1044428,Good,1,Electric,5915,No,158551
Maruti,2023-03-31,1636721,Poor,5,Electric,190434,Yes,100471
Kia,2020-02-15,901851,Excellent,3,Hybrid,188549,Yes,71782
Kia,2021-05-28,2351269,Excellent,3,Electric,170346,Yes,284915
Audi,2020-11-06,2526208,Poor,5,Diesel,195757,Yes,88175
Honda,2020-05-11,1258441,Poor,5,Hybrid,38855,Yes,108383
Toyota,2023-09-22,2040244,Poor,5,Electric,97839,No,277568
Maruti,2021-12-30,2857739,Good,3,Hybrid,182143,Yes,271809
Hyundai,2023-05-19,2715852,Average,3,Hybrid,155064,Yes,318208
Toyota,2017-08-25,601917,Excellent,4,Diesel,159013,Yes,50000
Tata,2024-12-14,2318787,Excellent,2,Petrol,101610,Yes,665549
Maruti,2022-03-30,2936849,Poor,5,Electric,141975,Yes,220915
Toyota,2020-06-16,2472569,Average,3,Diesel,186464,No,146998
Hyundai,2017-09-10,1494864,Good,5,Diesel,144244,Yes,77762
Honda,2023-02-22,2644154,Average,1,Diesel,90395,Yes,449176
Toyota,2022-10-29,1257306,Average,5,Petrol,14082,Yes,206588
Audi,2018-02-28,2147273,Poor,4,Diesel,184246,Yes,57107
Kia,2018-05-19,2007209,Average,5,Petrol,198696,Yes,56702
Mahindra,2017-05-26,2606058,Excellent,3,Hybrid,137616,No,215615
Mahindra,2018-11-21,797853,Excellent,3,Diesel,23602,No,134207
Honda,2023-04-20,2093837,Poor,1,Electric,162724,Yes,203098
Hyundai,2024-11-06,1461037,Average,4,Diesel,7019,No,432391
Mahindra,2019-10-16,2293747,Poor,5,Diesel,28792,No,194806
Audi,2015-04-01,1615931,Average,4,Hybrid,79369,No,80600
Audi,2023-08-15,1836696,Good,4,Diesel,135973,Yes,280321
Hyundai,2017-02-07,2461467,Good,1,Diesel,22116,No,288318
Kia,2016-05-10,2872062,Average,5,Diesel,144158,No,106925
BMW,2023-04-04,1969818,Poor,1,Hybrid,112458,No,271037
Mahindra,2022-08-07,1727552,Excellent,2,Electric,145047,Yes,320664
Toyota,2024-04-01,400018,Poor,5,Petrol,86495,Yes,50000
Maruti,2018-01-07,2723127,Average,1,Electric,177151,No,148350
Mahindra,2015-05-20,2155833,Poor,2,Diesel,97346,No,79328
Hyundai,2018-06-18,1426974,Poor,5,Diesel,155295,Yes,50000
BMW,2022-04-26,1689136,Average,4,Electric,111282,Yes,217562
Tata,2019-10-29,2801306,Good,3,Petrol,94404,No,317455
Maruti,2020-10-20,2468855,Excellent,5,Electric,154275,Yes,270996
Audi,2021-05-30,2002747,Poor,4,Diesel,198547,Yes,79194
Honda,2020-03-04,2215750,Poor,5,Diesel,127946,No,127061
Hyundai,2019-01-08,501314,Poor,2,Hybrid,190999,Yes,50000
Kia,2017-05-30,1535555,Good,1,Petrol,54631,No,155809
Ford,2020-10-27,2931376,Excellent,3,Electric,73699,No,626549
Mahindra,2017-11-29,718069,Good,2,Diesel,134985,No,54109
Tata,2022-02-07,2398798,Excellent,1,Diesel,147898,Yes,374512
Hyundai,2018-01-17,2625542,Good,2,Electric,127877,No,239042
Honda,2019-05-26,314627,Good,4,Hybrid,38044,No,50000
Honda,2024-03-03,1719733,Average,2,Petrol,177921,Yes,178281
Mahindra,2023-04-20,544028,Good,5,Petrol,33151,No,125150
Ford,2019-06-08,2035307,Average,4,Diesel,89663,No,179238
Tata,2020-10-25,1997194,Good,4,Diesel,119563,Yes,212537
Toyota,2017-07-18,719798,Excellent,4,Hybrid,194633,No,50000
Maruti,2020-08-11,1488347,Average,2,Diesel,42669,Yes,195334
Kia,2018-11-23,2268689,Excellent,4,Electric,47095,No,374086
Toyota,2019-03-25,1383200,Poor,3,Petrol,58718,No,100164
Toyota,2017-09-06,997081,Poor,3,Petrol,87569,Yes,50000
Maruti,2022-10-14,2967235,Excellent,4,Hybrid,186283,Yes,350843
Hyundai,2018-09-06,2712963,Good,5,Diesel,120617,No,212086
Maruti,2016-03-16,1489845,Average,5,Diesel,118762,No,62944
Audi,2018-01-01,1693922,Excellent,4,Diesel,150775,Yes,113193
Maruti,2022-01-24,2905664,Average,1,Diesel,105718,No,426555
Hyundai,2016-07-25,1076456,Good,5,Petrol,150970,Yes,50000
Honda,2016-09-16,469516,Excellent,1,Diesel,30804,No,59961
Audi,2018-02-08,1516768,Excellent,4,Electric,99412,No,174490
Kia,2020-05-04,2560883,Average,4,Petrol,187554,Yes,117355
Toyota,2016-01-27,2711937,Excellent,5,Electric,199387,Yes,95218
Ford,2020-06-25,314599,Average,1,Petrol,23650,No,50000
Hyundai,2024-07-15,1431000,Average,5,Hybrid,153897,Yes,181373
Kia,2019-05-30,882790,Average,3,Petrol,146094,Yes,50391
Mahindra,2016-12-31,502029,Good,1,Electric,170755,Yes,50000
Mahindra,2021-06-12,2660885,Excellent,5,Electric,154705,No,359261
Audi,2024-11-20,675050,Good,2,Diesel,138518,Yes,139315
Toyota,2020-01-29,936821,Excellent,1,Petrol,191189,Yes,70243
Hyundai,2020-12-12,2282905,Excellent,1,Electric,66048,No,572090
Kia,2016-08-03,1983759,Average,3,Diesel,193333,No,59062
Ford,2024-11-17,2041824,Good,5,Diesel,40001,No,633978
Audi,2023-07-09,729472,Average,5,Petrol,185242,No,59826
Audi,2023-03-16,1364346,Excellent,3,Diesel,187993,Yes,168844
Hyundai,2019-10-26,2116616,Poor,2,Hybrid,52907,Yes,187541
Toyota,2021-07-16,1143171,Excellent,5,Hybrid,180364,Yes,109293
Kia,2023-11-04,2821951,Poor,2,Petrol,58915,Yes,410752
BMW,2022-10-14,542683,Excellent,2,Diesel,10040,No,190481
BMW,2015-10-23,1538567,Average,4,Electric,132681,No,67745
Toyota,2018-04-04,362943,Average,4,Electric,55774,Yes,50000
Toyota,2021-03-21,1998395,Good,4,Diesel,86770,No,298128
Mahindra,2017-01-28,1214529,Poor,3,Electric,187236,Yes,50000
Audi,2016-05-20,2177890,Excellent,2,Hybrid,175489,Yes,111270
Ford,2016-06-08,2753046,Average,3,Hybrid,160536,No,111498
Mahindra,2017-04-07,641712,Average,1,Diesel,34562,Yes,53071
Mahindra,2018-09-24,2851771,Poor,2,Diesel,122639,No,158316
Mahindra,2020-01-01,930795,Excellent,2,Hybrid,168892,Yes,90170
Kia,2017-05-25,1801244,Average,1,Hybrid,194550,Yes,64489
Mahindra,2019-01-20,555917,Average,1,Electric,93469,Yes,54222
BMW,2017-04-29,2225852,Average,3,Electric,139854,Yes,114399
Ford,2016-01-30,1661468,Excellent,2,Petrol,81071,No,138111
Toyota,2023-08-31,2681846,Excellent,2,Hybrid,106075,Yes,697237
Honda,2016-11-30,1229252,Poor,1,Electric,94553,No,70197
Audi,2021-08-02,831773,Excellent,3,Electric,79129,No,196468
Mahindra,2015-03-18,2635891,Poor,1,Petrol,107778,No,87886
Honda,2023-11-14,417869,Good,4,Electric,80698,No,111814
Honda,2015-08-24,2710454,Good,1,Petrol,42045,No,216955
BMW,2021-06-19,2516289,Good,2,Hybrid,10850,No,631676
Hyundai,2023-10-02,2489371,Good,3,Hybrid,83279,No,643556
Kia,2023-05-24,655959,Poor,3,Hybrid,24026,No,122225
Audi,2018-03-29,2851220,Poor,3,Hybrid,139380,No,133757
Toyota,2020-08-07,497394,Excellent,5,Electric,130802,Yes,61336
Audi,2020-10-29,2979070,Good,5,Hybrid,190751,Yes,193046
Kia,2022-09-02,1959785,Good,5,Diesel,36529,No,430500
Mahindra,2024-06-26,1145803,Good,4,Petrol,164905,Yes,154737
Audi,2015-01-19,2885833,Excellent,5,Petrol,9406,No,226804
Maruti,2018-10-01,1602176,Good,2,Electric,58231,No,229733
Tata,2020-07-18,767714,Average,3,Electric,107992,No,88734
Ford,2022-01-19,390227,Average,4,Petrol,194686,No,50000
Ford,2016-01-24,1709737,Good,4,Electric,37598,No,153817
Ford,2021-05-21,663751,Poor,2,Electric,112200,Yes,61295
Tata,2019-09-30,1478500,Excellent,2,Hybrid,39244,No,303675
Toyota,2017-03-11,2183715,Good,3,Diesel,50407,No,209736
Tata,2021-08-01,2207614,Poor,5,Petrol,20514,Yes,217258
Maruti,2018-10-03,329512,Average,3,Electric,166487,No,50000
Toyota,2018-04-09,1895260,Good,2,Hybrid,47549,No,247053
Honda,2015-12-08,1185684,Good,4,Hybrid,142652,Yes,53059
Audi,2015-12-08,1064887,Excellent,4,Electric,171769,No,55017
Audi,2024-07-28,1793303,Good,4,Diesel,31609,No,581001
Mahindra,2016-03-10,554333,Average,1,Diesel,198418,Yes,50000
Honda,2023-06-15,1180443,Poor,2,Hybrid,164112,No,115445
Tata,2015-11-12,432616,Excellent,4,Petrol,21535,No,50000
Tata,2024-03-30,2664050,Good,3,Hybrid,117541,Yes,565396
Audi,2022-09-26,2699930,Good,2,Hybrid,112451,Yes,486458
Ford,2022-07-02,898296,Good,2,Petrol,103829,Yes,142564
Toyota,2020-01-25,1324535,Good,5,Electric,115217,Yes,136288
Tata,2020-08-25,673032,Poor,5,Electric,166217,No,50000
Hyundai,2015-11-25,755206,Average,2,Diesel,160963,No,50000
BMW,2016-05-03,1408047,Average,3,Hybrid,126606,Yes,62795
BMW,2020-09-12,668916,Average,3,Petrol,115203,No,62827
Audi,2024-11-17,1588340,Average,3,Diesel,172804,Yes,195427
Ford,2018-05-09,2650522,Good,3,Diesel,22503,No,341842
Toyota,2024-05-16,884979,Average,4,Petrol,25217,No,212172
Audi,2019-08-31,1712711,Good,2,Hybrid,103830,No,217614
Hyundai,2016-05-05,1454040,Excellent,4,Hybrid,142979,Yes,83265
Audi,2023-12-28,2576088,Good,1,Diesel,146518,Yes,459630
Kia,2024-01-16,2577922,Excellent,4,Electric,129260,No,662804
BMW,2016-09-05,867665,Poor,5,Petrol,21342,No,50000
Ford,2024-11-26,2840555,Poor,4,Diesel,110340,Yes,370617
Mahindra,2017-11-19,2110350,Poor,2,Electric,9490,No,189528
Honda,2015-05-13,2762237,Good,1,Electric,192677,Yes,96025
Toyota,2019-10-03,536019,Excellent,5,Electric,85232,No,81241
BMW,2016-12-15,2033372,Poor,2,Hybrid,141885,No,80439
Honda,2023-09-24,2560948,Average,5,Hybrid,189477,No,239243
Tata,2017-11-21,1799573,Good,3,Petrol,131788,Yes,109612
Maruti,2016-01-09,785659,Good,1,Petrol,148402,No,50000
Kia,2017-02-01,1897609,Poor,4,Petrol,74008,Yes,77233
Tata,2015-12-01,448917,Poor,2,Electric,172639,No,50000
Tata,2019-09-21,616917,Good,3,Petrol,172690,Yes,50000
Ford,2021-12-11,1859408,Poor,2,Electric,78543,Yes,221736
BMW,2021-11-16,1859259,Good,5,Electric,79846,No,339921
Honda,2015-01-31,2998811,Poor,2,Electric,75658,Yes,118697
Audi,2017-12-30,1737065,Average,4,Electric,190784,No,71256
Audi,2016-02-14,2572692,Excellent,1,Electric,165791,No,168695
Kia,2017-05-12,2357158,Excellent,3,Hybrid,169719,Yes,139945
Audi,2015-04-01,2611710,Average,3,Diesel,15862,No,166531
Ford,2016-01-04,1626404,Good,3,Petrol,94356,No,99103
Honda,2023-12-05,942677,Good,1,Electric,183715,No,158834
Tata,2019-07-03,2837848,Good,4,Petrol,7956,No,409358
BMW,2022-11-12,1053934,Average,4,Electric,89758,Yes,165315
Mahindra,2020-01-24,1661119,Poor,3,Hybrid,167610,Yes,77762
Toyota,2017-01-19,1154213,Good,2,Petrol,160891,Yes,53553
BMW,2021-02-03,1483665,Good,1,Electric,164519,Yes,165338
BMW,2019-01-08,1034510,Good,5,Hybrid,178114,Yes,55747
Hyundai,2018-01-16,2254934,Average,2,Diesel,47655,Yes,191129
Tata,2022-03-07,2149771,Good,1,Petrol,45488,No,491434
Kia,2019-09-20,2884530,Average,1,Diesel,76782,Yes,298967
Ford,2017-02-03,2147818,Poor,2,Electric,89875,Yes,110405
Ford,2021-11-07,989878,Excellent,1,Petrol,66933,No,235724
Tata,2020-09-14,1298587,Excellent,3,Diesel,157964,No,150797
Mahindra,2019-11-26,913278,Poor,3,Diesel,173792,No,50000
Ford,2023-07-02,982420,Average,5,Diesel,6520,Yes,198076
BMW,2023-02-19,1082701,Excellent,3,Diesel,14154,No,375733
Hyundai,2023-05-29,797516,Poor,2,Petrol,68676,Yes,103770
Ford,2016-07-29,1634168,Average,4,Diesel,139546,Yes,62071
Kia,2016-01-07,2246419,Poor,1,Petrol,69297,Yes,92261
Tata,2015-05-16,2887689,Excellent,4,Electric,148612,Yes,144628
Maruti,2023-06-24,1481664,Average,5,Petrol,189506,No,116223
Honda,2018-05-30,671813,Excellent,3,Petrol,154866,No,51230
Hyundai,2020-11-21,2480468,Poor,1,Diesel,40507,No,301342
Audi,2017-12-16,529281,Good,1,Diesel,97780,No,51839
BMW,2019-01-16,1366846,Excellent,1,Hybrid,195355,Yes,95194
Ford,2019-10-03,2985268,Average,1,Diesel,145124,No,239915
Tata,2017-03-25,1999561,Average,3,Hybrid,136508,No,108019
BMW,2015-06-10,1005601,Excellent,3,Diesel,78807,No,77244
Kia,2023-07-08,2105177,Excellent,4,Hybrid,71091,No,627010
BMW,2017-11-03,516977,Poor,3,Diesel,31516,Yes,50000
Maruti,2015-02-08,579264,Excellent,1,Diesel,156868,Yes,50000
Kia,2022-04-10,2475825,Good,2,Diesel,38541,No,600828
Maruti,2020-07-11,453324,Average,3,Petrol,90379,Yes,50000
Audi,2019-12-14,1600439,Good,3,Hybrid,186476,No,116821
Hyundai,2018-11-02,2825892,Average,1,Hybrid,98465,Yes,244392
Tata,2020-04-21,2084263,Average,2,Petrol,32423,Yes,252558
Maruti,2024-01-21,2660907,Good,3,Electric,138958,No,570634
Honda,2023-12-01,2383853,Excellent,1,Petrol,174295,Yes,385495
Maruti,2022-10-06,319225,Good,1,Diesel,79350,No,74527
Mahindra,2018-06-03,2529975,Average,1,Diesel,22309,Yes,264142
Mahindra,2020-08-19,535006,Poor,4,Petrol,37133,Yes,50000
Audi,2024-01-29,2583270,Average,1,Diesel,158060,Yes,345894
BMW,2018-04-05,2972564,Average,4,Hybrid,137905,No,177769
Tata,2022-02-08,2096224,Poor,2,Electric,56243,No,313859
Hyundai,2022-09-11,2391488,Excellent,2,Hybrid,88726,No,642881
Tata,2022-01-11,1797458,Average,1,Hybrid,102927,Yes,255470
Hyundai,2018-05-11,1731296,Average,3,Electric,100680,Yes,130989
Honda,2016-03-25,649187,Good,4,Petrol,76734,No,50000
Kia,2019-05-12,643995,Average,4,Hybrid,197213,Yes,50000
Toyota,2022-03-22,2409436,Good,3,Electric,173919,Yes,270169
Kia,2020-10-29,579584,Poor,3,Hybrid,32717,Yes,62023
Mahindra,2020-04-09,2383367,Poor,2,Diesel,113929,Yes,160522
Toyota,2023-08-26,2084795,Excellent,1,Electric,101453,Yes,619267
BMW,2021-12-04,915011,Excellent,3,Petrol,17575,No,240511
Hyundai,2017-09-11,986489,Average,4,Diesel,140832,Yes,50000
Tata,2015-09-06,773187,Good,3,Petrol,95620,No,50000
Ford,2019-07-11,1941730,Poor,1,Electric,155439,Yes,107336
Tata,2022-07-18,2675789,Poor,4,Electric,31538,Yes,381550
Hyundai,2016-02-27,1487491,Average,3,Diesel,55007,No,94808
Kia,2017-12-03,2607782,Excellent,1,Electric,173778,Yes,194008
Kia,2021-03-27,1818026,Good,1,Diesel,44505,No,383351
Toyota,2019-06-02,2966788,Good,2,Diesel,111642,Yes,293394
Hyundai,2021-08-29,1106346,Good,5,Hybrid,166646,No,111327
Kia,2021-03-14,2821962,Excellent,4,Electric,46029,No,679820
Honda,2021-10-10,317415,Poor,1,Hybrid,11375,Yes,50000
Ford,2022-04-27,655385,Poor,2,Electric,191049,Yes,50000
Tata,2021-02-19,1174223,Good,1,Petrol,22180,No,247288
BMW,2016-01-11,1979104,Poor,2,Hybrid,111830,No,80120
Kia,2023-04-08,1761853,Average,3,Diesel,85419,Yes,281341
Mahindra,2015-06-05,951323,Average,4,Hybrid,197053,Yes,50000
Kia,2022-04-09,2487565,Average,3,Electric,64758,Yes,419693
Kia,2017-02-02,750109,Good,2,Diesel,130809,Yes,50000
Tata,2018-04-23,1928013,Poor,5,Petrol,53454,Yes,98271
Ford,2022-04-30,2900091,Poor,1,Diesel,179751,Yes,185634
Audi,2015-06-08,2905866,Good,3,Petrol,193836,Yes,74926
Toyota,2018-11-01,1979975,Good,5,Hybrid,189609,Yes,93752
Mahindra,2019-05-16,1282922,Good,1,Diesel,122345,Yes,125011
BMW,2022-12-06,786396,Average,1,Electric,41588,Yes,180283
Mahindra,2018-05-08,2187057,Poor,4,Hybrid,60111,Yes,132590
Toyota,2024-11-08,1013007,Poor,5,Electric,79945,Yes,162270
Hyundai,2019-12-26,1764929,Good,5,Diesel,121358,Yes,152857
Honda,2018-01-05,1993055,Poor,1,Hybrid,63370,Yes,132747
Ford,2021-11-15,2689541,Average,5,Hybrid,107953,No,322823
Ford,2018-05-01,313562,Poor,5,Hybrid,90534,Yes,50000
Tata,2016-01-03,675215,Average,5,Hybrid,169564,Yes,50000
Honda,2019-06-21,1286984,Poor,3,Electric,105377,Yes,85437
Kia,2015-11-11,2927223,Poor,2,Diesel,107216,No,110770
Audi,2024-03-05,1044608,Excellent,3,Diesel,79925,No,330556
Toyota,2018-12-17,2909475,Average,5,Petrol,79473,Yes,196633
Tata,2018-12-24,2572698,Poor,1,Hybrid,31879,Yes,227205
Tata,2019-08-04,540673,Excellent,4,Petrol,196541,Yes,50000
Toyota,2018-10-05,1369583,Good,2,Electric,39382,No,212070
Mahindra,2021-10-11,2360250,Excellent,2,Hybrid,148301,Yes,353199
Honda,2019-05-14,497234,Poor,5,Hybrid,130067,Yes,50000
BMW,2018-10-27,1703518,Average,4,Hybrid,96383,No,140203
BMW,2022-09-24,1762799,Poor,5,Petrol,72651,Yes,170064
Mahindra,2023-03-27,2451758,Excellent,5,Diesel,89283,No,566533
BMW,2016-08-25,403871,Average,5,Petrol,115911,No,50000
Kia,2015-11-07,2939867,Good,3,Petrol,65844,No,198775
Tata,2016-05-04,1901423,Poor,2,Diesel,176102,Yes,50000
Tata,2015-07-26,1273885,Average,5,Electric,164477,Yes,50000
Kia,2022-07-25,1839925,Excellent,4,Diesel,177436,No,235593
Mahindra,2016-06-19,2365264,Average,1,Hybrid,193414,No,81744
Audi,2023-12-15,2152631,Poor,2,Diesel,180646,Yes,169261
Mahindra,2024-03-22,863764,Good,3,Electric,20906,No,329860
Hyundai,2021-04-17,1732111,Average,3,Diesel,56071,Yes,228081
Tata,2015-10-23,1703309,Good,2,Diesel,180033,No,66287
Audi,2017-06-06,2555604,Average,1,Diesel,161694,Yes,113108
Honda,2023-10-12,763657,Good,3,Electric,91301,No,202897
Tata,2023-05-11,2578800,Excellent,5,Electric,109479,Yes,560674
Audi,2016-01-31,655999,Good,4,Hybrid,183474,Yes,50000
Mahindra,2021-06-24,2553740,Average,4,Electric,22474,No,468999
Audi,2018-10-27,967404,Average,2,Hybrid,132287,No,73295
Ford,2017-10-17,662919,Good,4,Electric,63352,No,71266
BMW,2020-02-20,766024,Poor,1,Hybrid,152188,No,50027
Tata,2022-12-12,2071073,Good,3,Electric,37089,No,605448
Tata,2024-04-19,2664098,Excellent,5,Petrol,104502,Yes,570482
Kia,2020-09-26,375362,Good,1,Hybrid,141914,Yes,50000
BMW,2016-08-08,2558049,Good,2,Diesel,153555,Yes,124445
Mahindra,2020-09-07,2930195,Poor,5,Petrol,143425,No,155111
BMW,2022-10-15,1514344,Poor,3,Petrol,181839,No,95804
Toyota,2018-12-12,2384051,Excellent,1,Electric,93286,No,381223
BMW,2024-07-05,1155928,Excellent,3,Petrol,30016,No,442199
Honda,2022-03-21,2852896,Poor,3,Hybrid,68460,No,368443
Hyundai,2017-10-28,1382862,Excellent,5,Petrol,117041,Yes,96684
Kia,2022-02-09,700001,Poor,2,Hybrid,161052,Yes,50628
Audi,2019-09-21,2364558,Average,3,Electric,27078,No,339749
Tata,2018-11-02,2418493,Average,5,Diesel,7187,Yes,227917
Mahindra,2018-07-23,2598628,Poor,1,Electric,166359,Yes,113483
Toyota,2022-09-04,2253033,Poor,1,Hybrid,116117,Yes,248920
Audi,2017-12-06,1050206,Average,2,Hybrid,197239,Yes,50000
Hyundai,2020-11-02,388398,Poor,5,Diesel,49390,Yes,50000
Ford,2024-12-20,1026716,Average,5,Hybrid,15983,No,301563
Mahindra,2018-07-17,2219990,Good,5,Diesel,191023,Yes,92758
BMW,2016-09-19,1824287,Excellent,2,Electric,22347,No,259064
Audi,2016-07-28,1559776,Poor,4,Petrol,105712,Yes,50194
Tata,2015-12-19,723383,Excellent,4,Petrol,151143,No,50000
Hyundai,2019-10-29,2289419,Average,5,Petrol,133713,No,149220
Maruti,2021-11-20,993403,Good,2,Hybrid,88561,No,195299
Ford,2015-12-23,2244807,Excellent,4,Hybrid,132355,No,143662
Toyota,2017-12-22,1206558,Excellent,4,Petrol,163324,Yes,68616
Hyundai,2017-10-25,499075,Excellent,2,Diesel,112796,Yes,50000
Audi,2020-01-26,725180,Poor,1,Electric,161251,Yes,50000
Hyundai,2021-10-11,658792,Good,1,Diesel,127312,Yes,92290
Honda,2023-02-18,2725164,Good,2,Electric,101122,No,655666
Mahindra,2018-03-18,2247982,Excellent,3,Diesel,106557,Yes,213280
Mahindra,2021-12-25,409756,Poor,1,Diesel,63181,No,54262
BMW,2020-09-21,2229960,Poor,1,Petrol,166652,No,126452
Kia,2017-11-12,825519,Good,1,Hybrid,59086,No,101202
Ford,2020-06-11,1672911,Good,2,Electric,129053,Yes,201089
Tata,2023-06-10,1554434,Excellent,5,Petrol,179227,Yes,178802
Honda,2022-07-26,1458767,Average,3,Hybrid,24409,Yes,284740
BMW,2022-01-23,2322551,Poor,4,Electric,80923,No,277653
Tata,2019-06-07,1239797,Poor,4,Diesel,85545,No,83452
Maruti,2021-11-12,1041830,Average,5,Electric,97992,Yes,125613
Honda,2021-03-03,2461065,Poor,3,Electric,63065,Yes,262253
Toyota,2019-08-02,1561499,Poor,5,Diesel,92479,Yes,88328
Mahindra,2019-07-21,2022099,Average,4,Hybrid,84249,Yes,178741
Honda,2019-02-10,2582321,Average,3,Diesel,154675,Yes,142063
Tata,2024-06-06,1627981,Good,2,Diesel,42523,No,552576
Kia,2015-04-12,2131706,Poor,5,Petrol,87312,No,63618
Audi,2022-06-15,1005163,Good,1,Petrol,8521,No,275135
Mahindra,2021-03-16,2081376,Good,1,Petrol,29619,No,431371
Hyundai,2023-12-10,2937682,Poor,1,Diesel,180192,Yes,243529
Audi,2021-06-15,2136513,Good,4,Diesel,15580,No,441742
Kia,2016-11-02,2565192,Excellent,3,Petrol,43683,No,267556
Hyundai,2019-10-09,1984248,Average,5,Petrol,182684,No,90433
BMW,2022-09-10,758185,Good,3,Electric,87679,No,171734
Kia,2017-02-27,2342756,Average,5,Hybrid,59851,Yes,147008
Maruti,2017-07-22,1137480,Average,5,Petrol,130385,Yes,50000
Mahindra,2019-10-30,2321774,Poor,1,Hybrid,59892,No,234222
Honda,2018-05-23,2145209,Excellent,5,Hybrid,116482,No,209483
Hyundai,2023-02-17,1793114,Poor,2,Diesel,80031,Yes,227256
Honda,2018-06-20,2080025,Excellent,4,Diesel,139070,No,179647
Maruti,2019-02-04,2818739,Good,1,Diesel,26162,No,449724
BMW,2021-11-24,1216066,Excellent,2,Hybrid,98768,No,273526
Kia,2018-11-06,2882242,Poor,3,Diesel,117834,Yes,142832
Mahindra,2015-10-23,2384268,Good,4,Electric,98049,No,158390
Tata,2021-01-23,586889,Poor,4,Diesel,189017,No,50000
Maruti,2016-12-11,1968383,Good,3,Electric,70663,No,189140
Tata,2022-02-07,1346066,Excellent,3,Hybrid,39228,No,384321
Ford,2021-05-05,1504531,Average,5,Petrol,33976,Yes,180691
Tata,2018-01-26,2124860,Average,2,Electric,76969,No,201346
Ford,2016-05-25,2970282,Good,4,Hybrid,135099,No,166876
Kia,2020-05-20,1243554,Excellent,4,Hybrid,80327,No,213573
Mahindra,2015-10-20,642558,Poor,2,Hybrid,190398,Yes,50000
Toyota,2024-07-09,2339482,Average,4,Petrol,86460,Yes,401836
Maruti,2018-03-09,577958,Average,5,Diesel,73425,No,50000
Mahindra,2020-02-10,841230,Excellent,2,Petrol,160549,No,85786
Tata,2023-05-11,1347677,Good,4,Petrol,121941,Yes,199676
Audi,2024-07-23,958543,Average,4,Electric,186113,No,119212
Kia,2015-04-03,1266387,Excellent,5,Petrol,52072,No,87759
Honda,2023-08-31,2038989,Good,4,Diesel,124847,No,371867
Tata,2015-07-23,2244190,Excellent,5,Electric,9472,No,232507
Mahindra,2021-08-02,1448087,Excellent,1,Petrol,142172,Yes,201282
BMW,2022-04-25,1792697,Excellent,2,Hybrid,56092,No,522962
Hyundai,2021-09-09,777379,Good,3,Petrol,49886,No,145132
BMW,2020-05-10,2794398,Good,3,Petrol,45850,No,426776
Hyundai,2020-01-23,1333431,Good,3,Diesel,135801,Yes,120916
Mahindra,2021-12-09,786143,Average,2,Diesel,62283,No,131427
Tata,2018-03-07,1006526,Average,4,Electric,65358,No,91392
BMW,2015-10-20,1867177,Good,4,Electric,185605,Yes,63151
Tata,2018-09-06,2421171,Good,3,Diesel,196964,No,122308
Maruti,2016-02-14,888152,Excellent,2,Petrol,43915,No,86937
Hyundai,2018-01-28,789105,Excellent,5,Hybrid,119924,Yes,64654
Honda,2018-08-13,2332185,Average,3,Petrol,195485,Yes,79453
BMW,2016-05-14,1140159,Good,4,Hybrid,64028,No,91216
Toyota,2020-11-22,1547387,Excellent,3,Diesel,20631,No,364455
Hyundai,2016-04-26,953267,Excellent,3,Hybrid,135928,Yes,60153
BMW,2021-12-11,583441,Average,4,Hybrid,106248,Yes,68347
Maruti,2019-07-28,2910547,Poor,3,Hybrid,70052,Yes,218430
Ford,2018-04-11,420506,Average,1,Petrol,68033,Yes,50000
Ford,2021-11-18,1531409,Excellent,2,Diesel,72672,No,363831
Audi,2022-11-26,2322489,Poor,4,Diesel,64772,No,301572
Maruti,2018-10-30,1273811,Average,1,Petrol,42513,Yes,122990
Tata,2024-04-11,1040969,Average,3,Hybrid,153074,No,158982
Maruti,2017-05-17,1797692,Average,3,Diesel,89660,No,119930
Audi,2024-10-15,2171410,Poor,3,Electric,102129,Yes,348121
Mahindra,2016-01-30,2940255,Excellent,3,Diesel,58486,No,273681
Mahindra,2020-04-10,1709183,Average,2,Hybrid,96604,Yes,179042
Hyundai,2021-01-15,2560244,Poor,2,Diesel,36585,Yes,276646
Ford,2015-10-16,2802206,Excellent,4,Diesel,118801,Yes,158670
Audi,2018-10-27,1006687,Good,1,Diesel,149908,Yes,75780
BMW,2015-03-28,2201965,Poor,3,Electric,101724,Yes,74818
Audi,2015-05-17,1848887,Poor,3,Petrol,159395,Yes,50000
Maruti,2021-02-06,318632,Good,4,Petrol,26437,No,55839
Hyundai,2024-08-27,2926227,Excellent,1,Electric,83131,No,1242173
Kia,2015-10-12,1782408,Average,4,Petrol,188413,Yes,50000
Tata,2020-11-30,972139,Good,3,Diesel,177496,Yes,75570
Hyundai,2023-01-30,1727605,Average,4,Hybrid,147665,Yes,191413
Hyundai,2019-08-19,2841204,Excellent,5,Hybrid,106295,Yes,322466
Tata,2016-06-19,1647210,Average,5,Electric,50991,No,113047
BMW,2024-12-05,2976650,Good,5,Diesel,37754,No,939727
Maruti,2021-08-18,2484744,Excellent,5,Diesel,44373,No,536562
Hyundai,2015-09-22,1032007,Average,1,Hybrid,8539,No,86444
Kia,2020-10-01,858490,Good,1,Hybrid,71937,No,159296
Audi,2021-05-30,1862583,Poor,3,Electric,99430,No,194144
Honda,2024-04-27,2514121,Poor,2,Diesel,56558,No,475557
Ford,2018-01-19,384313,Good,2,Diesel,193107,No,50000
Tata,2024-12-22,370682,Average,5,Electric,78716,No,90209
BMW,2022-08-30,339277,Average,2,Petrol,50272,Yes,56295
Honda,2020-02-11,536659,Excellent,5,Petrol,25424,No,90782
Audi,2024-11-18,1206747,Average,3,Diesel,156295,Yes,167822
Kia,2024-03-26,1173110,Poor,1,Hybrid,160965,Yes,126253
BMW,2020-08-02,707152,Poor,5,Electric,108810,Yes,50000
Mahindra,2022-05-02,1717043,Excellent,5,Hybrid,190866,Yes,170388
Maruti,2021-05-01,1025345,Excellent,5,Petrol,54129,No,189351
Maruti,2020-05-19,1762978,Average,3,Diesel,49632,Yes,205439
Audi,2024-07-30,990204,Average,1,Electric,165302,Yes,154703
BMW,2016-05-24,1424173,Poor,5,Hybrid,162251,Yes,50000
Honda,2024-09-18,2058545,Poor,2,Electric,105064,No,376770
BMW,2024-06-02,2177364,Average,3,Diesel,24606,Yes,538230
Hyundai,2015-08-02,480262,Average,2,Petrol,183300,Yes,50000
Kia,2022-09-19,1723049,Average,5,Hybrid,44539,Yes,283990
Toyota,2016-02-11,518115,Good,4,Hybrid,93668,No,50000
BMW,2015-12-27,959838,Average,5,Petrol,181504,Yes,50000
Toyota,2019-12-20,2602596,Average,1,Electric,60405,Yes,341710
Ford,2023-07-21,2073589,Excellent,3,Petrol,131662,No,423227
Ford,2018-05-22,2510651,Excellent,3,Petrol,36177,No,346790
Maruti,2021-02-03,2245383,Poor,3,Petrol,69260,Yes,189516
Tata,2016-11-15,319005,Good,4,Petrol,135773,Yes,50000
Toyota,2021-01-14,2110624,Average,1,Petrol,178599,Yes,137624
Tata,2024-01-18,2455366,Excellent,3,Electric,30462,No,1056152
Hyundai,2016-01-27,2712717,Poor,2,Electric,198637,No,63303
Tata,2024-03-19,2792205,Good,1,Diesel,173498,No,473205
Kia,2021-11-14,2268330,Excellent,1,Diesel,142373,Yes,353377
Hyundai,2024-04-22,2930074,Good,1,Petrol,26741,No,1016410
Kia,2015-08-15,1073738,Excellent,4,Diesel,84104,No,78297
Toyota,2021-02-03,1676472,Average,4,Diesel,169654,No,119829
Audi,2024-02-03,2836802,Average,2,Electric,125854,No,558749
Ford,2023-12-11,793860,Poor,4,Electric,9400,No,170933
Hyundai,2019-03-10,846823,Poor,5,Diesel,85501,Yes,50000
Hyundai,2020-07-18,1316377,Average,2,Electric,155616,No,120769
Maruti,2020-08-14,1052461,Excellent,3,Hybrid,93379,No,187042
Audi,2015-07-25,2766506,Good,2,Diesel,77556,No,191788
BMW,2016-03-18,2879919,Excellent,3,Petrol,91206,No,220970
Honda,2023-11-26,1683953,Excellent,3,Diesel,97912,No,468009
Tata,2022-10-12,2540720,Poor,2,Petrol,90146,Yes,270835
Tata,2015-09-02,2969162,Good,5,Hybrid,197877,No,86370
Audi,2021-09-23,2280404,Poor,1,Diesel,81273,Yes,240840
Audi,2017-10-31,2648708,Poor,1,Diesel,41928,Yes,175154
Maruti,2016-09-27,2665315,Good,1,Petrol,149721,No,148518
Audi,2017-09-28,1679643,Good,5,Electric,20596,No,198961
Tata,2019-07-11,429042,Excellent,2,Petrol,66186,No,66691
Audi,2023-09-13,2019171,Excellent,1,Hybrid,27153,No,868866
Honda,2015-07-25,1620792,Average,3,Diesel,96325,Yes,70175
Kia,2020-08-26,2247015,Average,1,Hybrid,6658,Yes,379986
Honda,2021-04-11,2730019,Excellent,2,Hybrid,135328,Yes,408768
Mahindra,2020-03-10,527579,Average,2,Hybrid,122387,Yes,50000
Mahindra,2024-04-05,455617,Poor,1,Hybrid,163738,Yes,50000
BMW,2018-11-25,759576,Excellent,2,Petrol,184801,No,52556
Toyota,2019-12-28,2111168,Good,1,Electric,16848,No,456594
Mahindra,2018-08-06,2907022,Excellent,1,Hybrid,185537,No,228837
Kia,2024-04-17,2739318,Average,4,Petrol,111758,No,444137
Maruti,2019-03-02,2143183,Good,5,Hybrid,37141,No,283351
Ford,2018-03-21,2914062,Poor,1,Diesel,43440,Yes,203985
Maruti,2018-01-12,2921372,Excellent,4,Electric,13129,No,474898
Audi,2024-02-29,1301762,Excellent,1,Diesel,164846,No,280460
Honda,2018-08-08,1750047,Excellent,2,Petrol,141941,Yes,142443
Kia,2022-06-05,1815213,Poor,2,Hybrid,30356,Yes,268285
Ford,2022-09-28,886146,Good,2,Petrol,146708,No,126985
BMW,2015-09-20,1551288,Good,2,Diesel,99284,No,99532
Mahindra,2023-04-02,2394720,Poor,4,Hybrid,157673,Yes,191126
Ford,2017-05-30,2356606,Excellent,1,Electric,173864,Yes,161205
Honda,2019-10-06,607904,Poor,1,Diesel,47746,No,59759
Toyota,2021-11-24,1036641,Average,3,Electric,161637,Yes,96826
Tata,2022-07-27,1896402,Average,1,Hybrid,121271,Yes,266854
Ford,2015-11-13,2470424,Good,3,Electric,77530,No,193220
Audi,2021-04-02,1255600,Good,1,Diesel,113404,Yes,174490
Kia,2024-09-22,2223211,Excellent,1,Petrol,88400,No,767149
Audi,2015-08-21,902002,Average,5,Electric,133119,Yes,50000
Toyota,2024-10-25,2464831,Poor,2,Electric,93167,No,486615
BMW,2020-07-28,1143388,Good,2,Electric,91282,No,190394
Mahindra,2021-01-09,1287660,Excellent,1,Diesel,104099,Yes,217263
Hyundai,2018-09-12,1971289,Poor,2,Electric,53847,Yes,154095
Ford,2023-01-13,1448823,Poor,3,Petrol,177660,No,98781
Hyundai,2022-07-05,2618760,Average,1,Hybrid,66287,Yes,477170
Toyota,2015-02-10,2296205,Average,1,Diesel,105141,No,109109
Ford,2016-03-12,554977,Excellent,5,Diesel,147854,No,50000
Maruti,2019-12-31,1471418,Average,1,Diesel,184728,Yes,82414
Maruti,2016-07-14,1729079,Poor,2,Electric,107426,Yes,74384
Maruti,2024-09-14,648885,Excellent,2,Hybrid,27676,No,311749
Maruti,2018-07-18,2545162,Good,4,Petrol,33540,No,286637
Ford,2024-10-18,1045189,Average,2,Hybrid,31717,No,334829
Mahindra,2023-04-21,2468597,Poor,3,Petrol,103220,No,282796
BMW,2022-02-26,1074747,Excellent,4,Electric,91035,No,248843
Toyota,2024-09-26,1164698,Excellent,1,Hybrid,193309,Yes,208801
Tata,2017-11-11,1732714,Excellent,3,Electric,48920,No,253921
BMW,2023-08-22,1765527,Average,1,Electric,59960,No,468815
Ford,2022-12-16,2227555,Poor,3,Petrol,168499,Yes,145103
BMW,2019-07-16,1110846,Good,2,Diesel,113741,No,123088
Audi,2015-12-13,2614750,Average,4,Petrol,169886,No,75424
Hyundai,2020-05-22,1054553,Poor,4,Electric,72663,No,99661
Mahindra,2016-10-08,1655484,Good,1,Diesel,22453,No,183436
Mahindra,2021-10-25,1989246,Excellent,4,Hybrid,158602,No,277568
Mahindra,2023-01-11,346542,Poor,4,Petrol,153257,Yes,50000
Toyota,2024-07-31,1467924,Good,4,Electric,110524,No,381022
Kia,2018-03-23,1677397,Good,1,Diesel,186036,Yes,87006
Honda,2020-06-19,953827,Average,5,Electric,46483,Yes,114956
Ford,2020-11-04,549359,Good,3,Hybrid,164224,Yes,50000
Ford,2017-01-13,1201121,Excellent,2,Diesel,190585,Yes,56207
Kia,2017-11-25,2566431,Average,5,Hybrid,69915,Yes,174082
Kia,2015-12-21,793715,Good,4,Petrol,106822,No,50000
Hyundai,2024-07-05,1005005,Excellent,4,Petrol,21417,No,374669
Maruti,2017-01-08,2314651,Average,2,Hybrid,89550,Yes,147820
BMW,2015-11-26,710604,Poor,2,Electric,121418,No,50000
Kia,2019-11-21,426950,Average,5,Petrol,187537,Yes,50000
Ford,2020-07-16,2593268,Excellent,2,Electric,191163,No,268772
Mahindra,2019-03-23,1034066,Average,3,Electric,133837,Yes,75076
Ford,2017-12-25,390946,Excellent,5,Diesel,89344,No,50000
Hyundai,2024-06-13,345435,Average,3,Hybrid,83019,No,80127
BMW,2019-08-08,1523144,Excellent,1,Electric,171511,Yes,151551
Hyundai,2019-12-01,2169240,Excellent,1,Diesel,80985,No,379640
BMW,2023-07-02,1888065,Poor,5,Electric,157578,Yes,157025
Ford,2018-12-24,2154534,Poor,3,Petrol,148333,Yes,84760
Hyundai,2024-09-10,870231,Excellent,2,Petrol,176686,No,165361
Hyundai,2021-01-22,2280215,Good,4,Diesel,51300,No,386642
Maruti,2021-03-13,1294568,Excellent,4,Electric,178864,Yes,133815
Mahindra,2024-12-22,511310,Poor,1,Petrol,22239,Yes,108529
Maruti,2016-10-13,1007636,Average,2,Diesel,161517,Yes,50000
Kia,2015-07-15,1309143,Excellent,2,Electric,137611,No,89705
Honda,2022-07-09,640451,Poor,1,Petrol,31367,No,97980
Maruti,2019-01-03,725256,Good,1,Diesel,120181,Yes,67418
Honda,2017-09-01,2536990,Average,1,Petrol,41648,No,226103
Audi,2017-06-11,1934307,Poor,1,Diesel,53913,Yes,114498
Kia,2021-01-15,921736,Good,1,Petrol,101925,Yes,122631
Tata,2017-12-18,349459,Average,3,Diesel,82566,Yes,50000
BMW,2021-09-10,881926,Average,2,Hybrid,159279,Yes,80497
Toyota,2015-05-28,2758190,Good,2,Electric,29464,No,256839
Ford,2024-03-29,2884866,Average,4,Diesel,181017,No,314092
Hyundai,2020-03-23,1239806,Average,5,Hybrid,35641,No,156681
Maruti,2024-01-08,1505199,Average,1,Petrol,96188,Yes,267589
Maruti,2019-09-08,2307273,Average,5,Electric,129314,Yes,164908
Hyundai,2023-04-01,1707971,Average,1,Hybrid,80862,Yes,329081
Maruti,2018-07-20,2447888,Average,1,Electric,17653,No,334147
Audi,2016-08-23,562705,Poor,2,Electric,88455,Yes,50000
BMW,2021-08-03,1598646,Poor,1,Diesel,163183,Yes,103239
BMW,2023-09-25,1351355,Poor,5,Petrol,107566,No,144311
Mahindra,2023-11-15,737308,Average,1,Petrol,29590,No,188639
Ford,2023-09-07,710518,Poor,3,Electric,54240,Yes,118187
Mahindra,2023-07-03,2040690,Poor,3,Hybrid,91969,No,291779
Audi,2024-03-20,2392557,Poor,2,Hybrid,187193,No,219937
Tata,2016-06-05,404944,Good,2,Diesel,141670,No,50000
Ford,2018-02-10,1943696,Poor,5,Electric,176798,Yes,58218
Hyundai,2017-06-19,2732687,Poor,1,Electric,31476,Yes,200754
Hyundai,2021-02-24,503922,Excellent,2,Hybrid,142844,Yes,70549
Honda,2023-05-28,2581299,Average,2,Hybrid,81322,No,537343
BMW,2022-04-22,791162,Excellent,2,Hybrid,45471,No,240524
Kia,2017-08-14,2162076,Average,4,Petrol,135038,Yes,93371
Honda,2024-10-09,534299,Poor,2,Diesel,141635,Yes,63681
Tata,2015-01-14,807067,Good,3,Hybrid,159096,Yes,50000
Toyota,2024-03-14,2591888,Average,5,Electric,158052,Yes,321043
Kia,2018-05-08,2329310,Good,1,Electric,161309,Yes,170088
Ford,2018-05-25,518306,Average,4,Diesel,188019,Yes,50000
Ford,2017-09-16,1852078,Good,3,Petrol,91144,No,151125
Toyota,2024-10-04,2288028,Poor,4,Electric,38236,Yes,456065
Maruti,2016-12-26,2905139,Poor,5,Hybrid,51648,Yes,137482
Toyota,2024-07-31,2190922,Excellent,1,Petrol,101372,Yes,623799
Maruti,2018-05-15,594945,Excellent,4,Hybrid,71710,No,76514
Tata,2018-09-14,2508229,Excellent,5,Petrol,108692,Yes,211541
Hyundai,2024-10-29,1725590,Average,2,Petrol,16680,Yes,461985
Mahindra,2019-12-30,566451,Good,5,Hybrid,194478,No,50000
Mahindra,2016-03-24,2457703,Good,4,Hybrid,95936,No,166218
Toyota,2015-08-06,422221,Excellent,2,Hybrid,161202,Yes,50000
BMW,2019-07-16,1984747,Excellent,4,Hybrid,71118,No,309506
Audi,2022-01-31,761748,Poor,4,Electric,177337,No,51169
Maruti,2015-03-04,1258874,Excellent,4,Hybrid,174582,Yes,50000
Tata,2016-05-09,681198,Average,2,Petrol,183168,Yes,50000
Tata,2024-11-21,324799,Average,2,Electric,97297,No,84803
Ford,2018-05-29,2168336,Poor,4,Diesel,194416,Yes,54751
Kia,2017-02-25,1208755,Poor,3,Petrol,194131,No,50000
Honda,2023-10-14,2583890,Poor,2,Hybrid,70824,Yes,404794
Hyundai,2021-11-06,406191,Poor,5,Diesel,30075,No,50000
Honda,2020-11-10,2507910,Good,5,Electric,120717,No,316535
Audi,2019-07-02,876945,Average,1,Petrol,32848,No,108861
Toyota,2021-01-24,1025744,Average,3,Diesel,106744,No,114585
Kia,2016-02-02,2598982,Good,1,Hybrid,74933,No,222955
Maruti,2015-10-18,731088,Good,2,Hybrid,154265,No,50000
Mahindra,2022-12-19,2269436,Poor,1,Hybrid,62964,Yes,338829
Hyundai,2018-10-22,2091871,Good,2,Petrol,179106,Yes,112211
Kia,2016-03-01,2635907,Poor,4,Hybrid,156993,Yes,66775
BMW,2024-02-20,1820094,Good,2,Hybrid,47643,No,615817
Hyundai,2021-06-05,2227007,Poor,1,Diesel,178359,No,138389
Audi,2016-10-17,380856,Average,4,Diesel,164562,No,50000
BMW,2015-12-05,1254844,Good,2,Diesel,125463,Yes,65179
Ford,2017-04-29,940869,Average,5,Hybrid,54852,Yes,61928
Maruti,2017-09-05,521714,Average,3,Petrol,82196,Yes,50000
Toyota,2019-12-17,1220246,Average,3,Petrol,8287,Yes,144383
Toyota,2022-08-05,1976049,Poor,2,Electric,122491,No,233226
Kia,2018-08-04,1325912,Poor,1,Hybrid,124281,Yes,72039
Maruti,2023-08-12,300384,Poor,1,Electric,171734,Yes,50000
Audi,2018-02-22,810985,Average,4,Hybrid,25048,No,80742
Honda,2018-01-03,2358181,Good,2,Hybrid,57264,No,283199
Hyundai,2017-04-13,2084608,Average,1,Diesel,163006,No,99129
Maruti,2021-11-05,708650,Excellent,1,Hybrid,32179,No,221423
Tata,2024-10-05,707297,Excellent,2,Diesel,6986,No,345998
Tata,2016-02-06,645278,Poor,3,Petrol,180494,Yes,50000
Kia,2019-12-05,1968675,Good,5,Electric,75667,No,267114
Kia,2017-03-07,2434057,Poor,2,Electric,34727,No,178027
Tata,2017-05-14,2562232,Average,4,Hybrid,113602,Yes,137157
BMW,2024-01-25,1008864,Good,5,Electric,171631,Yes,138211
Mahindra,2024-01-04,315548,Average,3,Hybrid,6956,Yes,82814
Kia,2017-05-09,332171,Excellent,2,Hybrid,88953,No,50000
BMW,2016-10-15,2678876,Excellent,2,Electric,163865,Yes,169826
Kia,2015-09-20,1698125,Average,5,Diesel,190925,No,50000
Ford,2016-05-27,390856,Good,1,Petrol,40599,No,50000
Audi,2023-07-21,926794,Excellent,2,Electric,85981,No,308252
Kia,2017-07-05,2846135,Excellent,2,Petrol,105168,No,265639
BMW,2018-11-26,2235342,Average,2,Diesel,78765,Yes,191036
Hyundai,2017-03-25,2470115,Good,1,Electric,83431,No,260844
Honda,2017-07-16,1163153,Excellent,1,Petrol,130692,Yes,89812
Mahindra,2018-10-28,1358896,Average,1,Electric,86705,No,146510
Toyota,2021-06-18,2873199,Good,3,Petrol,88950,No,436209
Maruti,2020-04-17,477495,Good,5,Diesel,115531,Yes,50000
Honda,2017-09-30,1464986,Average,1,Diesel,162124,No,75625
Maruti,2020-01-03,1140554,Poor,2,Hybrid,99970,No,93735
Audi,2020-04-23,2642611,Poor,1,Electric,106937,Yes,221686
Toyota,2020-07-29,916600,Excellent,5,Hybrid,99343,No,139619
Honda,2019-05-22,2016991,Good,5,Diesel,135930,Yes,145597
Honda,2015-06-22,2995017,Excellent,4,Electric,180326,No,133943
Kia,2023-07-15,1263914,Poor,5,Electric,161109,No,114561
Hyundai,2022-12-15,600208,Excellent,2,Electric,138370,No,136816
Audi,2024-06-13,417080,Good,4,Petrol,19562,No,129165
Maruti,2017-10-25,2215840,Good,4,Hybrid,77834,No,211230
Ford,2022-10-23,351767,Excellent,5,Hybrid,136604,No,62748
Honda,2016-03-20,611157,Good,4,Hybrid,105964,No,50000
Maruti,2021-02-23,534257,Poor,3,Hybrid,83928,No,54100
Mahindra,2015-07-31,1339891,Good,2,Diesel,187020,Yes,50000
Mahindra,2024-10-20,1672456,Average,5,Diesel,148712,No,238736
Hyundai,2022-05-19,1991539,Excellent,4,Petrol,188506,Yes,189131
Maruti,2018-09-09,2107189,Average,5,Diesel,191593,Yes,71773
Audi,2016-10-31,2003091,Excellent,4,Electric,186095,No,106383
Hyundai,2015-02-19,2893809,Good,3,Electric,19534,No,253355
Hyundai,2024-03-18,2099498,Poor,4,Petrol,164561,No,181249
Honda,2018-11-13,1247727,Average,2,Diesel,174797,Yes,59998
Kia,2019-09-07,842293,Excellent,5,Petrol,33889,No,128767
Toyota,2017-02-16,2149321,Good,4,Electric,45203,No,223268
Ford,2015-02-08,2625101,Average,5,Electric,184401,Yes,60330
Audi,2024-03-21,1383068,Good,5,Diesel,145503,No,229216
Hyundai,2022-09-26,1167468,Good,5,Diesel,34840,No,260871
BMW,2016-02-03,1430721,Good,3,Diesel,26797,No,125762
Audi,2021-08-20,2184575,Average,4,Electric,46159,No,376394
Ford,2022-12-15,2902256,Average,5,Petrol,177989,Yes,207800
Toyota,2017-04-22,1971551,Average,2,Diesel,78205,No,144776
BMW,2024-06-24,1038418,Good,4,Diesel,70765,No,283031
BMW,2024-03-23,1026184,Excellent,5,Hybrid,186503,Yes,144055
BMW,2016-07-12,2127117,Poor,5,Electric,196092,No,50000
Ford,2017-09-03,2118514,Poor,4,Hybrid,59765,Yes,115224
Honda,2015-03-28,2164963,Average,5,Petrol,173453,Yes,50000
BMW,2019-07-18,2666202,Excellent,2,Hybrid,29106,No,550473
Honda,2018-01-02,2008727,Good,2,Electric,78413,No,233873
Mahindra,2024-05-28,434374,Average,4,Diesel,137980,Yes,59528
Toyota,2021-01-15,1584584,Good,2,Electric,147316,Yes,187464
BMW,2016-04-13,1928060,Poor,1,Electric,142279,Yes,68638
Audi,2020-05-05,2538478,Good,5,Petrol,96318,No,275567
Honda,2018-09-13,531194,Poor,5,Diesel,117811,Yes,50000
Kia,2016-07-29,2436959,Excellent,4,Hybrid,195126,Yes,96801
Mahindra,2020-10-14,2266729,Good,4,Diesel,120150,Yes,239261
Kia,2022-09-03,652501,Average,4,Electric,159385,Yes,66352
Kia,2023-10-10,2781812,Excellent,4,Electric,135081,Yes,595210
Ford,2020-12-12,2233049,Poor,3,Electric,148180,Yes,147072
Maruti,2023-12-28,1349529,Poor,3,Hybrid,147066,Yes,138197
Audi,2018-01-14,2345528,Average,3,Diesel,192137,No,89371
Tata,2021-02-22,922200,Good,1,Hybrid,167930,No,105655
Hyundai,2015-06-23,2042246,Poor,5,Hybrid,115636,No,62346
Hyundai,2024-02-02,2379909,Poor,3,Petrol,94281,No,323873
Maruti,2020-01-31,518531,Poor,3,Petrol,49222,No,50000
Kia,2020-02-17,1223025,Good,2,Diesel,164357,No,108654
BMW,2021-09-12,1326233,Excellent,3,Electric,142738,Yes,204438
BMW,2023-10-18,2074767,Poor,2,Hybrid,156074,No,227211
Honda,2024-09-13,989646,Average,4,Diesel,160083,No,136547
Honda,2019-08-08,683555,Poor,1,Petrol,153168,No,50000
Hyundai,2018-12-20,1850934,Average,3,Diesel,29892,No,205477
Toyota,2016-02-26,771532,Average,4,Petrol,107971,Yes,50000
Maruti,2015-02-10,1813607,Average,5,Hybrid,70253,No,86704
Toyota,2023-01-19,1167931,Average,2,Diesel,39958,No,255914
Kia,2018-12-17,1746417,Good,2,Diesel,141102,No,150283
Kia,2016-11-27,1444123,Good,1,Hybrid,11531,No,181394
Toyota,2023-04-04,2939286,Poor,5,Diesel,67533,Yes,338385
Honda,2016-04-23,583621,Average,1,Diesel,104298,No,50000
Tata,2020-04-21,772887,Excellent,1,Petrol,197044,Yes,56897
Honda,2023-04-23,2914260,Poor,3,Petrol,131896,No,285453
Kia,2024-03-26,958476,Poor,2,Diesel,132221,Yes,110865
Mahindra,2019-10-02,801767,Poor,2,Electric,72801,No,76294
Honda,2024-01-05,2316211,Average,5,Petrol,143815,Yes,252099
BMW,2022-09-28,1861077,Good,5,Petrol,199039,Yes,133124
Hyundai,2023-04-28,2061763,Good,5,Diesel,152702,Yes,253357
Tata,2021-05-12,1382597,Poor,3,Electric,184379,Yes,74171
Maruti,2020-01-05,1024897,Average,3,Petrol,69602,Yes,96593
Toyota,2020-04-04,1331774,Good,1,Hybrid,132987,Yes,150325
Toyota,2015-12-16,1369588,Excellent,1,Hybrid,135887,Yes,90568
BMW,2024-02-13,385463,Average,1,Hybrid,99393,Yes,78329
Kia,2019-04-19,1251220,Excellent,4,Petrol,56525,No,174635
Mahindra,2020-02-20,2047977,Poor,5,Electric,89168,No,162156
Ford,2020-07-07,517409,Good,5,Diesel,145059,No,50000
Maruti,2021-02-24,2670604,Excellent,4,Hybrid,190863,No,258125
Maruti,2015-03-20,833101,Average,5,Hybrid,191560,Yes,50000
Tata,2019-06-05,2207630,Average,1,Diesel,167645,Yes,129358
Audi,2023-10-23,2136499,Poor,1,Hybrid,74343,Yes,348304
BMW,2017-05-23,910556,Average,1,Hybrid,58393,Yes,74627
Kia,2015-11-29,1691348,Poor,2,Petrol,101259,Yes,55870
Toyota,2017-09-24,1223966,Average,3,Hybrid,163115,No,60059
Audi,2015-02-08,1403464,Average,2,Hybrid,118447,Yes,56616
Honda,2015-02-06,805304,Poor,3,Petrol,173923,No,50000
Ford,2015-10-21,2558248,Good,4,Diesel,179054,Yes,80753
Kia,2021-10-15,2215738,Poor,3,Hybrid,23742,No,318370
Tata,2024-08-24,1772162,Poor,3,Petrol,160601,Yes,161062
Toyota,2021-07-31,1990960,Excellent,5,Diesel,163274,No,228120
BMW,2017-10-08,1737735,Good,2,Petrol,111100,Yes,123033
BMW,2017-05-08,520583,Poor,1,Diesel,152266,No,50000
Kia,2020-03-30,2107710,Excellent,3,Hybrid,111783,No,321023
Tata,2019-08-15,1573314,Average,2,Hybrid,10687,No,234180
Maruti,2022-08-12,2330811,Good,5,Petrol,44729,No,458687
Toyota,2023-09-27,1430851,Average,4,Diesel,122350,Yes,192871
Maruti,2024-09-05,2337207,Excellent,4,Hybrid,116755,Yes,606008
Hyundai,2019-04-23,1736843,Poor,3,Electric,181501,Yes,68383
Audi,2018-12-07,469370,Poor,4,Petrol,60957,Yes,50000
Tata,2024-01-23,1423531,Good,1,Petrol,175634,Yes,194322
Hyundai,2021-11-06,336056,Poor,3,Electric,162735,Yes,50000
Audi,2017-12-23,2796921,Excellent,2,Diesel,80808,No,339555
Honda,2017-04-27,2644987,Good,3,Petrol,23166,No,268543
Mahindra,2024-11-25,841438,Excellent,3,Petrol,39015,No,331619
Maruti,2021-09-09,955422,Average,3,Diesel,197506,No,62652
Tata,2015-11-12,1716283,Average,5,Petrol,36721,Yes,83691
BMW,2022-05-21,2279493,Good,5,Electric,36543,No,541785
Kia,2015-04-26,2129049,Poor,1,Petrol,17470,No,106165
Hyundai,2020-08-23,922830,Poor,3,Electric,39676,No,110213
Hyundai,2015-11-23,2645010,Average,4,Hybrid,58699,No,160276
Ford,2021-07-17,300211,Average,2,Hybrid,67649,No,50000
Audi,2024-04-21,1171885,Excellent,1,Diesel,72935,No,434112
Honda,2016-07-02,2087467,Poor,2,Diesel,118071,No,82731
Toyota,2021-07-28,1600919,Poor,2,Hybrid,27549,Yes,208067
Toyota,2020-06-10,906316,Poor,2,Diesel,49662,No,93803
Hyundai,2024-08-04,2116206,Average,4,Petrol,156368,Yes,247336
Maruti,2018-02-21,1299521,Average,2,Electric,158914,Yes,70922
Kia,2024-09-25,2077294,Poor,4,Electric,20431,Yes,440456
Ford,2022-11-18,938246,Excellent,2,Diesel,185705,Yes,118665
Kia,2015-12-15,2532830,Average,1,Diesel,81967,Yes,139014
Maruti,2022-10-15,2269524,Average,5,Hybrid,10812,No,475971
Tata,2021-03-28,388319,Good,2,Hybrid,92136,No,67534
Honda,2019-02-05,843098,Excellent,1,Electric,90710,No,139880
Audi,2017-09-20,677052,Excellent,4,Diesel,76852,No,71802
Audi,2015-11-08,1222897,Excellent,3,Diesel,87134,No,96686
Maruti,2019-06-19,1987467,Excellent,4,Hybrid,116852,No,245038
Tata,2019-01-11,1573602,Poor,2,Petrol,167950,Yes,57351
Mahindra,2022-08-02,1481316,Average,3,Electric,140780,Yes,178043
BMW,2022-07-30,2431295,Good,3,Electric,54791,No,624226
Toyota,2018-03-01,2585261,Good,3,Diesel,98115,No,235234
Tata,2015-01-19,725796,Average,5,Electric,137819,Yes,50000
BMW,2015-02-16,1875323,Average,1,Hybrid,176796,Yes,54232
BMW,2021-02-20,1740380,Good,3,Hybrid,146300,Yes,187792
Audi,2020-04-24,1107041,Excellent,2,Petrol,160802,No,116462
Toyota,2022-08-30,826369,Poor,4,Petrol,45197,No,104315
Tata,2023-09-25,2393248,Good,3,Petrol,15353,No,708834
Toyota,2023-04-29,2963815,Poor,1,Petrol,70064,Yes,398150
Toyota,2016-01-09,1239319,Average,3,Hybrid,116142,Yes,55680
Hyundai,2016-01-05,1476000,Poor,4,Hybrid,57415,No,68739
Maruti,2016-10-26,1349543,Poor,2,Diesel,192008,Yes,50000
Honda,2019-09-26,1547050,Average,1,Hybrid,104184,Yes,150439
Honda,2023-03-26,966045,Excellent,2,Diesel,89273,No,264975
Audi,2021-03-17,812448,Good,1,Petrol,155285,Yes,81146
Honda,2016-12-05,1973594,Excellent,2,Electric,126827,Yes,162810
Mahindra,2024-08-21,2923979,Average,3,Hybrid,143215,No,505379
Tata,2015-07-27,1392139,Good,3,Diesel,156402,Yes,53167
Ford,2015-12-12,1184849,Poor,3,Petrol,186390,Yes,50000
Mahindra,2024-02-21,925031,Poor,2,Diesel,35549,Yes,166112
Kia,2023-07-06,1618769,Good,2,Diesel,95464,No,375825
Toyota,2021-08-17,1174183,Good,2,Hybrid,50391,No,261225
Honda,2016-07-06,1468195,Poor,2,Hybrid,164975,No,50000
Honda,2021-04-23,2122254,Poor,5,Electric,166918,No,128336
Maruti,2022-11-24,2351953,Good,3,Diesel,135686,No,376130
Ford,2017-02-28,848041,Excellent,5,Petrol,120502,No,58031
Hyundai,2023-06-24,1104984,Excellent,2,Diesel,13593,No,428777
BMW,2015-06-10,475752,Excellent,4,Petrol,84886,No,50000
Tata,2021-12-29,2161363,Excellent,4,Petrol,154215,No,280063
Toyota,2018-08-17,1708838,Excellent,3,Petrol,110484,No,176253
Tata,2022-07-01,1418248,Good,5,Petrol,43560,No,275185
Tata,2015-06-12,1710830,Excellent,2,Hybrid,38213,No,175275
Audi,2018-02-14,755181,Average,5,Petrol,135341,No,50000
Kia,2023-05-16,1536513,Poor,1,Diesel,18872,No,302717
Toyota,2020-01-16,2291469,Average,2,Hybrid,42145,No,325564
Mahindra,2023-05-22,938826,Average,5,Diesel,34925,No,186526
Honda,2015-08-30,2401803,Good,1,Hybrid,47376,No,215749
Maruti,2023-11-14,1208479,Average,2,Electric,9666,No,382778
Ford,2021-12-16,1990108,Average,3,Hybrid,181906,No,167544
Audi,2017-12-21,2764058,Good,5,Diesel,14777,No,306151
Honda,2021-06-19,2523800,Good,5,Diesel,161064,Yes,216302
Kia,2016-09-24,300872,Average,5,Diesel,46946,Yes,50000
Mahindra,2019-09-23,465217,Poor,5,Diesel,8766,No,50000
Honda,2018-12-26,885719,Average,3,Diesel,20183,Yes,91919
Toyota,2024-08-30,850835,Average,1,Electric,107884,No,213586
Toyota,2017-11-26,1129876,Poor,2,Electric,107173,No,67563
Hyundai,2023-12-19,2016372,Good,1,Electric,78696,No,650617
Mahindra,2016-12-23,2273649,Good,2,Electric,68047,No,234490
Honda,2024-07-18,2169936,Good,1,Hybrid,183435,Yes,343312
Honda,2018-11-04,450452,Good,2,Petrol,131237,Yes,50000
Maruti,2016-07-15,1002957,Excellent,5,Hybrid,156606,Yes,50949
Kia,2021-07-09,866753,Good,4,Electric,104159,Yes,127216
Maruti,2020-04-20,1066167,Average,3,Diesel,47001,No,137705
BMW,2024-04-09,2499368,Excellent,4,Petrol,96031,No,656291
Mahindra,2022-08-11,2245084,Poor,3,Electric,38775,Yes,333372
Ford,2023-07-19,2437148,Excellent,1,Hybrid,181146,Yes,401023
BMW,2016-02-20,1643235,Good,5,Diesel,33601,No,126147
Hyundai,2021-06-28,2533724,Poor,2,Petrol,14587,No,330935
Mahindra,2017-01-03,463153,Poor,4,Hybrid,74154,No,50000
Mahindra,2023-01-02,2237639,Average,3,Electric,176581,No,247968
Hyundai,2016-05-15,2364807,Good,3,Electric,143094,Yes,127429
Mahindra,2015-12-25,662338,Good,1,Electric,92616,No,54669
Tata,2022-02-20,2314945,Average,4,Electric,28096,Yes,417343
Honda,2016-08-09,1299962,Average,2,Electric,22009,Yes,108892
BMW,2021-08-20,2223324,Average,5,Diesel,172854,Yes,143408
Ford,2017-03-07,2026639,Excellent,3,Hybrid,143513,No,155932
Hyundai,2020-12-10,1451170,Excellent,1,Hybrid,86549,No,311997
Ford,2017-08-28,511526,Average,3,Hybrid,36600,Yes,50000
Honda,2024-08-07,489030,Good,2,Electric,186712,No,85088
BMW,2015-02-18,2520612,Good,4,Hybrid,127048,Yes,108820
Audi,2017-07-10,427341,Excellent,2,Diesel,68182,No,50959
Toyota,2018-09-08,1570085,Good,4,Petrol,168395,No,89379
Audi,2023-12-31,2388995,Average,4,Diesel,167756,No,277861
Honda,2024-04-18,2043074,Good,5,Electric,108030,No,482804
Mahindra,2021-10-12,2944613,Excellent,3,Hybrid,127005,Yes,476269
Hyundai,2016-03-23,2530199,Excellent,1,Petrol,136420,Yes,152436
Audi,2017-07-14,2398491,Average,3,Petrol,31280,No,195786
BMW,2021-02-28,923184,Good,4,Electric,155150,Yes,94540
Hyundai,2018-12-10,958619,Average,3,Hybrid,90390,Yes,78927
Kia,2023-02-06,1145348,Excellent,4,Hybrid,189841,No,153422
Toyota,2019-09-23,2445097,Average,1,Electric,87868,No,303680
Honda,2021-06-19,1163600,Poor,2,Petrol,21977,No,147453
Kia,2018-10-04,2214472,Excellent,3,Hybrid,43753,No,360573
Mahindra,2020-08-17,2842994,Excellent,5,Petrol,71525,No,435120
Tata,2021-07-15,2815875,Poor,1,Hybrid,107866,Yes,270101
Ford,2024-10-27,2076232,Average,2,Electric,8370,Yes,694153
Audi,2017-06-13,1313420,Poor,5,Hybrid,185580,Yes,50000
Audi,2023-08-07,477010,Good,2,Electric,119276,No,112491
Tata,2015-07-08,2759512,Average,5,Hybrid,79387,No,135310
Mahindra,2017-08-17,1335506,Poor,2,Diesel,117990,Yes,57227
Mahindra,2018-05-23,2187543,Poor,3,Diesel,68827,Yes,127711
Kia,2018-02-16,2897564,Poor,2,Electric,60708,Yes,200711
Hyundai,2015-06-06,2265728,Good,5,Diesel,145722,Yes,80782
Mahindra,2018-09-26,2163927,Good,2,Diesel,117194,No,206548
Toyota,2020-07-30,1475419,Good,4,Hybrid,115967,No,182584
Audi,2018-11-24,1157755,Good,5,Diesel,24378,No,144044
Toyota,2018-03-25,1756075,Average,2,Petrol,178413,No,76660
Toyota,2016-06-08,1750056,Poor,1,Petrol,163706,No,50506
Tata,2024-04-16,1972257,Average,1,Electric,36399,No,639407
Maruti,2015-03-27,2848353,Excellent,5,Petrol,166116,Yes,95634
BMW,2015-12-28,505073,Good,4,Petrol,72342,No,50000
Toyota,2024-11-17,2831890,Good,2,Hybrid,171572,Yes,495136
Honda,2018-11-21,2133887,Excellent,2,Diesel,30317,No,369678
Maruti,2015-06-20,1514132,Excellent,1,Diesel,25419,No,161136
Tata,2020-01-28,991209,Average,1,Hybrid,167876,Yes,68727
Mahindra,2016-09-26,540678,Poor,4,Petrol,112882,Yes,50000
BMW,2016-03-29,478543,Average,4,Electric,165395,No,50000
Audi,2019-11-10,2763043,Excellent,4,Hybrid,129140,Yes,304963
Maruti,2022-06-17,996660,Average,4,Hybrid,106925,Yes,126504
BMW,2024-10-23,2810280,Excellent,1,Electric,78784,No,1248145
Hyundai,2017-08-27,2893546,Excellent,4,Petrol,118301,No,230729
Toyota,2024-09-24,1290642,Excellent,1,Diesel,78433,No,500085
Audi,2017-05-25,770647,Excellent,2,Diesel,92558,No,80568
Tata,2019-06-10,2603303,Excellent,1,Petrol,174379,Yes,203146
Ford,2017-07-11,832629,Poor,5,Petrol,98202,No,50000
BMW,2018-06-09,2660485,Good,4,Diesel,127319,Yes,184015
Maruti,2021-04-04,2909355,Poor,4,Hybrid,28506,No,355891
Toyota,2023-05-12,516288,Average,2,Electric,51363,Yes,116022
Hyundai,2023-03-08,704099,Poor,2,Electric,55210,No,126113
Toyota,2024-09-04,2710857,Average,3,Diesel,19829,Yes,710869
Honda,2021-08-31,2946024,Average,1,Hybrid,168165,Yes,263999
Hyundai,2018-03-31,1542419,Excellent,4,Hybrid,6098,No,250314
Kia,2015-11-16,2132534,Good,4,Petrol,119534,Yes,94837
BMW,2015-11-30,2233183,Excellent,5,Petrol,45538,No,176829
Toyota,2015-10-19,467535,Poor,1,Diesel,185568,Yes,50000
Kia,2023-07-14,2754275,Good,4,Electric,51066,No,791996
Honda,2015-04-25,492900,Average,5,Electric,136274,Yes,50000
BMW,2024-07-03,1515673,Excellent,2,Petrol,28963,No,613872
Audi,2015-03-18,932118,Average,3,Petrol,100501,Yes,50000
Mahindra,2020-09-24,1281114,Excellent,4,Petrol,55617,No,226636
BMW,2018-08-06,2084799,Good,5,Hybrid,194498,Yes,90759
Honda,2021-08-17,1424174,Average,5,Diesel,178926,No,97064
Ford,2024-05-06,1010046,Good,4,Electric,80005,No,292966
Tata,2016-07-09,1141423,Excellent,3,Hybrid,49806,No,126125
Honda,2020-11-10,509530,Excellent,4,Electric,136929,No,74580
Mahindra,2021-06-21,2577963,Average,3,Petrol,32667,Yes,357426
Mahindra,2015-10-07,1834059,Excellent,2,Electric,6779,No,235573
Toyota,2021-04-25,2507804,Poor,4,Petrol,199085,Yes,90640
BMW,2015-12-19,907895,Poor,1,Petrol,141387,Yes,50000
Ford,2022-05-15,707264,Poor,3,Diesel,104881,Yes,66556
Hyundai,2022-12-07,761794,Excellent,1,Diesel,145761,Yes,138026
Hyundai,2017-02-11,2392427,Good,5,Diesel,45228,No,205906
Toyota,2023-10-24,877746,Good,4,Diesel,113262,Yes,157341
Kia,2015-06-20,2263087,Poor,2,Hybrid,43789,No,113862
Honda,2018-02-12,603934,Excellent,1,Hybrid,143194,Yes,54221
Hyundai,2019-07-28,377035,Excellent,5,Hybrid,135043,Yes,50000
Toyota,2015-05-28,559336,Poor,5,Petrol,86334,Yes,50000
Maruti,2018-10-01,2493271,Poor,5,Diesel,120932,Yes,106243
Maruti,2023-02-27,2908847,Good,1,Petrol,60933,No,732217
Maruti,2022-03-29,2678431,Poor,3,Petrol,113810,No,244258
Maruti,2023-03-03,1140557,Excellent,2,Diesel,10120,No,425967
Toyota,2016-01-08,1874402,Poor,3,Hybrid,83567,Yes,74317
Audi,2022-04-09,559032,Excellent,5,Petrol,116064,Yes,80977
Maruti,2017-06-03,1048203,Poor,4,Electric,18177,Yes,68208
Ford,2018-01-04,845299,Good,4,Electric,116351,Yes,65741
Honda,2021-11-15,2150172,Average,4,Diesel,112357,No,251180
Tata,2021-05-24,2151057,Poor,3,Diesel,92510,No,204114
Kia,2022-12-23,1950576,Excellent,3,Petrol,95659,No,440128
Ford,2024-07-04,584508,Good,1,Diesel,191699,No,88944
Tata,2022-08-25,1372565,Good,1,Petrol,155402,No,192365
Audi,2024-03-15,1962282,Good,5,Electric,100157,Yes,427929
Toyota,2024-09-05,1757838,Excellent,2,Electric,154929,No,476102
Toyota,2016-03-01,887808,Average,4,Petrol,44522,Yes,50000
BMW,2022-09-04,1802215,Average,3,Petrol,151753,Yes,168551
Maruti,2021-04-21,1644929,Poor,4,Petrol,35492,Yes,155555
Tata,2024-12-31,2735052,Good,4,Hybrid,75810,No,846315
Honda,2016-09-13,1182573,Average,2,Diesel,89146,Yes,67337
Kia,2016-05-30,2810833,Excellent,2,Electric,7750,No,399709
Kia,2016-12-12,1503910,Average,4,Diesel,153120,Yes,55555
Kia,2023-03-24,554409,Excellent,2,Hybrid,181984,No,90761
Maruti,2019-09-24,1842724,Average,5,Hybrid,78420,Yes,162069
Toyota,2023-07-17,1844666,Poor,5,Hybrid,171505,No,145716
Ford,2016-10-09,1267206,Average,4,Diesel,170511,Yes,50000
Hyundai,2022-01-11,2980957,Excellent,2,Petrol,9776,No,864418
BMW,2017-10-27,587660,Excellent,5,Petrol,74917,No,56137
Tata,2024-01-07,1264092,Excellent,3,Diesel,26322,No,484757
Maruti,2020-06-21,2797903,Average,3,Electric,58560,No,401787
Mahindra,2022-02-01,1683959,Average,3,Hybrid,106373,Yes,213626
Maruti,2024-07-10,1485850,Good,5,Diesel,120666,No,300319
Audi,2023-07-08,2568912,Poor,2,Electric,95285,No,406280
BMW,2021-04-12,2592357,Good,4,Electric,123346,Yes,330024
Mahindra,2023-06-06,1714462,Poor,2,Electric,127894,Yes,202258
Kia,2019-01-11,912743,Poor,4,Petrol,27778,Yes,61358
Mahindra,2021-07-23,2755907,Poor,2,Electric,92136,No,321891
Maruti,2019-08-07,1888996,Average,2,Diesel,117450,Yes,149158
Audi,2017-07-03,922479,Average,2,Hybrid,62979,Yes,71758
Maruti,2024-04-16,798528,Good,1,Hybrid,148749,Yes,157281
Tata,2018-10-17,699637,Average,2,Hybrid,62072,Yes,67379
BMW,2017-09-14,863860,Poor,2,Diesel,112538,Yes,50000
Ford,2022-01-15,2914372,Excellent,5,Electric,97962,No,602661
Audi,2020-03-05,1938611,Poor,2,Hybrid,126572,No,142001
Ford,2022-04-11,2908059,Average,1,Electric,35555,No,681527
Audi,2023-04-05,1764002,Poor,4,Petrol,101854,No,190813
Tata,2018-09-20,660568,Excellent,1,Electric,40492,No,127794
Hyundai,2020-12-17,2006513,Excellent,1,Hybrid,135641,Yes,299892
Tata,2015-07-04,2040485,Excellent,2,Diesel,64887,No,177746
Ford,2022-01-09,690802,Good,1,Electric,82256,No,159942
BMW,2019-08-12,1265542,Good,5,Electric,118855,No,131733
Honda,2019-10-08,1857405,Average,1,Electric,29215,Yes,266801
Toyota,2021-05-01,646839,Good,4,Petrol,80193,No,94553
Tata,2024-10-31,576807,Poor,5,Electric,183169,Yes,50000
Mahindra,2018-10-26,2004583,Poor,5,Diesel,89938,No,112584
Toyota,2018-05-17,337413,Good,1,Petrol,108190,Yes,50000
Maruti,2019-09-24,2697439,Good,2,Diesel,68956,No,382498
Maruti,2024-05-13,940121,Average,1,Diesel,90105,Yes,195055
Tata,2024-04-24,1059188,Excellent,5,Electric,161978,No,216529
Toyota,2023-02-19,2812105,Average,3,Petrol,189862,Yes,210569
BMW,2024-09-29,1283176,Poor,2,Petrol,197715,Yes,91784
Audi,2019-06-22,2521874,Good,3,Diesel,93951,No,289747
Honda,2021-05-19,2035759,Average,5,Electric,148432,Yes,170207
Ford,2015-05-08,1665891,Poor,1,Hybrid,151136,Yes,50000
Honda,2016-11-02,1703085,Good,1,Petrol,116015,No,118063
Mahindra,2020-10-19,2367459,Poor,3,Petrol,164139,No,124645
Maruti,2022-11-06,1376356,Excellent,2,Diesel,187893,Yes,169833
Honda,2023-01-21,2398036,Poor,3,Hybrid,53540,Yes,339997
Tata,2020-08-08,1130825,Excellent,5,Petrol,30028,No,203689
Toyota,2016-04-19,1963465,Average,1,Hybrid,48164,Yes,140432
Hyundai,2019-08-30,1199452,Poor,5,Diesel,57772,Yes,80189
Toyota,2020-03-16,1619378,Good,5,Petrol,42803,No,217094
BMW,2017-01-21,2273006,Poor,1,Diesel,112098,Yes,96483
Ford,2016-02-23,2738895,Average,2,Hybrid,156287,Yes,103583
Mahindra,2021-06-04,1134983,Good,1,Diesel,48509,No,242923
Mahindra,2021-03-28,1313688,Poor,2,Hybrid,35296,No,174568
Kia,2024-10-21,1145190,Good,4,Hybrid,136318,No,250668
Audi,2018-02-08,704243,Excellent,5,Hybrid,144020,Yes,50225
Hyundai,2019-01-27,682550,Good,1,Petrol,54895,No,90651
Honda,2018-03-14,1711556,Good,4,Hybrid,51663,No,194108
Audi,2018-07-28,647589,Good,5,Diesel,69722,No,63841
BMW,2017-08-26,2695151,Good,3,Hybrid,195628,Yes,111987
BMW,2022-04-10,2245101,Average,1,Diesel,186517,Yes,179226
Audi,2022-01-01,1085309,Good,5,Hybrid,193724,Yes,82815
Mahindra,2024-01-23,355205,Poor,2,Hybrid,198466,No,50000
Maruti,2016-12-31,1649550,Average,2,Hybrid,153638,No,81115
Mahindra,2015-06-14,905011,Good,2,Petrol,80649,No,56698
Honda,2019-10-03,380130,Excellent,4,Hybrid,185038,Yes,50000
Audi,2022-02-02,1767778,Poor,3,Electric,125691,No,178832
Ford,2015-03-15,1781711,Average,1,Electric,108233,No,95825
Hyundai,2018-11-13,1597825,Excellent,4,Diesel,183719,Yes,95769
Toyota,2015-04-22,1717272,Excellent,3,Hybrid,122049,Yes,99679
Tata,2017-06-12,2247771,Average,3,Petrol,43626,Yes,155319
BMW,2023-12-31,682755,Excellent,2,Electric,31778,No,306020
Tata,2021-02-06,1733797,Excellent,2,Petrol,6498,No,437210
Kia,2022-06-09,1139020,Average,4,Petrol,132561,No,121461
Ford,2017-09-12,2580404,Average,5,Electric,184819,Yes,90079
Toyota,2017-04-18,664970,Average,2,Electric,121378,No,50000
BMW,2019-03-09,624790,Poor,1,Hybrid,62923,Yes,50445
Maruti,2021-11-22,1411874,Excellent,3,Petrol,75866,No,292946
Honda,2020-06-10,1288906,Average,2,Diesel,152629,Yes,94238
Hyundai,2022-12-21,2774016,Good,5,Electric,35008,No,729462
Maruti,2021-07-10,807871,Average,3,Diesel,44859,Yes,115509
Ford,2016-01-18,683918,Good,5,Electric,89374,No,50000
Maruti,2021-07-23,2754143,Average,4,Petrol,199651,Yes,137315
Kia,2017-11-29,437398,Average,1,Petrol,74870,Yes,50000
Hyundai,2015-12-15,1324850,Poor,2,Electric,112261,No,56176
Hyundai,2016-12-20,1063619,Excellent,2,Electric,23227,No,156860
Honda,2020-06-02,1351181,Good,5,Petrol,14411,No,208243
Ford,2015-12-30,2501995,Poor,1,Diesel,89421,No,111263
Tata,2024-11-27,484757,Poor,3,Hybrid,118140,No,76139
Ford,2017-03-27,407933,Average,2,Hybrid,90719,No,50000
Audi,2015-08-30,1180626,Good,4,Diesel,141811,Yes,50000
Mahindra,2019-10-13,1439048,Good,4,Diesel,187410,No,89728
Mahindra,2016-01-16,2504917,Excellent,1,Diesel,11601,No,307436
Audi,2020-09-09,1970507,Average,3,Hybrid,154737,Yes,149441
Mahindra,2017-07-29,1743955,Good,5,Petrol,163659,No,80791
Mahindra,2020-01-18,2788390,Good,1,Electric,153861,No,314172
Toyota,2019-07-15,1410159,Good,3,Diesel,94067,No,163593
BMW,2021-05-07,2055627,Poor,3,Hybrid,173913,Yes,112933
Ford,2018-05-21,471543,Good,3,Petrol,33327,No,54839
Toyota,2022-12-20,789510,Good,2,Petrol,66152,No,179090
Kia,2021-07-03,1413871,Poor,5,Electric,148713,Yes,90285
Toyota,2023-11-17,1790453,Average,3,Electric,147089,No,283342
Audi,2020-06-19,1394424,Good,1,Diesel,155960,Yes,131643
Hyundai,2019-10-15,2213811,Poor,1,Diesel,178489,Yes,94726
Honda,2019-06-26,1275870,Good,1,Electric,38304,No,234864
Toyota,2015-07-08,492471,Good,1,Hybrid,73243,No,50000
Toyota,2023-03-28,1589186,Poor,2,Electric,187201,No,132337
Honda,2017-03-27,1550597,Poor,4,Petrol,161178,Yes,50000
Hyundai,2018-11-03,1780147,Poor,4,Diesel,120561,No,91066
Kia,2016-04-07,2542606,Good,4,Petrol,11431,No,214105
Hyundai,2017-11-17,2929736,Average,4,Diesel,96753,Yes,174238
Kia,2021-04-29,1579665,Excellent,5,Hybrid,167462,Yes,161601
BMW,2016-02-18,1965692,Average,4,Hybrid,85999,No,109808
Audi,2015-06-23,2167875,Good,4,Petrol,189049,Yes,55542
Kia,2018-06-12,1213151,Good,1,Hybrid,122792,Yes,108202
Hyundai,2017-02-28,408216,Poor,5,Petrol,107334,No,50000
Toyota,2019-11-11,370058,Average,5,Hybrid,146759,No,50000
Toyota,2019-05-21,2010396,Good,3,Diesel,27103,No,301590
Honda,2023-03-09,1496471,Average,1,Hybrid,132922,No,241770
Honda,2023-08-27,704475,Good,2,Diesel,107428,Yes,141836
Audi,2021-11-29,786768,Average,2,Petrol,51373,No,127827
Toyota,2020-05-13,1148112,Good,2,Diesel,114487,No,144945
Kia,2017-04-20,1298435,Excellent,2,Diesel,125444,Yes,101214
BMW,2022-01-01,1479366,Poor,3,Diesel,136014,Yes,110224
Toyota,2024-04-24,664292,Excellent,1,Hybrid,43955,No,296381
Honda,2018-09-30,905883,Good,3,Petrol,180025,Yes,50000
Ford,2018-10-05,2327905,Good,3,Diesel,98082,No,233447
Kia,2016-02-17,1961490,Excellent,3,Diesel,43074,No,195791
Kia,2019-06-15,1998453,Average,4,Hybrid,59593,No,215232
Maruti,2021-07-14,2901871,Good,5,Hybrid,104913,Yes,376669
BMW,2023-07-20,1656890,Good,5,Electric,112036,No,339493
Audi,2024-09-03,2483181,Good,5,Electric,150377,No,486346
Audi,2020-06-18,902385,Good,1,Hybrid,12691,No,201304
Mahindra,2021-04-27,474354,Average,2,Diesel,135701,Yes,50000
BMW,2015-10-30,1832863,Good,1,Diesel,40633,No,162835
Honda,2018-03-26,2960429,Good,3,Hybrid,98814,No,289540
Tata,2015-08-01,597683,Average,3,Diesel,69871,Yes,50000
Hyundai,2015-12-03,811843,Poor,3,Diesel,68471,No,50000
BMW,2016-01-09,1253079,Poor,1,Electric,37284,Yes,71227
Audi,2024-09-30,978723,Poor,5,Petrol,10753,Yes,166786
Ford,2015-01-20,1883790,Good,4,Hybrid,136175,Yes,76047
BMW,2020-08-24,1510988,Good,5,Diesel,147308,Yes,124580
Kia,2017-11-09,2025242,Average,2,Diesel,109609,Yes,125652
Honda,2024-01-18,2105501,Average,5,Petrol,14833,No,467606
Hyundai,2021-12-22,2837582,Average,4,Hybrid,178776,Yes,208998
BMW,2015-12-13,2247763,Excellent,4,Diesel,192690,No,85941
Ford,2022-12-17,2075812,Good,5,Electric,184847,No,236783
Tata,2016-02-10,1894874,Poor,1,Petrol,196002,No,50000
Toyota,2024-03-12,1772305,Excellent,2,Electric,14032,No,874519
Honda,2022-09-01,756651,Excellent,3,Petrol,6752,No,232991
Tata,2017-09-06,2917053,Good,3,Petrol,105809,Yes,198295
Ford,2024-06-12,2291110,Good,1,Petrol,71771,No,679039
Mahindra,2016-11-04,2525446,Good,5,Diesel,134366,Yes,121692
Tata,2015-09-16,1011750,Average,2,Electric,15837,Yes,74860
Audi,2019-05-23,321854,Good,5,Electric,121410,Yes,50000
Honda,2019-07-13,2397640,Excellent,5,Petrol,54903,No,329286
Maruti,2022-05-16,585924,Excellent,4,Diesel,145479,Yes,82515
Mahindra,2023-01-18,1612469,Poor,5,Petrol,154624,No,116383
Hyundai,2015-10-28,627385,Average,1,Petrol,52598,No,50000
Mahindra,2018-07-23,2610856,Average,4,Petrol,159009,No,124743
Maruti,2016-04-06,1522850,Average,1,Hybrid,34079,No,127051
Hyundai,2023-02-26,1666317,Poor,3,Petrol,6020,Yes,250563
Toyota,2019-01-10,676312,Good,5,Electric,146071,No,54384
Hyundai,2023-01-08,2787913,Good,2,Diesel,35058,No,774190
Maruti,2015-03-10,2210172,Average,5,Diesel,91209,No,91153
Kia,2019-03-09,2351024,Average,2,Electric,39029,Yes,281217
BMW,2023-08-08,2143712,Excellent,1,Electric,115775,No,651243
Mahindra,2016-01-09,2051045,Average,2,Diesel,68309,No,127682
Maruti,2023-03-27,1258584,Excellent,4,Petrol,155030,No,198415
Kia,2018-03-09,2129429,Poor,4,Petrol,30883,Yes,123381
Kia,2021-06-03,539129,Average,1,Petrol,52023,Yes,76425
Maruti,2022-04-02,776384,Average,3,Hybrid,109129,Yes,99718
Audi,2021-04-04,1862202,Good,1,Diesel,100908,Yes,276366
Hyundai,2016-03-09,416634,Excellent,4,Electric,74578,No,50000
Honda,2016-09-17,2870901,Poor,4,Hybrid,9868,Yes,161294
Audi,2022-02-16,628271,Average,4,Petrol,132719,Yes,57284
Honda,2016-03-02,1166746,Good,2,Hybrid,39936,No,111298
Mahindra,2015-11-29,2806620,Average,2,Hybrid,80606,Yes,155954
Hyundai,2023-06-22,776988,Excellent,3,Petrol,47451,No,234866
Hyundai,2019-10-09,1246346,Good,3,Petrol,167954,No,89909
Toyota,2022-05-26,1795007,Average,4,Diesel,135628,Yes,180071
BMW,2021-08-04,2892390,Average,5,Petrol,42556,No,388964
Mahindra,2023-08-10,429176,Average,4,Electric,171466,Yes,50000
BMW,2024-05-27,2750689,Good,3,Petrol,67750,No,741351
Tata,2024-11-13,449107,Average,2,Petrol,51583,Yes,106131
Tata,2021-03-07,660564,Excellent,5,Electric,123069,No,104014
Kia,2015-07-26,1771311,Good,1,Hybrid,5415,No,182672
Audi,2024-06-28,1977768,Average,4,Petrol,53662,No,433299
Toyota,2020-01-05,2584406,Good,2,Petrol,151634,Yes,206954
Honda,2020-08-04,2178885,Excellent,1,Electric,58597,No,531726
Tata,2019-03-02,2554910,Excellent,5,Petrol,156509,No,193612
Tata,2017-05-04,2917622,Poor,2,Petrol,148510,No,102984
Audi,2018-07-29,2928517,Good,2,Diesel,131113,Yes,226395
Ford,2021-05-31,1490371,Poor,3,Diesel,161141,Yes,85445
Mahindra,2020-12-23,347715,Excellent,4,Petrol,110809,No,50000
Tata,2024-07-28,524596,Excellent,4,Petrol,187969,Yes,71512
Honda,2017-02-12,495827,Average,1,Petrol,194863,No,50000
Maruti,2023-10-22,1483236,Good,4,Hybrid,193640,No,179319
Honda,2017-12-27,473097,Poor,1,Electric,131425,No,50000
Hyundai,2018-07-04,1557316,Good,2,Diesel,165861,No,105069
Hyundai,2016-08-30,440335,Excellent,2,Petrol,155028,No,50000
Kia,2018-10-29,970908,Excellent,5,Diesel,188067,Yes,52371
Toyota,2024-11-09,1843401,Excellent,4,Diesel,97082,No,567528
Maruti,2015-08-10,1531725,Good,3,Diesel,90317,No,95505
BMW,2018-01-10,400598,Average,3,Electric,58877,Yes,50000
Mahindra,2017-10-07,1594088,Average,1,Petrol,171261,No,71938
Hyundai,2020-06-03,2660820,Poor,4,Hybrid,38711,No,273475
Hyundai,2017-04-30,2599037,Poor,1,Electric,152169,No,114224
BMW,2021-04-15,1863235,Good,4,Hybrid,56934,No,341765
Hyundai,2023-01-16,1320109,Average,4,Hybrid,46224,Yes,242148
Hyundai,2024-06-05,1810588,Good,4,Hybrid,83447,No,493082
Ford,2022-11-17,2990424,Good,3,Petrol,15655,No,770010
Maruti,2018-01-06,2190407,Excellent,2,Electric,183834,Yes,144649
Tata,2019-09-18,1040730,Poor,4,Hybrid,123105,Yes,58075
Tata,2023-06-11,2272766,Poor,3,Diesel,153080,No,213060
Toyota,2024-04-26,618225,Average,3,Petrol,29775,Yes,137669
Audi,2023-01-28,1798390,Excellent,5,Electric,183554,No,253629
Toyota,2022-05-03,1097230,Poor,1,Electric,163315,Yes,90598
Tata,2023-01-19,1166036,Poor,4,Petrol,100768,No,122602
Maruti,2019-06-28,2107113,Average,4,Petrol,43844,Yes,191524
Maruti,2023-02-02,516852,Excellent,1,Electric,139581,Yes,113222
Audi,2024-03-25,1304484,Excellent,1,Petrol,179112,No,237249
BMW,2023-03-06,521720,Average,3,Electric,6325,No,141485
Maruti,2021-11-17,2533736,Average,3,Hybrid,127821,Yes,276314
Hyundai,2023-04-13,768327,Poor,2,Hybrid,5071,Yes,142716
Maruti,2015-01-09,1058301,Excellent,3,Hybrid,166531,No,50000
Audi,2020-10-08,2595920,Excellent,5,Petrol,158442,Yes,226734
BMW,2022-04-22,414497,Average,4,Petrol,185842,Yes,50000
Ford,2023-08-29,2027349,Good,2,Diesel,195823,Yes,221012
Hyundai,2017-02-02,1652002,Good,5,Hybrid,24531,No,163324
Audi,2015-03-11,1496883,Poor,1,Hybrid,77229,Yes,59308
Kia,2017-07-01,714091,Poor,1,Diesel,153874,Yes,50000
Audi,2016-11-03,2489760,Good,2,Petrol,103915,Yes,157346
Hyundai,2020-08-14,1707731,Average,3,Hybrid,66979,No,228182
Ford,2023-02-10,1580420,Good,2,Electric,73704,No,431127
Ford,2019-01-23,924430,Poor,3,Petrol,188442,No,50000
Kia,2020-03-16,1070658,Good,4,Diesel,123354,Yes,101000
Kia,2023-03-24,2700300,Excellent,2,Diesel,66966,No,818339
Hyundai,2023-07-27,2323979,Average,3,Petrol,120729,Yes,303894
Maruti,2016-10-28,2362844,Poor,1,Hybrid,99353,No,122219
BMW,2020-10-07,656341,Poor,5,Petrol,117174,Yes,50000
Honda,2019-12-06,2912797,Excellent,5,Hybrid,181612,Yes,212098
Toyota,2018-08-19,1985039,Good,1,Petrol,114021,Yes,167582
Honda,2020-03-13,589355,Poor,1,Petrol,62013,Yes,50000
Maruti,2020-08-21,2427755,Poor,1,Petrol,109407,No,194070
BMW,2018-09-26,2253551,Poor,3,Hybrid,59711,Yes,154287
Mahindra,2024-03-26,834500,Poor,5,Hybrid,173904,Yes,65162
Maruti,2024-10-16,1925684,Poor,2,Diesel,73454,Yes,329355
Kia,2022-12-29,537045,Good,3,Hybrid,52413,No,140207
Audi,2024-05-16,1855251,Average,4,Petrol,183564,No,188476
Tata,2017-07-24,2420052,Average,4,Petrol,130316,Yes,106503
Audi,2016-09-14,2673451,Excellent,4,Electric,108430,Yes,210466
Ford,2019-06-13,577534,Excellent,5,Electric,180077,Yes,50000
Toyota,2015-10-16,1262781,Average,5,Hybrid,81483,No,64123
Mahindra,2020-09-09,2232178,Poor,3,Hybrid,84527,Yes,188330
Ford,2023-11-14,1949991,Poor,5,Hybrid,121990,Yes,202595
Kia,2017-11-29,2334650,Poor,3,Electric,147798,Yes,94079
Honda,2020-04-12,1396412,Poor,1,Electric,97559,Yes,122233
Maruti,2018-08-19,1544306,Poor,1,Petrol,76017,Yes,94209
Toyota,2022-07-22,1610397,Average,3,Petrol,46931,Yes,252118
Kia,2016-12-22,2319332,Poor,5,Electric,153996,No,76042
Mahindra,2017-07-08,806568,Excellent,4,Diesel,176366,Yes,50000
Audi,2021-10-06,2709338,Excellent,2,Petrol,196963,Yes,240423
Toyota,2017-11-12,2003594,Good,4,Petrol,65010,No,178191
Honda,2021-10-16,2402467,Good,4,Diesel,29687,No,498669
Kia,2023-09-24,2656604,Average,1,Petrol,14591,No,700969
Tata,2016-08-02,1139771,Average,2,Diesel,10990,No,97009
Hyundai,2017-09-01,2005359,Average,1,Petrol,183657,Yes,72435
Hyundai,2020-05-05,1480135,Excellent,5,Diesel,77647,No,225523
Mahindra,2022-06-11,2191914,Poor,5,Hybrid,110790,Yes,191943
Kia,2018-10-04,1459696,Good,2,Diesel,130623,No,129554
Maruti,2015-07-17,511702,Excellent,5,Hybrid,75519,No,50000
Tata,2018-03-21,1959481,Poor,2,Electric,139429,No,102697
BMW,2016-06-19,1615387,Poor,3,Petrol,32642,No,82710
Ford,2024-03-18,2421503,Excellent,2,Electric,85858,No,897141
Audi,2021-05-04,2475007,Poor,5,Hybrid,171276,No,136920
Mahindra,2017-02-07,1930457,Good,1,Petrol,11140,No,219381
Honda,2020-02-07,2684938,Good,1,Diesel,16992,No,521545
Kia,2023-06-29,1307284,Average,1,Petrol,172801,No,147888
Kia,2019-05-09,505202,Poor,3,Hybrid,141716,Yes,50000
Audi,2020-02-27,2726297,Average,5,Petrol,143171,Yes,159178
Audi,2022-07-22,1853455,Good,2,Diesel,143852,Yes,253107
Hyundai,2016-10-11,1086342,Average,1,Hybrid,21184,No,103325
Toyota,2023-06-08,909779,Average,3,Diesel,197978,Yes,70973
Toyota,2022-11-03,1502044,Excellent,3,Petrol,158932,Yes,205942
Mahindra,2022-02-16,2685803,Good,5,Electric,131310,Yes,352783
Tata,2019-08-22,1467116,Average,4,Hybrid,27296,No,184744
Maruti,2016-11-03,1595515,Excellent,2,Diesel,27675,No,200053
Ford,2021-11-07,1521426,Excellent,2,Hybrid,117557,Yes,277126
Honda,2023-04-08,2097097,Excellent,4,Diesel,177318,Yes,271231
Audi,2015-04-08,1054360,Poor,1,Electric,135769,Yes,50000
Toyota,2017-03-19,2174750,Excellent,2,Hybrid,196251,Yes,105954
Honda,2022-02-21,2670059,Excellent,4,Diesel,20730,No,727389
Ford,2018-05-31,1346047,Poor,5,Diesel,57566,Yes,73516
Tata,2022-01-02,2712071,Average,3,Hybrid,170390,Yes,227245
Maruti,2019-09-10,1988557,Good,5,Electric,157352,No,165121
Honda,2023-03-09,1391656,Excellent,1,Petrol,187829,Yes,178307
Maruti,2023-04-03,1805580,Average,3,Diesel,21317,Yes,373622
Maruti,2017-07-10,1211625,Average,4,Electric,197949,No,50000
Hyundai,2024-02-07,2343210,Excellent,4,Petrol,10615,No,849181
Audi,2016-10-20,1249229,Good,3,Hybrid,77204,No,107242
Mahindra,2018-06-23,1389538,Good,4,Electric,137816,No,114380
Kia,2017-01-07,2268401,Poor,3,Electric,100996,No,114856
BMW,2020-07-14,2631676,Poor,2,Hybrid,151733,Yes,157229
Ford,2020-06-16,1515369,Good,2,Diesel,99871,No,209531
Audi,2023-06-20,1641894,Excellent,2,Electric,77529,No,559880
Hyundai,2015-11-15,694928,Good,5,Diesel,46671,No,50000
BMW,2022-07-27,984688,Average,3,Hybrid,143194,Yes,109408
Toyota,2023-03-19,593866,Average,3,Hybrid,158999,No,73198
Toyota,2024-10-20,1957806,Poor,3,Diesel,56566,Yes,341481
Mahindra,2020-11-18,1277962,Average,3,Diesel,165681,No,96307
Maruti,2020-06-06,2680725,Excellent,2,Electric,116566,No,460000
Toyota,2021-08-19,2230248,Poor,1,Electric,115150,Yes,222115
Tata,2016-04-28,2427385,Excellent,4,Petrol,15192,No,244361
Tata,2016-10-16,1824892,Average,5,Electric,115572,Yes,88026
Mahindra,2022-10-14,643306,Good,5,Electric,105616,Yes,108350
Kia,2020-01-20,1194929,Good,1,Hybrid,17426,No,245234
BMW,2023-07-14,352315,Poor,2,Electric,158689,No,50000
Tata,2016-03-02,957273,Excellent,3,Diesel,162108,Yes,50000
Hyundai,2015-08-11,2786311,Poor,5,Electric,199852,No,50177
Mahindra,2016-08-29,618344,Good,3,Hybrid,35089,No,61672
Kia,2018-01-26,1255359,Excellent,3,Petrol,61096,No,149117
Hyundai,2022-03-12,2313383,Average,3,Petrol,186536,Yes,153113
Hyundai,2023-12-20,1941279,Average,1,Diesel,172126,Yes,230040
Toyota,2024-09-08,2981197,Good,1,Diesel,114830,Yes,718889
Tata,2021-07-30,1499934,Good,4,Petrol,13971,No,296978
Toyota,2019-12-06,2856870,Poor,4,Diesel,164003,Yes,119016
Mahindra,2019-05-21,433694,Good,1,Electric,107989,Yes,51880
Honda,2018-07-19,1301316,Excellent,1,Petrol,145354,Yes,108119
Honda,2020-02-18,2881754,Poor,3,Diesel,193407,No,114410
Mahindra,2020-06-21,1139573,Excellent,3,Electric,89645,No,213865
BMW,2019-12-01,1806768,Poor,2,Electric,196976,Yes,72065
Honda,2018-11-20,1511994,Average,5,Petrol,110727,No,96284
Maruti,2023-08-01,2891348,Average,5,Diesel,76799,Yes,449318
BMW,2022-12-08,1964922,Poor,4,Hybrid,170923,Yes,135124
Maruti,2015-03-01,1771745,Poor,2,Petrol,31868,No,77691
Audi,2015-09-03,1117081,Good,4,Hybrid,71500,No,77285
Toyota,2016-02-14,2579630,Excellent,5,Hybrid,176099,No,117578
Tata,2020-02-21,1959517,Poor,2,Petrol,113620,Yes,120772
BMW,2018-08-11,642010,Average,5,Petrol,75784,No,50000
Maruti,2020-11-25,2640876,Good,1,Diesel,25885,No,565854
Toyota,2018-08-26,2790114,Average,2,Hybrid,53843,Yes,271637
Ford,2018-04-05,822886,Good,3,Electric,69910,No,98232
Honda,2021-10-02,2818564,Excellent,2,Petrol,116515,Yes,444605
Mahindra,2017-09-05,1554147,Poor,2,Electric,86622,Yes,89236
Toyota,2022-02-09,333003,Average,4,Diesel,164994,No,50000
Honda,2024-05-10,1675723,Average,3,Electric,123951,No,330054
BMW,2021-07-27,450329,Poor,1,Petrol,110247,Yes,50000
Audi,2018-01-07,2427192,Poor,2,Electric,11487,Yes,199134
Maruti,2021-04-12,355009,Good,5,Petrol,90530,No,50000
Audi,2019-05-29,649669,Poor,2,Electric,101901,Yes,50000
BMW,2016-02-16,608427,Poor,4,Electric,154703,Yes,50000
Audi,2024-07-09,891982,Excellent,1,Hybrid,89299,No,338762
Honda,2017-11-27,2272062,Average,2,Hybrid,188383,Yes,88860
Kia,2024-03-30,1066179,Excellent,3,Petrol,142237,No,228258
Mahindra,2021-03-10,1011635,Good,2,Hybrid,28091,No,228311
Hyundai,2023-06-04,2472758,Excellent,2,Hybrid,175041,Yes,398332
Ford,2022-08-12,2475340,Poor,5,Diesel,66481,Yes,257823
Tata,2017-06-04,804326,Good,4,Diesel,118679,Yes,50000
Kia,2016-04-20,1083305,Excellent,4,Electric,185982,No,52824
Honda,2016-09-15,1482607,Excellent,1,Petrol,47220,No,165868
Honda,2023-12-18,1965101,Excellent,5,Diesel,27831,No,660251
Maruti,2023-04-17,809448,Good,2,Hybrid,124086,No,166371
Mahindra,2022-01-25,2096281,Poor,3,Electric,108354,Yes,209095
Honda,2023-04-26,2178720,Good,5,Diesel,109181,No,385027
Toyota,2022-10-03,1967750,Poor,2,Electric,90288,No,281684
Mahindra,2016-12-08,551143,Excellent,4,Hybrid,42873,No,63250
BMW,2015-01-10,1932281,Good,4,Hybrid,67293,No,122566
Maruti,2019-10-05,2673838,Average,1,Electric,116312,No,289101
Mahindra,2020-10-16,1998831,Average,2,Hybrid,81564,Yes,244609
Maruti,2017-01-04,2983331,Average,1,Hybrid,170228,Yes,123448
Ford,2020-10-27,1738950,Average,3,Hybrid,124427,No,180934
Mahindra,2021-04-09,2633079,Good,4,Petrol,114812,No,321115
Maruti,2022-01-29,896528,Average,2,Petrol,141079,Yes,86101
Mahindra,2017-02-23,2643532,Poor,4,Electric,60870,Yes,139604
Tata,2022-10-08,1015173,Good,1,Hybrid,182503,Yes,121266
Maruti,2018-05-13,1047732,Excellent,2,Diesel,90240,No,129611
Mahindra,2016-08-14,2742986,Excellent,3,Hybrid,14106,No,351940
Ford,2018-09-12,583269,Excellent,5,Diesel,158527,Yes,50000
Kia,2018-09-27,2732713,Good,2,Hybrid,5817,No,447943
Audi,2018-03-23,746196,Good,2,Hybrid,40054,No,99401
Tata,2021-06-12,2969212,Poor,5,Diesel,105064,No,237289
Hyundai,2024-04-18,734409,Good,1,Diesel,17437,No,281746
BMW,2016-05-04,1827933,Excellent,1,Hybrid,136455,Yes,128207
Maruti,2021-06-01,999853,Poor,1,Electric,156900,Yes,74422
Mahindra,2022-12-10,1967875,Excellent,1,Electric,199141,Yes,264594
Mahindra,2024-04-18,1234125,Excellent,2,Diesel,163772,Yes,234195
Ford,2018-04-28,1669982,Poor,1,Electric,153381,Yes,77005
Hyundai,2021-05-23,2052441,Good,5,Hybrid,39217,No,386639
Hyundai,2020-07-25,2971310,Average,5,Diesel,70425,Yes,290759
Ford,2019-08-06,1029425,Good,2,Hybrid,123355,No,116475
Ford,2017-09-10,2019951,Average,2,Diesel,65401,No,167059
Honda,2022-08-22,318688,Poor,2,Diesel,93851,Yes,50000
Maruti,2018-01-23,1411995,Poor,2,Petrol,78979,No,81785
Honda,2019-04-03,2292279,Poor,5,Electric,100847,Yes,133631
Tata,2019-09-13,2609793,Poor,5,Petrol,104293,Yes,132393
Maruti,2020-10-24,1521635,Excellent,1,Diesel,197674,Yes,129585
Ford,2015-04-27,1596848,Good,3,Hybrid,27688,No,131624
Tata,2021-09-22,2389630,Excellent,4,Diesel,55099,No,533519
Maruti,2020-01-28,838176,Good,1,Electric,189596,No,71664
Audi,2020-04-09,2825402,Excellent,5,Diesel,45310,No,487428
Kia,2019-07-15,2822347,Good,1,Electric,86076,No,428310
Toyota,2021-02-11,2262500,Average,1,Electric,199485,No,166868
Kia,2016-09-03,1733216,Average,2,Petrol,65534,No,113302
Ford,2018-10-17,440798,Excellent,5,Hybrid,85877,No,53620
Toyota,2019-01-07,2740158,Poor,2,Petrol,50164,Yes,188611
Ford,2017-02-19,2144416,Average,2,Hybrid,186558,No,83572
Ford,2018-01-09,524954,Average,3,Electric,84203,No,50000
Toyota,2021-03-06,1302690,Average,2,Diesel,95917,No,165202
Toyota,2024-12-27,1663624,Poor,4,Hybrid,183219,Yes,144543
Mahindra,2018-08-14,2388778,Good,5,Petrol,24953,No,264521
Ford,2021-06-13,985616,Average,2,Petrol,15810,No,169771
Honda,2019-03-16,385429,Poor,4,Electric,168351,Yes,50000
Maruti,2017-05-13,899164,Excellent,3,Hybrid,176923,No,56060
BMW,2015-02-11,1137110,Excellent,2,Petrol,143611,Yes,51930
BMW,2016-01-17,1127550,Excellent,4,Petrol,118223,No,69229
Toyota,2021-02-06,726132,Good,3,Diesel,113839,Yes,88415
Ford,2021-10-16,1947827,Average,1,Hybrid,64878,No,353046
Tata,2021-06-26,1851540,Excellent,1,Petrol,41588,No,460549
Audi,2024-09-05,2474249,Good,1,Electric,53618,No,998362
Kia,2021-10-18,327549,Poor,2,Hybrid,60456,Yes,50000
Tata,2020-03-11,860013,Good,3,Diesel,188533,No,60094
Audi,2017-04-11,772589,Poor,5,Petrol,188863,Yes,50000
Honda,2021-05-28,1423394,Excellent,5,Diesel,60051,No,278175
Kia,2024-09-19,775294,Excellent,2,Electric,54947,No,356922
BMW,2021-02-20,445174,Poor,1,Petrol,97231,No,50000
Hyundai,2021-11-02,479115,Excellent,5,Hybrid,157093,Yes,57437
Kia,2021-06-24,536218,Poor,5,Diesel,121891,Yes,50000
Hyundai,2017-09-11,2224957,Poor,5,Electric,80411,Yes,111008
Toyota,2017-07-30,392111,Good,1,Petrol,67893,No,50000
Mahindra,2018-05-24,843455,Average,1,Electric,158459,Yes,50644
Kia,2017-06-21,2450636,Average,1,Petrol,133803,Yes,122461
Mahindra,2015-01-30,1710878,Average,2,Diesel,23202,Yes,98254
Mahindra,2020-02-21,1149161,Poor,2,Petrol,69716,Yes,87511
Toyota,2015-05-15,1587047,Good,3,Hybrid,35130,No,128265
Mahindra,2021-11-05,1167217,Excellent,1,Electric,10685,No,418599
Toyota,2016-12-19,1350975,Average,1,Electric,44304,No,129111
BMW,2024-05-10,1634060,Good,3,Electric,93565,No,471749
Ford,2018-07-15,818086,Good,2,Electric,188839,Yes,50000
Audi,2018-08-06,1786437,Good,3,Hybrid,89963,No,193534
Tata,2019-01-02,1315049,Good,1,Electric,133249,No,142686
Kia,2020-09-20,2283533,Good,3,Electric,29325,No,478538
Maruti,2016-03-31,2237907,Good,1,Diesel,106345,Yes,143022
Honda,2022-07-20,2836358,Average,2,Hybrid,95472,Yes,432546
Hyundai,2020-11-29,796526,Average,1,Diesel,83827,Yes,97080
Ford,2023-07-13,1184247,Good,3,Petrol,50738,No,297193
Tata,2015-05-15,2175095,Excellent,3,Petrol,17521,No,196853
Hyundai,2018-10-01,1415848,Poor,3,Hybrid,152141,Yes,59780
Hyundai,2018-09-07,2323920,Average,2,Diesel,90233,No,201912
Kia,2021-11-05,2227734,Excellent,5,Petrol,123417,Yes,289134
Hyundai,2020-01-02,2613482,Good,1,Hybrid,66349,No,439960
Hyundai,2018-03-14,2930530,Poor,3,Hybrid,82250,Yes,166622
Mahindra,2017-04-25,2544806,Average,4,Electric,93888,No,176331
Tata,2024-01-26,2802723,Average,4,Hybrid,154704,Yes,347832
Honda,2021-07-09,438944,Poor,5,Diesel,87505,Yes,50000
Mahindra,2017-02-26,959801,Average,4,Diesel,77302,No,61786
Mahindra,2021-02-16,2267255,Excellent,3,Electric,120906,No,403121
Toyota,2015-07-17,508095,Excellent,5,Hybrid,12739,No,50000
Ford,2022-04-12,2972189,Good,5,Hybrid,140083,No,396624
Toyota,2022-11-09,1009691,Average,4,Petrol,165523,No,92570
BMW,2021-08-03,1244743,Good,4,Petrol,132891,Yes,129818
Mahindra,2018-09-05,2171230,Poor,4,Hybrid,156644,Yes,82978
Maruti,2016-11-13,2384108,Poor,5,Diesel,191370,Yes,50000
Tata,2018-10-15,1634915,Good,1,Hybrid,194962,Yes,91380
Honda,2020-12-29,1869660,Good,1,Hybrid,78935,No,349872
Ford,2022-03-17,1917250,Excellent,4,Petrol,52863,No,436029
Tata,2019-12-03,2847792,Average,1,Petrol,52131,Yes,316152
Mahindra,2018-02-15,954285,Average,2,Diesel,140277,Yes,51885
Toyota,2016-10-31,429153,Poor,4,Petrol,117158,Yes,50000
Honda,2017-04-17,1637748,Poor,3,Diesel,172102,Yes,50000
BMW,2018-07-21,1259528,Poor,2,Electric,101189,Yes,77666
Honda,2020-02-14,1492761,Excellent,2,Petrol,43821,No,280148
Audi,2016-12-15,1137459,Poor,3,Hybrid,163925,Yes,50000
Ford,2020-11-03,2745245,Excellent,1,Electric,86049,No,618306
Audi,2018-04-24,1040875,Good,1,Electric,106153,No,117302
Tata,2018-08-30,993024,Average,3,Electric,191326,Yes,50000
BMW,2023-10-02,1318674,Poor,5,Hybrid,41494,No,216871
Audi,2023-10-29,777484,Good,1,Diesel,61381,No,233314
Maruti,2018-09-26,983704,Excellent,2,Electric,85139,No,150089
Kia,2015-07-29,942330,Average,3,Hybrid,55159,Yes,52409
Tata,2022-07-31,2209767,Excellent,1,Diesel,63347,No,644467
Tata,2018-06-24,1405266,Excellent,3,Diesel,164876,Yes,97285
Kia,2021-11-18,1432542,Poor,2,Electric,159460,No,119231
Hyundai,2024-08-28,2490996,Excellent,5,Diesel,41579,No,889822
Kia,2020-04-11,2611316,Average,1,Petrol,19130,No,386746
Hyundai,2017-03-26,1389822,Average,5,Petrol,58242,No,86389
BMW,2024-04-01,2581072,Average,4,Electric,131303,Yes,406944
Kia,2016-05-06,1011910,Good,4,Hybrid,72239,No,77861
Hyundai,2024-04-11,905935,Excellent,1,Electric,34045,No,443502
Mahindra,2023-12-21,2464971,Excellent,1,Electric,164774,No,583721
Kia,2019-11-23,2237108,Average,5,Hybrid,30743,Yes,245565
Audi,2017-05-09,2765212,Poor,3,Electric,13887,Yes,191281
Tata,2018-07-03,478146,Average,3,Petrol,91196,Yes,50000
Ford,2019-12-09,2304547,Average,2,Hybrid,158645,Yes,158832
Toyota,2024-02-06,2683227,Average,4,Petrol,14817,No,638572
Hyundai,2017-05-16,1259203,Average,4,Petrol,162284,Yes,50000
Tata,2017-12-10,926203,Average,4,Hybrid,7717,Yes,85364
Tata,2016-10-20,2793045,Average,2,Petrol,123109,Yes,126596
Mahindra,2019-07-05,1099647,Good,5,Diesel,26487,No,149940
Mahindra,2016-05-10,828610,Poor,4,Hybrid,109940,Yes,50000
Hyundai,2023-03-19,1918867,Good,3,Diesel,112775,Yes,331225
Ford,2023-06-05,2978644,Excellent,2,Diesel,198056,Yes,367147
Honda,2015-09-03,1876760,Good,2,Diesel,135683,No,97835
Tata,2019-04-18,2781100,Excellent,1,Diesel,98095,No,405563
Audi,2021-05-11,1136851,Average,1,Hybrid,24760,Yes,202345
Audi,2016-12-02,2676309,Poor,4,Petrol,9020,Yes,136492
Honda,2019-12-04,2664158,Excellent,4,Hybrid,101764,Yes,344828
Audi,2023-02-19,762247,Average,4,Hybrid,72207,Yes,127418
Kia,2023-12-06,1925113,Excellent,5,Electric,105028,Yes,470103
Honda,2020-05-27,1490614,Excellent,2,Electric,176629,Yes,154139
BMW,2016-03-18,1069094,Poor,1,Petrol,156197,Yes,50000
Hyundai,2021-11-30,1841706,Good,5,Diesel,185251,Yes,140240
Audi,2023-05-23,1932844,Average,5,Diesel,148749,No,219217
Maruti,2021-10-22,1616911,Average,3,Hybrid,147974,No,170999
Kia,2019-01-17,2774198,Excellent,4,Electric,26408,No,507125
Kia,2018-03-10,2042898,Average,2,Hybrid,188100,Yes,83859
Maruti,2017-10-17,445974,Good,4,Diesel,88660,No,50000
BMW,2015-02-05,517237,Good,1,Electric,142552,Yes,50000
Audi,2024-05-22,1149095,Good,5,Electric,47849,No,362113
Audi,2017-04-08,1841974,Good,1,Diesel,195796,Yes,74787
Mahindra,2023-12-07,1418758,Good,2,Petrol,145822,Yes,223368
BMW,2024-03-14,2625158,Average,5,Petrol,170934,No,270534
Hyundai,2023-10-07,1369564,Poor,3,Diesel,101233,Yes,164761
Mahindra,2023-07-01,891675,Average,2,Hybrid,8741,No,250997
Tata,2024-07-06,1337491,Average,3,Diesel,165922,No,181578
Hyundai,2021-11-18,1628309,Poor,4,Hybrid,86373,No,173477
Audi,2023-01-30,2358863,Excellent,4,Diesel,33998,No,713076
Ford,2024-07-30,1346827,Excellent,4,Petrol,104470,Yes,320721
Mahindra,2016-04-01,2141342,Poor,3,Electric,159909,No,67348
BMW,2021-08-29,1387003,Good,1,Hybrid,173836,Yes,148549
Mahindra,2019-05-16,1047883,Average,4,Electric,177946,Yes,54063
Hyundai,2016-04-13,2728432,Average,2,Electric,41439,Yes,201694
Hyundai,2019-04-22,2737895,Average,5,Diesel,140646,Yes,151526
Ford,2022-08-01,500977,Excellent,5,Petrol,18508,No,129821
Tata,2020-09-13,2816568,Excellent,1,Diesel,30542,No,689128
Ford,2021-10-27,2276137,Good,1,Hybrid,39809,No,573477
Ford,2017-09-22,2507934,Excellent,5,Hybrid,82970,No,259924
Ford,2017-11-13,1354921,Average,5,Diesel,92079,Yes,77446
Hyundai,2019-06-02,2634634,Good,5,Electric,115903,Yes,243037
Audi,2015-06-27,2025357,Excellent,5,Petrol,158330,No,83295
Ford,2018-01-21,2435059,Poor,3,Diesel,36017,Yes,153755
Mahindra,2024-01-20,2680204,Excellent,4,Petrol,122331,Yes,532420
Ford,2015-12-07,2172601,Good,3,Electric,170683,Yes,89852
Ford,2020-11-24,2153355,Poor,2,Hybrid,92129,No,212639
Tata,2016-06-17,817030,Good,1,Hybrid,64598,No,77884
Tata,2023-09-13,800945,Poor,5,Diesel,26297,Yes,116685
BMW,2021-02-11,809544,Good,2,Hybrid,178301,No,80795
Ford,2022-10-02,324682,Good,4,Diesel,59267,No,70170
Tata,2023-10-31,2720674,Poor,3,Petrol,14109,No,493446
Toyota,2019-07-23,1848491,Excellent,1,Hybrid,135815,Yes,219624
Hyundai,2019-11-29,2339871,Excellent,2,Hybrid,148701,Yes,257766
Kia,2023-02-25,906205,Good,2,Electric,168835,Yes,129820
Mahindra,2016-07-02,713102,Excellent,4,Petrol,181196,Yes,50000
BMW,2024-10-07,1213745,Average,5,Petrol,138836,No,171268
Honda,2018-03-02,2059491,Good,1,Hybrid,8805,No,320491
Audi,2018-02-09,2822505,Excellent,4,Diesel,142101,Yes,203067
Audi,2017-05-07,488883,Good,1,Hybrid,143276,Yes,50000
Ford,2020-02-21,1101220,Average,4,Petrol,30887,No,129903
Honda,2017-02-24,1623199,Average,4,Diesel,125743,No,81690
Maruti,2021-10-16,2575761,Average,4,Petrol,158743,No,208608
BMW,2016-03-14,853742,Good,2,Diesel,107188,Yes,51218
Ford,2023-05-26,2899169,Poor,5,Electric,115173,No,341993
Audi,2024-02-05,1282735,Excellent,2,Hybrid,189327,No,226883
Audi,2015-12-28,1288625,Average,4,Electric,5455,Yes,92576
Tata,2024-05-10,2610066,Good,1,Petrol,162254,Yes,414066
Tata,2018-11-26,456092,Good,5,Petrol,129018,Yes,50000
Honda,2021-04-14,824204,Excellent,1,Electric,140449,Yes,133909
Maruti,2024-06-05,320298,Poor,1,Electric,185056,Yes,50000
Hyundai,2021-03-18,2380766,Poor,4,Petrol,48637,Yes,210737
Kia,2024-04-02,1852419,Poor,2,Diesel,5319,Yes,377503
Maruti,2016-11-30,1704954,Excellent,3,Diesel,17352,No,212742
Mahindra,2021-11-14,2933954,Excellent,1,Petrol,127597,Yes,466590
Maruti,2019-07-05,2515714,Poor,2,Diesel,117862,Yes,146479
Maruti,2019-03-26,2925381,Average,3,Diesel,104058,Yes,221284
Hyundai,2023-07-20,1909913,Excellent,1,Hybrid,134958,No,485102
Hyundai,2017-11-01,1498948,Average,1,Petrol,189619,Yes,52783
Mahindra,2022-06-05,1576569,Average,2,Hybrid,165631,No,172023
Ford,2019-05-08,1102001,Poor,1,Diesel,113189,No,75009
Toyota,2016-01-27,1620536,Poor,5,Hybrid,62403,Yes,63230
Toyota,2021-08-30,2949882,Excellent,5,Hybrid,144087,Yes,374982
Mahindra,2015-03-18,2967173,Excellent,4,Petrol,145037,Yes,122025
Hyundai,2023-09-17,1872691,Poor,3,Diesel,66765,Yes,262011
Tata,2016-05-13,591093,Poor,2,Diesel,151856,No,50000
Honda,2023-06-19,2312278,Excellent,4,Hybrid,119652,Yes,484220
Hyundai,2024-01-11,1379169,Poor,1,Hybrid,181279,Yes,122580
Honda,2020-12-26,318283,Poor,3,Diesel,91769,Yes,50000
Kia,2015-10-07,2790864,Poor,5,Electric,166375,Yes,61904
Maruti,2017-09-05,2468045,Poor,5,Electric,91385,No,129634
Kia,2023-03-23,2599095,Excellent,3,Electric,96586,No,737884
BMW,2015-09-29,2575663,Average,1,Petrol,154446,Yes,85112
Toyota,2018-10-06,1694218,Excellent,2,Hybrid,14493,No,324727
Mahindra,2021-03-08,1947240,Poor,2,Electric,28770,No,279209
Honda,2016-10-23,508044,Poor,4,Petrol,115324,No,50000
Maruti,2018-09-18,1732672,Excellent,3,Diesel,173209,Yes,116947
BMW,2017-06-28,1850416,Average,1,Hybrid,129649,No,120729
Tata,2024-08-26,1538055,Average,1,Hybrid,26344,Yes,465031
Audi,2018-05-03,523326,Good,1,Petrol,51800,No,62437
Toyota,2019-03-12,2227819,Average,3,Petrol,196058,No,92129
Mahindra,2019-11-17,1749923,Poor,2,Diesel,129243,No,112713
Toyota,2019-12-25,2599812,Average,5,Petrol,13603,Yes,269413
Hyundai,2015-04-04,1331251,Average,1,Diesel,152120,No,50000
Honda,2016-04-19,2170220,Good,2,Petrol,22510,No,197458
Ford,2021-01-20,2887692,Poor,5,Diesel,133030,Yes,166926
Toyota,2017-07-14,1522774,Average,1,Hybrid,110795,Yes,100024
Kia,2018-06-05,888486,Excellent,5,Diesel,56132,No,108715
Mahindra,2016-09-20,1138341,Excellent,4,Petrol,78864,No,94910
BMW,2020-07-17,2655028,Excellent,1,Petrol,40334,No,569369
Mahindra,2020-02-03,2421248,Average,4,Petrol,196807,No,108647
Tata,2023-07-17,1543807,Average,3,Diesel,16531,Yes,340493
Ford,2019-04-29,2928154,Excellent,4,Petrol,137270,No,274371
Tata,2015-02-28,1681448,Good,3,Diesel,159159,No,65490
BMW,2018-03-12,1287337,Excellent,2,Petrol,125363,No,120378
Tata,2017-07-06,2105248,Poor,1,Hybrid,188025,Yes,61161
Ford,2022-06-19,2192324,Excellent,3,Diesel,53487,No,588312
Honda,2024-04-28,2580042,Excellent,1,Petrol,21121,No,1099006
Ford,2022-03-24,2872652,Good,5,Hybrid,152339,No,350981
Tata,2018-02-18,1461645,Good,3,Diesel,156878,No,93824
Hyundai,2015-06-13,978815,Average,3,Electric,69988,Yes,53236
Kia,2022-07-23,2996341,Average,4,Electric,11460,Yes,613649
Mahindra,2021-01-27,2652085,Average,3,Petrol,124907,Yes,225774
Mahindra,2018-09-02,2500601,Average,1,Hybrid,142248,Yes,164742
Honda,2019-08-28,1610930,Excellent,5,Hybrid,50746,No,262456
Audi,2022-08-22,1081664,Good,2,Diesel,47314,No,269285
Hyundai,2020-03-26,2058540,Good,2,Electric,97453,No,314780
Toyota,2019-01-07,2125117,Excellent,5,Petrol,65268,No,257185
Mahindra,2023-02-26,1257588,Average,4,Electric,117880,No,199036
Mahindra,2021-03-06,2150160,Excellent,4,Diesel,153124,No,263375
Kia,2019-07-27,912654,Poor,1,Hybrid,162490,Yes,50000
Hyundai,2016-02-05,1484983,Good,3,Hybrid,170282,No,66167
Mahindra,2018-11-26,374388,Good,5,Electric,111109,Yes,50000
Toyota,2022-05-25,2150183,Good,3,Hybrid,79299,No,454104
BMW,2021-03-05,2841870,Poor,2,Petrol,90309,No,259093
Mahindra,2020-07-25,2381565,Poor,5,Electric,159577,Yes,121166
Honda,2016-09-23,2993945,Average,5,Diesel,141905,Yes,108120
Toyota,2023-01-03,2530966,Good,3,Hybrid,24906,No,735810
Hyundai,2019-01-23,2515104,Poor,3,Electric,77883,Yes,178323
Honda,2024-12-17,2848319,Average,1,Electric,139193,Yes,565430
BMW,2020-11-05,1777178,Good,3,Electric,121008,Yes,226236
Maruti,2019-04-12,1162849,Good,1,Hybrid,133650,Yes,111473
Maruti,2022-05-12,1477471,Good,1,Hybrid,96130,No,318414
Toyota,2022-01-20,558641,Poor,5,Hybrid,55555,Yes,59328
Mahindra,2020-02-14,1822278,Good,2,Diesel,34642,No,316288
Maruti,2015-11-01,2023057,Excellent,4,Petrol,56054,No,161075
Hyundai,2015-03-13,1374233,Excellent,5,Diesel,10103,No,118197
Tata,2019-02-09,2796727,Excellent,2,Petrol,136362,Yes,255907
Toyota,2015-09-22,477943,Average,1,Diesel,175638,Yes,50000
Hyundai,2020-11-15,2389986,Poor,2,Diesel,136625,No,173199
Ford,2016-12-30,1402085,Average,3,Diesel,9527,Yes,109327
Kia,2020-07-28,324835,Poor,3,Hybrid,85910,Yes,50000
Maruti,2020-09-20,1343263,Poor,4,Diesel,107381,Yes,90143
Audi,2019-08-07,1629388,Good,2,Diesel,130209,No,166203
Kia,2015-04-22,994450,Average,1,Electric,85444,Yes,54775
Ford,2022-06-01,779601,Excellent,4,Hybrid,62750,No,201217
BMW,2022-10-19,1259375,Good,1,Diesel,152032,No,198314
Toyota,2019-12-12,2676486,Excellent,1,Diesel,86526,No,458804
Honda,2016-08-08,1546024,Average,3,Petrol,169531,Yes,50000
BMW,2017-03-17,2716561,Good,4,Petrol,82834,No,200646
BMW,2022-03-09,1574659,Poor,4,Electric,8704,Yes,229830
Hyundai,2015-11-24,1323929,Good,4,Petrol,79559,No,80195
Tata,2016-03-15,2608023,Average,2,Diesel,50424,Yes,162093
Audi,2015-05-31,1721865,Excellent,3,Petrol,112907,No,103950
Tata,2020-03-01,1734191,Excellent,5,Petrol,106686,Yes,187463
Maruti,2016-05-12,2869296,Excellent,5,Electric,118774,Yes,190229
BMW,2022-07-11,1890916,Poor,4,Electric,14813,Yes,285539
Kia,2020-12-05,2022296,Good,4,Diesel,56979,No,327993
Toyota,2022-09-21,1097760,Poor,2,Diesel,23650,Yes,163568
Kia,2020-12-15,1463765,Excellent,5,Hybrid,166813,Yes,141699
Tata,2017-11-03,1508780,Good,3,Diesel,153000,Yes,85361
Hyundai,2016-05-28,1378460,Excellent,1,Electric,154623,No,102549
Hyundai,2019-05-04,438244,Good,4,Petrol,171386,No,50000
Mahindra,2016-05-05,2532552,Poor,3,Hybrid,140806,Yes,77840
Mahindra,2019-06-28,2300291,Good,4,Petrol,153456,No,166130
Tata,2022-12-04,2140728,Good,3,Petrol,156066,No,281145
Maruti,2024-11-18,521232,Good,1,Petrol,67184,No,169148
Mahindra,2022-08-02,2501655,Good,5,Petrol,128516,Yes,296324
Maruti,2023-09-04,780790,Average,3,Petrol,149008,Yes,87500
Hyundai,2016-06-06,1929802,Excellent,3,Petrol,66951,No,171264
Tata,2018-05-10,2932318,Good,5,Diesel,35348,No,320747
Kia,2021-07-27,2755089,Poor,2,Petrol,162400,Yes,158166
Kia,2020-10-15,2221624,Average,5,Petrol,189401,No,112650
Toyota,2021-01-11,405209,Excellent,4,Petrol,41655,No,79547
Kia,2019-10-29,1627082,Excellent,1,Hybrid,198390,No,138862
Honda,2015-11-13,1090728,Average,3,Hybrid,9652,No,83831
Hyundai,2015-12-25,2215847,Excellent,2,Diesel,44620,No,226550
Hyundai,2024-01-22,2361313,Poor,2,Diesel,68290,Yes,366604
Kia,2021-05-08,1537991,Good,4,Diesel,190193,No,120708
Ford,2020-11-07,2477658,Good,1,Electric,125249,Yes,342455
Toyota,2024-01-08,2497792,Excellent,4,Hybrid,110965,Yes,600129
Audi,2020-08-11,364722,Excellent,5,Petrol,94907,No,50000
Tata,2022-07-23,2689740,Average,1,Hybrid,88399,Yes,447304
Maruti,2022-05-21,2463074,Average,4,Petrol,66917,Yes,326293
Audi,2024-01-13,1972182,Excellent,2,Electric,182634,No,389039
Ford,2018-06-17,1097217,Excellent,1,Petrol,187991,Yes,65094
Ford,2024-10-16,2478043,Excellent,4,Hybrid,5786,No,1167367
Tata,2022-12-18,598104,Average,3,Hybrid,199627,Yes,50000
Kia,2018-08-27,2495504,Excellent,5,Petrol,67309,No,282169
Toyota,2017-02-20,1328973,Poor,1,Petrol,144934,No,50000
Toyota,2024-07-23,2995826,Excellent,2,Hybrid,19141,No,1449800
Maruti,2021-03-05,408427,Average,4,Diesel,115040,Yes,50000
Toyota,2023-01-05,2338683,Excellent,4,Electric,133555,Yes,446227
Toyota,2019-09-23,2800142,Excellent,1,Hybrid,172108,Yes,266405
Tata,2024-07-03,461221,Poor,4,Electric,146996,No,57285
Honda,2018-06-15,2862778,Poor,3,Hybrid,56376,Yes,189810
Tata,2024-08-31,740439,Average,1,Diesel,8694,Yes,223914
Honda,2024-07-08,2267644,Excellent,5,Diesel,56680,No,745578
BMW,2018-04-22,1081761,Poor,2,Petrol,193857,Yes,50000
Maruti,2015-01-07,1045562,Excellent,3,Diesel,156558,Yes,50000
Audi,2016-12-19,2928418,Excellent,5,Diesel,66783,No,270278
Tata,2021-10-06,564035,Excellent,5,Electric,184042,Yes,57598
Mahindra,2015-02-21,2416295,Good,2,Diesel,38761,No,183687
Maruti,2021-07-26,2188075,Excellent,2,Hybrid,122473,No,411408
Hyundai,2021-11-27,1473512,Average,1,Diesel,89617,No,228268
Mahindra,2018-09-05,1427305,Average,3,Electric,56866,Yes,138771
Kia,2015-08-19,703938,Excellent,5,Electric,187249,No,50000
Kia,2021-09-25,329315,Good,4,Diesel,154660,No,50000
Honda,2022-07-08,833993,Average,2,Diesel,191802,No,69712
Mahindra,2023-12-07,2487697,Poor,5,Petrol,87315,Yes,272987
Ford,2015-11-29,415357,Excellent,3,Electric,46998,No,50000
Audi,2016-09-30,744422,Poor,1,Hybrid,141581,Yes,50000
Honda,2022-01-24,2392068,Excellent,2,Electric,134873,Yes,433814
Tata,2018-08-30,735730,Average,2,Electric,74372,Yes,69882
Ford,2015-02-21,2193497,Excellent,1,Petrol,118403,Yes,122991
BMW,2018-10-13,2835800,Poor,3,Electric,54391,Yes,212455
Ford,2015-10-26,1293367,Poor,5,Electric,189804,No,50000
Mahindra,2021-09-20,2287948,Average,1,Hybrid,174871,Yes,196339
Ford,2015-02-07,1893147,Average,2,Electric,91019,No,103734
Tata,2024-07-16,2663290,Good,5,Hybrid,96322,No,653879
Tata,2020-04-21,477078,Average,2,Diesel,138287,Yes,50000
Kia,2024-06-12,1246011,Good,3,Hybrid,69712,No,383270
Tata,2023-07-09,1025946,Good,3,Diesel,96349,No,224978
Hyundai,2016-05-18,1102818,Poor,1,Petrol,190629,Yes,50000
Honda,2019-09-11,1975125,Excellent,4,Electric,156227,No,210851
BMW,2023-12-15,1658057,Excellent,2,Electric,186041,Yes,282154
Ford,2018-10-04,2834990,Good,3,Petrol,37185,No,345218
Kia,2024-06-05,1471623,Average,4,Hybrid,162483,Yes,183240
Ford,2024-04-30,1997410,Good,3,Petrol,26184,No,627092
Tata,2017-04-26,2977874,Excellent,4,Hybrid,53702,No,348252
Audi,2015-08-30,769975,Average,1,Hybrid,142696,Yes,50000
Honda,2024-10-26,1673561,Good,2,Hybrid,89424,No,527889
BMW,2017-04-14,1566098,Poor,3,Electric,24321,No,114697
Audi,2020-03-08,1271020,Excellent,1,Petrol,156588,Yes,127808
Mahindra,2022-12-07,1938597,Poor,2,Petrol,97238,No,227453
BMW,2016-04-10,994385,Average,3,Diesel,165491,No,50000
Hyundai,2021-05-09,1299701,Average,4,Electric,61047,Yes,181215
Hyundai,2024-11-28,2036659,Poor,1,Hybrid,61543,Yes,419635
Audi,2018-11-10,2047116,Excellent,3,Diesel,113443,Yes,208155
Hyundai,2019-03-09,2315436,Good,2,Hybrid,181829,Yes,147542
Kia,2022-01-23,2164809,Good,1,Diesel,32868,No,545958
Honda,2015-05-08,1719487,Good,3,Hybrid,133660,No,87002
Maruti,2024-06-21,2675073,Average,4,Diesel,155299,Yes,330933
Tata,2022-08-09,2244900,Good,3,Hybrid,120081,Yes,359823
Toyota,2023-03-20,2032793,Excellent,1,Electric,177244,Yes,347809
Mahindra,2020-07-23,2540459,Poor,2,Electric,195349,Yes,114283
Hyundai,2019-04-08,1012318,Excellent,2,Petrol,81616,No,140948
Hyundai,2016-09-23,2214883,Excellent,5,Electric,6973,No,280034
Audi,2022-12-13,2883360,Average,3,Hybrid,161894,No,333533
BMW,2015-11-25,2249677,Excellent,2,Diesel,22213,No,246870
Toyota,2021-12-09,2097841,Average,5,Electric,123657,No,248302
Audi,2022-09-14,837143,Poor,2,Hybrid,108623,Yes,91854
Mahindra,2016-12-21,2205269,Good,5,Diesel,12082,No,209582
Kia,2022-12-22,2653328,Average,5,Petrol,162501,Yes,214761
Honda,2024-04-18,1792510,Excellent,5,Petrol,122892,No,386201
Maruti,2016-05-30,1915922,Poor,3,Petrol,13620,Yes,93731
Toyota,2018-09-30,691519,Excellent,5,Electric,39205,No,108036
Audi,2023-09-24,722475,Good,5,Petrol,150713,Yes,89741
BMW,2019-06-22,2099370,Average,1,Diesel,21892,Yes,260446
Hyundai,2020-11-24,2673344,Poor,1,Petrol,158266,Yes,149207
Tata,2022-11-09,2644060,Excellent,4,Hybrid,44577,No,789318
Kia,2016-04-02,2432119,Good,2,Hybrid,119715,No,163069
Tata,2024-04-23,1774886,Average,4,Petrol,9133,No,445844
BMW,2019-02-19,1468921,Excellent,5,Diesel,38660,No,216159
Mahindra,2022-02-19,1728829,Average,3,Petrol,43586,Yes,256177
Ford,2018-05-09,1601641,Poor,4,Electric,42426,Yes,110823
BMW,2022-02-17,2235342,Average,1,Diesel,62360,Yes,365127
Kia,2020-03-12,1264445,Average,2,Diesel,125753,Yes,105015
BMW,2019-06-03,501319,Average,1,Petrol,53064,Yes,51106
Tata,2019-12-11,526434,Average,1,Petrol,78184,Yes,52486
Hyundai,2019-01-11,1277626,Average,4,Petrol,134154,No,77519
Ford,2016-11-23,2867993,Average,2,Hybrid,118915,Yes,154406
Mahindra,2019-10-08,2767485,Average,2,Hybrid,155500,No,210747
Ford,2016-01-29,1054117,Good,2,Petrol,11853,No,96064
Kia,2019-08-29,1992176,Excellent,5,Electric,176499,Yes,153851
Kia,2020-11-15,1162677,Average,4,Petrol,52723,Yes,127797
Honda,2016-12-27,1027446,Poor,1,Diesel,91961,No,53057
Audi,2021-04-01,788411,Average,4,Petrol,125561,Yes,64978
Honda,2018-10-29,2168243,Excellent,3,Electric,69511,No,341182
Audi,2022-12-07,1324158,Good,3,Petrol,54469,No,297051
Maruti,2023-07-03,814391,Average,4,Hybrid,7901,No,205886
Honda,2019-07-01,1898573,Average,3,Petrol,105059,Yes,139240
Kia,2018-04-19,2843347,Good,4,Electric,20017,No,392522
BMW,2018-12-30,645327,Good,2,Hybrid,179911,Yes,50000
Hyundai,2023-04-04,689150,Excellent,5,Petrol,8834,No,206104
Kia,2020-03-03,2332286,Average,5,Petrol,199204,No,97461
Mahindra,2020-03-17,842493,Good,2,Diesel,92886,No,115770
Honda,2017-12-09,980481,Average,2,Diesel,151163,Yes,50000
Hyundai,2017-08-05,1850189,Excellent,4,Diesel,116040,Yes,142630
Maruti,2017-09-07,2344726,Excellent,5,Diesel,101390,Yes,186387
Kia,2018-09-03,1787244,Excellent,3,Petrol,141864,Yes,139487
Audi,2022-10-25,2124352,Poor,3,Electric,172280,No,177185
BMW,2020-06-04,2336652,Poor,2,Hybrid,13064,No,294889
Maruti,2018-02-07,1222608,Average,3,Diesel,40466,Yes,101965
Tata,2015-01-28,388869,Average,3,Petrol,153431,No,50000
Kia,2019-12-15,2258443,Poor,5,Petrol,172875,Yes,77567
Tata,2017-06-04,1273491,Excellent,4,Petrol,68869,No,124431
Mahindra,2015-09-13,1537687,Excellent,2,Hybrid,66090,No,146712
BMW,2015-03-24,2865428,Average,3,Petrol,13993,Yes,153935
Audi,2016-03-21,1064166,Good,3,Electric,140974,No,63013
Mahindra,2023-11-11,2478716,Excellent,1,Electric,110124,Yes,728681
Honda,2021-04-11,2766800,Good,3,Hybrid,125447,No,385205
Honda,2022-04-06,2692450,Excellent,3,Diesel,51469,No,704826
Kia,2023-09-04,2388467,Good,5,Electric,87110,No,565760
Maruti,2024-03-13,1552034,Poor,2,Electric,167932,Yes,159227
Tata,2024-10-06,810603,Poor,2,Petrol,82508,No,137415
Kia,2021-11-10,2034229,Poor,1,Electric,166369,No,168857
Ford,2024-02-25,1354490,Excellent,4,Electric,16780,No,588050
Honda,2017-10-14,2787668,Good,2,Hybrid,79863,No,292854
Tata,2022-04-13,1330790,Average,5,Electric,93231,Yes,175735
BMW,2017-11-17,1181360,Good,5,Diesel,81134,No,98898
Tata,2022-06-25,2770197,Poor,1,Diesel,48064,Yes,380885
Toyota,2022-06-23,467905,Excellent,3,Hybrid,133251,No,90758
Kia,2021-11-23,965137,Excellent,2,Hybrid,163065,No,147657
Audi,2020-07-13,2476787,Excellent,5,Petrol,83706,No,353312
Audi,2024-02-14,2876638,Poor,1,Diesel,170460,No,295032
Kia,2017-06-24,2282422,Average,2,Electric,42800,Yes,203886
Honda,2019-02-17,1443067,Good,2,Electric,54801,No,223253
Mahindra,2023-07-30,917390,Average,2,Hybrid,128465,No,154062
Tata,2022-11-29,1768618,Good,4,Petrol,111261,Yes,258317
Tata,2019-02-22,1797178,Good,4,Electric,75061,No,228723
Maruti,2015-03-13,857705,Poor,2,Diesel,164392,No,50000
Ford,2019-03-11,795321,Good,1,Diesel,135044,No,77638
Toyota,2019-07-15,1977795,Excellent,1,Hybrid,116194,No,291260
Honda,2022-04-20,1104433,Average,2,Hybrid,133136,Yes,131954
Mahindra,2019-07-03,526861,Poor,5,Hybrid,52699,Yes,50000
Mahindra,2022-10-26,635596,Poor,4,Hybrid,33363,Yes,88578
BMW,2023-10-06,1992870,Excellent,3,Electric,185536,No,347558
Tata,2023-09-16,795715,Poor,5,Hybrid,134909,Yes,74683
Maruti,2021-05-23,554784,Excellent,5,Hybrid,46393,No,121961
Audi,2022-02-25,2209163,Poor,3,Electric,188811,No,144024
Tata,2023-12-24,1602199,Good,1,Diesel,12234,No,594471
Audi,2018-05-28,1555925,Average,2,Hybrid,195520,Yes,61769
Honda,2022-09-18,895511,Average,1,Diesel,121517,Yes,120791
Mahindra,2019-03-18,1500225,Poor,4,Electric,86563,No,109868
Toyota,2018-02-26,987562,Good,3,Electric,117752,No,91811
Audi,2017-06-06,1913795,Excellent,1,Electric,20348,No,323503
Audi,2015-06-18,1932104,Average,2,Diesel,147753,Yes,64927
Maruti,2024-08-27,1260984,Excellent,2,Hybrid,184587,Yes,229233
Honda,2016-05-05,889874,Average,5,Petrol,77036,Yes,50000
Tata,2017-09-05,2229256,Poor,3,Diesel,178712,Yes,60818
Kia,2018-08-08,1676588,Poor,4,Electric,50350,No,130099
Hyundai,2021-06-03,1142775,Poor,1,Electric,49652,Yes,148943
Toyota,2020-06-21,793362,Poor,2,Petrol,66573,Yes,64630
Honda,2017-08-13,1269417,Average,4,Diesel,42710,Yes,91570
Maruti,2017-05-04,940217,Good,1,Electric,42714,No,120073
Hyundai,2024-06-28,1037405,Good,4,Petrol,26121,No,315862
Hyundai,2024-06-27,2947041,Good,4,Electric,122827,No,704534
Audi,2018-04-28,817878,Poor,4,Electric,190913,Yes,50000
Hyundai,2024-02-02,1120673,Average,5,Petrol,33397,Yes,210820
Audi,2021-11-09,2185461,Good,3,Electric,151921,Yes,271262
Tata,2017-11-13,2196181,Poor,5,Electric,105134,No,111114
Tata,2020-12-19,667109,Poor,4,Electric,117245,Yes,50107
Mahindra,2019-12-16,526040,Good,4,Diesel,122736,Yes,50000
Audi,2021-12-11,1214428,Average,3,Hybrid,134593,Yes,128596
Audi,2023-06-06,790077,Excellent,5,Diesel,110681,No,169294
Maruti,2017-02-11,1814942,Poor,3,Hybrid,38175,No,115580
Tata,2022-09-26,2826271,Good,3,Electric,49368,No,761086
BMW,2022-05-03,1457595,Good,1,Diesel,19546,No,403505
Tata,2018-06-09,1740344,Good,2,Petrol,56275,No,196917
Honda,2021-11-23,1383966,Good,2,Petrol,27757,No,306944
Ford,2016-06-13,2914441,Poor,4,Diesel,146868,No,86256
Maruti,2020-07-30,1246430,Good,4,Electric,148903,Yes,121101
Kia,2016-09-01,2088164,Average,5,Petrol,78835,No,108334
Audi,2016-02-05,2403135,Good,1,Electric,90959,No,203714
Ford,2022-01-24,2392772,Poor,5,Petrol,183498,No,117955
Mahindra,2019-03-01,1384313,Good,3,Electric,46366,No,210995
Mahindra,2016-06-20,2947262,Good,3,Diesel,172457,Yes,115748
Tata,2020-11-15,2328773,Poor,5,Diesel,128386,No,149283
Kia,2017-12-05,1823611,Good,1,Hybrid,164052,Yes,114708
Kia,2021-10-27,1398865,Poor,5,Diesel,67252,Yes,127685
Ford,2019-02-19,2968421,Poor,4,Diesel,119408,Yes,144322
Audi,2016-06-11,2802579,Poor,5,Diesel,34211,Yes,121840
BMW,2021-09-26,1818745,Average,5,Petrol,181982,No,114799
Hyundai,2024-03-04,2875336,Poor,1,Petrol,192504,No,230342
Maruti,2024-01-17,2527277,Good,4,Hybrid,159994,Yes,376274
Audi,2022-11-09,1075815,Good,5,Electric,9855,No,304013
Hyundai,2017-01-23,1238346,Average,1,Electric,170967,No,60660
Honda,2019-01-07,2791328,Average,2,Diesel,91630,No,254356
Tata,2018-07-17,925543,Excellent,5,Hybrid,156113,Yes,65357
Toyota,2023-05-31,2784111,Poor,3,Electric,124346,Yes,316727
Hyundai,2023-07-02,2493682,Excellent,5,Petrol,170631,Yes,310281
Hyundai,2024-09-17,2594329,Poor,3,Diesel,133361,No,339151
Hyundai,2016-08-29,2538885,Excellent,4,Hybrid,27830,No,294850
Toyota,2020-01-17,1141400,Average,5,Electric,84275,Yes,109299
Honda,2023-06-11,459550,Poor,5,Diesel,13109,Yes,67298
Maruti,2021-05-25,2201074,Average,1,Hybrid,143036,Yes,224812
Maruti,2021-04-15,1625883,Excellent,5,Hybrid,170476,No,179485
Maruti,2024-12-07,1866211,Average,3,Diesel,170157,No,262768
Honda,2016-08-18,1831642,Good,1,Petrol,9391,No,193886
Tata,2017-04-27,668466,Good,4,Diesel,184037,Yes,50000
Kia,2016-08-03,1155714,Excellent,4,Diesel,107676,No,87891
Ford,2016-09-22,2566110,Average,3,Diesel,198369,No,74432
Honda,2024-03-14,1097393,Average,3,Diesel,194628,Yes,100161
BMW,2018-03-11,624258,Poor,1,Diesel,124496,Yes,50000
Tata,2018-05-25,790040,Average,4,Petrol,153186,No,50000
Audi,2021-07-21,1461002,Good,4,Hybrid,88202,No,243818
Mahindra,2019-11-10,1545444,Average,3,Hybrid,179990,Yes,84571
Ford,2024-06-08,2793419,Poor,2,Diesel,60399,Yes,476881
Honda,2023-08-30,1410783,Poor,3,Hybrid,68359,No,230484
BMW,2018-03-31,1971666,Good,4,Petrol,52600,No,196399
BMW,2022-03-03,2792450,Excellent,5,Hybrid,169281,Yes,323163
Kia,2020-03-04,2879942,Excellent,1,Diesel,158796,Yes,304958
Tata,2021-10-21,776174,Good,2,Electric,199069,Yes,68729
Hyundai,2015-05-03,351052,Excellent,3,Electric,110205,No,50000
Ford,2023-06-05,1654029,Poor,5,Petrol,135374,Yes,129382
Toyota,2022-02-06,425735,Excellent,1,Hybrid,48794,No,130046
Kia,2017-06-08,2026727,Average,3,Diesel,134020,Yes,96970
Tata,2019-01-26,2076072,Average,4,Petrol,63813,Yes,162533
Hyundai,2017-05-28,1491411,Excellent,5,Hybrid,19930,No,189343
Kia,2024-01-28,2607098,Average,1,Electric,162782,Yes,382297
Toyota,2022-10-02,2245698,Good,4,Petrol,133673,Yes,281680
Maruti,2015-09-22,1942558,Good,3,Petrol,155134,No,79611
Mahindra,2021-04-27,1790759,Poor,2,Electric,33255,Yes,232390
Toyota,2019-07-26,2503870,Excellent,2,Diesel,192493,No,193023
Toyota,2023-11-05,2272228,Average,3,Diesel,92030,No,429224
Mahindra,2022-03-07,2793672,Poor,5,Petrol,128409,Yes,186002
BMW,2021-01-31,1488188,Average,2,Petrol,185073,Yes,87933
Toyota,2023-06-25,2372089,Good,2,Petrol,74706,No,563406
Ford,2024-12-29,793671,Good,3,Diesel,23580,No,300309
Honda,2022-04-23,2166641,Average,2,Electric,119250,Yes,298329
Audi,2022-12-26,2409297,Average,2,Diesel,85169,Yes,388350
Tata,2020-03-08,1242598,Poor,5,Petrol,100731,Yes,69446
Maruti,2018-06-13,1669553,Poor,5,Electric,83917,Yes,92645
BMW,2021-10-12,885313,Average,4,Hybrid,159297,Yes,73329
Honda,2015-01-17,2973959,Excellent,1,Hybrid,158786,Yes,145903
Tata,2022-10-22,1609772,Good,1,Electric,116015,Yes,321927
Maruti,2019-02-15,410474,Excellent,2,Petrol,117652,Yes,50000
Audi,2017-04-20,1015158,Good,5,Diesel,33060,No,94357
Audi,2020-05-26,1844299,Good,5,Diesel,180608,Yes,114228
Hyundai,2024-06-15,2541367,Poor,5,Diesel,9836,Yes,443829
Mahindra,2015-09-21,1071968,Excellent,5,Petrol,19684,No,90635
Honda,2023-09-12,348585,Poor,5,Electric,24617,Yes,57882
Kia,2018-03-05,1134416,Excellent,3,Diesel,74205,No,138782
Mahindra,2017-04-26,417419,Average,5,Hybrid,181300,No,50000
Maruti,2017-02-04,1380070,Poor,4,Electric,105903,Yes,58657
Maruti,2017-09-14,2122366,Poor,4,Petrol,124056,No,82597
Maruti,2020-12-10,2910797,Good,2,Diesel,76558,No,486210
Ford,2021-01-26,1577982,Poor,3,Petrol,177998,No,77967
Maruti,2020-12-11,2814025,Poor,2,Diesel,24857,Yes,312695
Hyundai,2015-11-17,1481487,Poor,2,Petrol,132097,Yes,50000
Kia,2018-07-09,2803043,Poor,1,Hybrid,184320,No,110117
Ford,2021-09-06,2119391,Poor,3,Electric,183697,Yes,120484
Maruti,2023-03-26,2844256,Poor,5,Petrol,121112,Yes,234236
Tata,2020-08-22,1871669,Average,4,Hybrid,63873,No,240195
Maruti,2021-01-01,2124364,Good,2,Electric,100587,No,362445
BMW,2020-09-14,1665342,Excellent,3,Petrol,196531,Yes,118336
Maruti,2018-03-19,525622,Excellent,4,Diesel,26388,No,74052
Mahindra,2017-09-24,1887203,Excellent,2,Petrol,193810,No,99527
Mahindra,2017-06-20,377426,Average,4,Hybrid,121218,Yes,50000
BMW,2021-11-15,1003255,Poor,2,Diesel,5975,Yes,138542
BMW,2017-03-30,854161,Excellent,5,Electric,41602,No,103546
Maruti,2022-07-23,2581218,Average,1,Diesel,183717,Yes,221150
Audi,2022-06-05,2765161,Good,2,Petrol,142849,No,385949
Toyota,2017-12-21,1008056,Excellent,1,Hybrid,73275,No,142006
Kia,2019-01-03,701705,Average,5,Diesel,178416,No,50000
Maruti,2016-10-07,2295202,Poor,1,Hybrid,74841,Yes,118785
Hyundai,2016-06-25,465267,Average,2,Hybrid,99149,Yes,50000
Audi,2024-11-19,688519,Average,4,Electric,171895,Yes,91405
Mahindra,2023-10-25,442263,Good,5,Electric,61475,No,120070
Maruti,2022-02-09,722874,Poor,1,Hybrid,78902,No,97303
Honda,2016-06-12,1553210,Good,1,Diesel,17024,No,166489
Ford,2023-07-17,1828639,Good,3,Diesel,133174,No,329662
Hyundai,2023-08-31,2653717,Average,2,Hybrid,140992,Yes,377133
Mahindra,2019-05-06,2980674,Good,2,Petrol,119604,Yes,260338
BMW,2021-07-17,2722946,Average,2,Hybrid,171158,Yes,222051
Kia,2023-03-20,791641,Good,5,Diesel,67222,No,167874
Audi,2015-08-09,2063979,Excellent,4,Diesel,62176,No,165351
Kia,2019-08-18,1043940,Good,3,Diesel,87953,No,126606
Tata,2015-04-18,584805,Good,3,Hybrid,89615,No,50000
Mahindra,2023-02-03,1625527,Poor,3,Hybrid,188632,No,116385
Honda,2019-10-06,2395227,Average,4,Diesel,132110,Yes,159846
Maruti,2018-01-22,984235,Average,3,Hybrid,18908,No,104619
Ford,2018-05-29,1322279,Poor,5,Petrol,108035,Yes,53324
Audi,2018-08-31,2481853,Poor,4,Hybrid,90442,Yes,138343
Honda,2015-04-25,2506957,Good,3,Electric,26411,No,220391
Ford,2022-02-22,720624,Good,2,Petrol,105191,No,119094
Mahindra,2017-11-07,1556313,Excellent,2,Diesel,78158,No,187349
BMW,2020-09-08,2313987,Average,5,Hybrid,122364,Yes,190670
Maruti,2018-10-22,549002,Poor,3,Petrol,148492,No,50000
Honda,2017-09-29,909382,Excellent,4,Petrol,165445,No,54493
Hyundai,2020-10-28,1863739,Average,2,Diesel,74080,Yes,222333
Audi,2016-09-09,598712,Good,1,Electric,76897,No,59661
Tata,2024-04-08,2590883,Excellent,4,Hybrid,87555,No,809460
Audi,2015-05-27,2274047,Average,5,Electric,105216,Yes,92399
Mahindra,2020-12-21,827550,Good,5,Petrol,149040,Yes,66386
Tata,2023-08-03,483456,Excellent,1,Petrol,25845,No,179594
Toyota,2023-04-28,694348,Poor,1,Petrol,20976,Yes,113139
BMW,2023-06-13,2646140,Good,3,Hybrid,102285,Yes,534597
Maruti,2022-01-22,2059612,Good,4,Diesel,49835,No,413286
Toyota,2023-09-20,2525393,Good,3,Hybrid,48701,No,753000
Honda,2020-07-24,2834561,Good,2,Petrol,68977,No,429483
Kia,2018-05-29,910067,Excellent,5,Petrol,96241,No,86568
Kia,2021-11-18,735688,Excellent,1,Diesel,82079,No,176370
Toyota,2018-10-11,356949,Average,2,Petrol,25979,No,50000
Toyota,2022-07-05,478854,Poor,3,Electric,93976,Yes,55163
BMW,2018-03-08,1353846,Average,3,Diesel,179441,Yes,53131
Mahindra,2023-12-31,2589824,Poor,1,Electric,39557,Yes,533903
Mahindra,2015-08-12,1116775,Average,5,Hybrid,27167,No,68785
Toyota,2021-10-23,773226,Average,3,Petrol,81305,Yes,92678
BMW,2020-11-28,2974826,Excellent,4,Petrol,153634,Yes,292001
Hyundai,2016-06-05,2819230,Poor,2,Petrol,46019,No,143845
Ford,2016-11-28,1705570,Poor,4,Electric,154847,Yes,52595
Kia,2018-07-11,2415754,Good,1,Electric,41856,No,375360
Toyota,2015-07-16,1881366,Excellent,5,Petrol,134087,No,91383
Ford,2024-05-05,574760,Average,4,Petrol,91983,No,103806
Ford,2024-03-29,2999805,Excellent,5,Hybrid,65643,No,968744
Kia,2024-04-09,2288643,Poor,1,Electric,165573,No,282904
Audi,2015-05-23,1812721,Poor,1,Petrol,58943,Yes,70249
Tata,2015-02-27,602634,Poor,1,Diesel,102846,No,50000
BMW,2019-06-22,2138651,Poor,2,Petrol,186276,Yes,72148
Honda,2023-02-11,2880567,Good,5,Electric,21693,No,814176
Mahindra,2015-09-26,1245923,Poor,3,Electric,62724,No,61041
Hyundai,2023-05-20,661588,Poor,5,Electric,83937,Yes,81889
Hyundai,2019-10-23,2961728,Excellent,5,Diesel,192095,Yes,180704
Tata,2019-12-18,1146567,Excellent,1,Petrol,19816,No,241411
Toyota,2016-10-26,1827143,Average,5,Petrol,51789,Yes,98120
Ford,2023-03-03,2508971,Excellent,2,Electric,101063,No,728802
BMW,2017-02-18,436746,Average,4,Diesel,8253,Yes,50000
Hyundai,2024-03-17,570999,Poor,2,Diesel,87655,No,92506
Tata,2023-03-29,1492787,Good,5,Hybrid,197171,Yes,134784
Tata,2017-12-05,2761554,Poor,3,Electric,16905,No,230599
Tata,2019-09-01,1295100,Average,5,Petrol,86975,Yes,94843
Tata,2017-02-15,1151668,Good,3,Petrol,174457,No,51376
Ford,2023-03-20,2125366,Average,2,Petrol,108964,No,327961
Honda,2022-12-31,427209,Poor,1,Petrol,154746,No,50000
Ford,2023-12-20,2552766,Good,2,Diesel,86752,No,665611
Kia,2024-06-30,2767113,Good,1,Electric,121003,Yes,708590
Mahindra,2022-02-16,911651,Poor,5,Petrol,93520,No,80470
Mahindra,2020-01-09,614198,Good,2,Petrol,10183,No,106940
Honda,2019-02-08,2708646,Average,4,Diesel,162508,Yes,133030
Kia,2023-08-17,1927356,Good,4,Electric,127741,No,389358
Kia,2020-11-30,2867327,Poor,1,Petrol,19778,No,352499
Hyundai,2018-10-08,1533020,Average,2,Petrol,80159,No,132097
Honda,2021-07-06,399720,Excellent,4,Hybrid,52752,No,92824
Toyota,2024-10-28,573479,Good,4,Hybrid,129332,Yes,118164
Kia,2019-12-27,2612566,Poor,3,Hybrid,15446,No,288464
Toyota,2018-06-06,2748470,Poor,5,Diesel,158024,Yes,88145
Maruti,2023-09-13,2932987,Excellent,5,Diesel,33087,No,925980
Kia,2017-04-01,2199442,Average,3,Diesel,37736,Yes,161320
Hyundai,2016-06-15,2492590,Excellent,1,Petrol,66960,No,246766
Audi,2023-01-14,2421018,Average,2,Electric,43067,Yes,533440
Honda,2023-11-18,1286242,Good,3,Electric,13732,No,476550
Honda,2020-11-11,941087,Excellent,3,Electric,76806,No,199714
Toyota,2016-05-09,836894,Good,1,Diesel,16747,No,88445
Mahindra,2021-10-03,1116996,Poor,5,Petrol,167949,Yes,53415
Kia,2017-04-08,2735098,Good,3,Hybrid,73367,No,257623
Mahindra,2022-04-27,2870798,Poor,1,Hybrid,190938,No,197263
Tata,2022-12-05,489634,Excellent,5,Hybrid,45693,No,138563
Toyota,2022-01-20,2443443,Poor,4,Hybrid,25977,No,343416
Mahindra,2019-04-27,2550924,Average,5,Petrol,47443,Yes,209300
Tata,2017-07-10,1479607,Good,2,Electric,188940,Yes,71850
BMW,2017-10-22,2108780,Average,5,Diesel,24602,No,175664
BMW,2019-06-22,672917,Good,1,Petrol,177861,Yes,50000
Audi,2018-05-17,1352937,Good,1,Electric,9956,No,230483
BMW,2016-10-24,835807,Average,4,Electric,158772,No,50000
Toyota,2024-03-02,665494,Poor,3,Hybrid,14869,Yes,130788
Ford,2018-04-29,2348414,Poor,5,Hybrid,44012,Yes,142418
Toyota,2018-05-16,2481126,Average,5,Petrol,52122,No,190305
Honda,2024-02-08,2488229,Average,2,Electric,51348,Yes,631198
Toyota,2015-07-14,2277529,Poor,5,Hybrid,194287,Yes,50000
Honda,2020-09-09,850328,Excellent,1,Diesel,172710,Yes,88295
BMW,2022-12-09,2399855,Poor,1,Petrol,48748,Yes,330840
Honda,2017-01-29,2655326,Average,5,Hybrid,54663,Yes,168037
Tata,2020-05-01,2737292,Good,3,Diesel,30506,No,473058
Tata,2018-11-28,315939,Poor,3,Electric,156112,No,50000
Maruti,2023-11-12,2541765,Poor,3,Hybrid,7450,No,542014
Mahindra,2015-06-24,2137334,Good,3,Diesel,198841,Yes,56664
Toyota,2022-01-09,2423184,Poor,1,Electric,138630,No,249473
Mahindra,2022-08-30,2163397,Average,1,Electric,186146,No,232431
Mahindra,2023-04-11,402014,Poor,5,Petrol,19511,Yes,52282
Mahindra,2017-02-20,877660,Good,1,Diesel,33721,No,99081
Audi,2021-08-15,2454579,Average,5,Petrol,45413,No,328027
Ford,2019-03-18,2035091,Poor,5,Petrol,37315,Yes,127955
Honda,2020-07-07,2079954,Average,2,Diesel,93328,Yes,215848
Mahindra,2018-09-12,1224775,Good,1,Hybrid,90339,No,149610
Tata,2020-04-26,1531513,Poor,5,Electric,49197,No,148555
Honda,2019-03-12,2136838,Poor,5,Petrol,152029,No,83865
Toyota,2017-09-21,2540525,Average,3,Diesel,144683,No,132431
Kia,2021-07-04,312857,Excellent,5,Hybrid,92993,No,57199
Hyundai,2020-12-28,2519584,Excellent,5,Hybrid,84137,No,441786
Audi,2022-03-16,2806599,Poor,4,Diesel,84073,No,298625
BMW,2017-03-28,668699,Poor,4,Diesel,128528,Yes,50000
Kia,2015-09-02,715971,Good,5,Electric,195120,No,50000
Hyundai,2015-10-24,1387360,Good,3,Petrol,187820,Yes,50000
Audi,2023-04-21,1168600,Average,5,Hybrid,178154,No,112278
Toyota,2017-08-31,2779529,Good,5,Petrol,57920,No,232013
Toyota,2023-02-10,2045943,Excellent,3,Hybrid,71864,No,602026
Tata,2020-10-05,2084279,Poor,5,Hybrid,62193,Yes,174523
Tata,2021-12-28,2209455,Poor,1,Diesel,141438,No,196165
Audi,2017-10-01,919543,Poor,1,Diesel,170791,No,50000
Ford,2015-07-10,1522667,Poor,4,Petrol,43302,Yes,54566
Tata,2015-08-22,671796,Excellent,3,Diesel,10793,No,69699
Hyundai,2017-01-25,1854907,Poor,4,Petrol,172566,Yes,50000
Maruti,2023-06-20,2452046,Poor,3,Petrol,110513,No,277813
Hyundai,2015-01-08,2539336,Excellent,2,Electric,189404,Yes,98089
Mahindra,2021-12-14,880390,Good,1,Diesel,160390,Yes,102591
Audi,2015-05-24,1858873,Average,1,Electric,38216,No,140798
Tata,2024-02-02,1608204,Excellent,1,Hybrid,11511,No,779453
Audi,2019-03-21,2341621,Good,5,Hybrid,96321,No,241925
Kia,2015-11-18,1131670,Good,2,Petrol,175555,No,50000
BMW,2021-04-17,1555153,Excellent,4,Hybrid,146516,Yes,194707
Audi,2023-12-31,713623,Poor,2,Hybrid,196220,No,58239
Hyundai,2017-10-06,1842078,Good,1,Diesel,137252,Yes,126614
Toyota,2021-06-14,2690161,Excellent,4,Electric,135326,Yes,393999
Mahindra,2024-02-05,1623627,Poor,1,Electric,113620,Yes,243403
BMW,2019-02-26,2812770,Good,3,Electric,114044,Yes,282513
Kia,2017-06-02,768231,Good,4,Diesel,56827,No,70449
Ford,2024-11-10,2844939,Good,5,Diesel,113683,Yes,567935
Honda,2021-02-28,471394,Excellent,4,Petrol,79665,No,80630
Toyota,2024-04-24,1931085,Average,2,Hybrid,70060,Yes,441028
BMW,2023-01-15,1480552,Average,5,Petrol,117715,Yes,160576
Mahindra,2019-09-05,699532,Average,5,Diesel,45995,No,72847
Mahindra,2015-12-27,2609288,Excellent,5,Petrol,186729,No,93082
Maruti,2022-07-21,1239624,Poor,4,Hybrid,107776,Yes,119279
Toyota,2015-12-08,1464058,Poor,2,Hybrid,140869,Yes,50000
Mahindra,2020-05-03,2659169,Excellent,2,Petrol,118040,No,367157
Mahindra,2021-12-10,671554,Average,5,Hybrid,145881,No,65411
Tata,2018-03-07,2680863,Poor,4,Electric,121900,Yes,124715
Toyota,2019-03-06,1762062,Poor,1,Electric,131456,Yes,107321
Maruti,2024-06-29,2452353,Average,4,Petrol,99591,No,437295
BMW,2017-06-06,2211426,Excellent,4,Diesel,41410,No,259245
Tata,2019-11-11,1224361,Average,4,Petrol,64466,Yes,108715
Honda,2022-12-08,520731,Good,5,Petrol,63298,No,100147
Mahindra,2024-08-28,2953085,Excellent,5,Petrol,19032,No,1070463
Tata,2019-05-10,2464673,Poor,3,Electric,30178,Yes,222637
Toyota,2024-02-14,567208,Poor,5,Diesel,20566,Yes,90351
Tata,2018-04-28,1049147,Poor,1,Petrol,120165,No,54295
Maruti,2020-01-28,1409516,Average,1,Diesel,97258,No,156217
Mahindra,2024-08-07,2972526,Good,3,Petrol,35928,No,940584
Toyota,2015-09-13,2109831,Good,5,Diesel,109654,No,107769
Ford,2017-05-29,927467,Average,5,Diesel,165055,Yes,50000
BMW,2024-05-20,950765,Excellent,4,Hybrid,67740,No,330879
Tata,2022-02-04,1665596,Average,2,Petrol,165190,No,151173
Kia,2018-07-07,426570,Poor,2,Hybrid,147517,Yes,50000
Honda,2024-07-25,1681655,Good,5,Diesel,186189,Yes,195438
Toyota,2021-08-13,1278605,Good,2,Hybrid,183539,Yes,119235
Hyundai,2017-10-20,2353387,Excellent,1,Electric,152350,No,223147
Maruti,2018-07-06,461751,Average,1,Diesel,118151,Yes,50000
Mahindra,2016-09-26,1766332,Good,2,Hybrid,156143,Yes,92024
Tata,2023-10-03,1391490,Excellent,5,Petrol,129114,Yes,238372
Ford,2015-07-10,2497926,Average,3,Diesel,23148,No,162257
Toyota,2015-10-31,552918,Average,1,Petrol,149423,No,50000
Toyota,2019-11-16,2351927,Poor,3,Electric,55988,Yes,209092
Mahindra,2022-10-20,767528,Excellent,3,Electric,184374,No,115652
Mahindra,2016-06-08,2940595,Excellent,1,Electric,89124,No,318884
Kia,2018-01-29,1632432,Average,4,Petrol,151435,Yes,68422
Mahindra,2020-01-20,2516355,Excellent,1,Hybrid,56425,No,534186
Mahindra,2022-10-05,1981868,Poor,2,Electric,185044,No,155654
Honda,2017-08-19,1278904,Poor,2,Hybrid,172643,No,50000
BMW,2016-04-07,1520962,Average,1,Electric,66968,No,118202
BMW,2021-11-25,780289,Poor,3,Petrol,108163,No,69378
Ford,2021-01-12,2504864,Poor,3,Electric,116590,No,224524
Tata,2019-08-04,1942502,Average,1,Diesel,52780,Yes,218361
BMW,2019-02-17,323218,Average,1,Hybrid,188473,No,50000
BMW,2021-05-03,1745918,Average,4,Electric,51224,No,280846
Ford,2016-08-29,508649,Average,4,Hybrid,79280,Yes,50000
Maruti,2020-10-13,2149987,Average,2,Electric,130924,Yes,216092
Audi,2024-02-01,805072,Average,1,Hybrid,87151,Yes,172656
Kia,2017-10-27,1868721,Average,2,Hybrid,109557,Yes,122991
Honda,2022-02-23,1228618,Good,5,Diesel,163647,Yes,115457
Kia,2018-12-12,1855448,Excellent,3,Petrol,12008,No,306369
Maruti,2016-12-26,395335,Poor,3,Hybrid,172481,No,50000
Ford,2020-03-14,1278346,Poor,5,Petrol,42706,Yes,92495
Honda,2016-03-07,2871960,Average,4,Hybrid,86250,No,161536
Kia,2015-06-17,417962,Average,5,Diesel,79403,No,50000
Tata,2022-02-07,1498449,Good,5,Hybrid,68445,No,281403
Tata,2018-11-25,509196,Good,5,Diesel,12616,No,66085
Kia,2024-09-15,2399046,Average,2,Electric,147631,Yes,411302
Hyundai,2017-03-12,2439582,Good,1,Hybrid,199235,No,112163
Toyota,2024-09-08,2218106,Average,5,Diesel,141999,Yes,292094
Toyota,2023-04-22,2489599,Good,1,Electric,157613,Yes,417835
Ford,2018-05-13,2136022,Average,1,Diesel,191675,Yes,86185
Audi,2017-12-05,2998110,Good,5,Hybrid,174086,Yes,139734
Kia,2023-11-17,2968544,Poor,3,Hybrid,134909,Yes,322219
Maruti,2019-12-22,2571244,Good,1,Electric,20526,No,547409
Mahindra,2016-02-23,1064316,Good,3,Diesel,121326,Yes,55558
Maruti,2018-07-08,1138953,Good,5,Electric,160865,No,76205
BMW,2019-12-05,2768841,Good,4,Hybrid,95654,No,342211
Honda,2021-06-23,2133224,Poor,3,Hybrid,167512,No,139722
Honda,2018-03-27,1542068,Poor,4,Petrol,123648,Yes,59021
Kia,2017-10-25,2418210,Excellent,3,Diesel,149871,No,185555
Tata,2024-01-08,1686586,Average,1,Hybrid,42702,Yes,432594
BMW,2024-08-25,623077,Excellent,4,Electric,149864,Yes,139951
Ford,2015-06-04,1742993,Average,5,Hybrid,52256,Yes,85081
BMW,2015-06-30,585818,Average,1,Hybrid,5353,No,50000
Kia,2024-03-05,2861719,Average,4,Petrol,139025,No,389250
Honda,2015-08-15,342065,Excellent,3,Diesel,7790,No,50000
BMW,2019-03-03,1043767,Poor,3,Electric,188880,Yes,50000
Kia,2022-10-29,1776955,Average,4,Electric,108272,No,280668
Kia,2022-03-22,1374065,Good,5,Hybrid,11013,No,328271
BMW,2024-04-08,363046,Good,3,Hybrid,63586,No,111372
Hyundai,2015-02-25,1014985,Poor,2,Hybrid,175951,Yes,50000
Ford,2019-07-22,2191183,Excellent,2,Petrol,74397,No,330255
Kia,2019-09-12,2303547,Good,1,Electric,164192,No,227834
Honda,2020-03-03,960952,Excellent,4,Petrol,193204,No,67808
Toyota,2021-12-18,1654301,Poor,5,Petrol,80454,Yes,136054
Tata,2022-01-14,1774560,Excellent,5,Petrol,77574,No,332550
Kia,2017-07-19,1716616,Excellent,3,Diesel,18435,No,236492
Kia,2020-12-15,801550,Good,3,Diesel,87375,No,120970
Toyota,2019-05-29,352572,Good,4,Electric,137103,Yes,50000
Honda,2017-10-25,2589665,Poor,5,Petrol,40818,Yes,128074
Ford,2021-05-29,511366,Average,2,Petrol,182741,No,50000
Toyota,2016-08-03,2577867,Excellent,5,Diesel,94218,No,197424
Ford,2017-12-21,1717800,Excellent,4,Electric,182826,Yes,101652
Tata,2016-11-26,1462452,Average,4,Hybrid,23109,Yes,107862
Mahindra,2017-08-24,737882,Average,5,Petrol,100689,No,50000
BMW,2022-06-17,2186240,Excellent,5,Electric,111707,Yes,405934
Tata,2018-04-28,1653466,Average,3,Diesel,48554,Yes,138446
Mahindra,2019-04-19,2570775,Good,5,Diesel,118740,No,224472
Tata,2022-05-28,361324,Good,1,Electric,117892,Yes,66990
Honda,2015-07-21,1465124,Average,4,Petrol,129208,Yes,50000
Honda,2015-05-01,1018085,Excellent,2,Hybrid,55211,No,95723
Ford,2015-03-29,1158513,Average,2,Petrol,21741,Yes,64057
Hyundai,2015-07-03,2791959,Excellent,2,Diesel,184761,Yes,107237
Ford,2023-12-23,2515198,Good,3,Hybrid,187740,Yes,314407
Audi,2016-06-07,1780048,Good,3,Electric,49428,No,171950
Toyota,2017-03-01,1897120,Good,5,Hybrid,52255,No,170721
Mahindra,2021-10-19,737364,Poor,2,Hybrid,75046,No,91228
Maruti,2021-12-11,2641315,Good,2,Petrol,140353,Yes,311661
Kia,2016-01-11,721282,Good,3,Electric,93369,No,53792
Tata,2020-06-05,2775682,Poor,2,Petrol,22956,No,296074
Kia,2016-08-27,388197,Poor,1,Electric,122688,No,50000
Kia,2016-06-06,857398,Excellent,5,Electric,8080,No,102877
Kia,2022-09-25,2532433,Good,1,Hybrid,74709,No,640767
Maruti,2018-10-16,1476851,Poor,4,Petrol,68620,No,90199
Mahindra,2023-12-29,1079906,Excellent,5,Petrol,110431,No,237029
Kia,2024-02-25,2426857,Average,1,Diesel,61864,Yes,551771
Honda,2024-04-02,1217332,Excellent,5,Hybrid,51853,No,416994
BMW,2020-08-14,1682491,Good,2,Petrol,159154,Yes,141190
Hyundai,2022-05-31,2736536,Excellent,4,Electric,99942,No,632528
Honda,2017-06-21,541048,Average,2,Diesel,153629,No,50000
Audi,2024-07-11,1025639,Average,3,Petrol,197124,No,99937
Hyundai,2022-05-30,1374176,Excellent,3,Hybrid,95197,No,323894
Audi,2022-07-28,2371274,Poor,5,Petrol,178737,Yes,118908
BMW,2022-03-13,1090119,Average,5,Electric,104167,No,149412
Ford,2017-09-04,2149467,Excellent,2,Diesel,171683,No,145462
Toyota,2019-05-30,553063,Average,4,Hybrid,35605,No,65043
Maruti,2018-01-27,1650752,Poor,3,Diesel,56538,Yes,96387
Ford,2023-01-27,2604084,Poor,1,Hybrid,118583,Yes,302777
Honda,2022-10-11,616930,Average,2,Hybrid,102680,Yes,94183
BMW,2021-09-07,902824,Good,2,Diesel,28168,No,206992
Ford,2024-02-03,959637,Excellent,3,Petrol,181438,No,150596
Hyundai,2017-10-08,2532249,Average,3,Electric,59645,Yes,209941
Toyota,2022-11-26,2914752,Poor,4,Diesel,83221,Yes,313914
Hyundai,2016-05-10,566791,Excellent,3,Diesel,125521,Yes,50000
Tata,2020-04-21,2390621,Good,3,Hybrid,34395,No,432400
Mahindra,2017-04-26,320752,Excellent,5,Hybrid,191761,Yes,50000
Hyundai,2022-08-21,2381910,Good,1,Electric,155611,Yes,363648
Audi,2024-03-17,807420,Good,3,Hybrid,77413,No,230934
Toyota,2018-04-29,1411245,Good,3,Hybrid,107357,No,134179
Honda,2021-02-18,1592660,Poor,4,Electric,127287,No,129073
Ford,2016-01-12,1670770,Average,5,Diesel,59822,No,90916
Kia,2024-05-31,1634932,Poor,3,Hybrid,198206,Yes,119400
Honda,2022-08-26,1380746,Excellent,2,Hybrid,113592,Yes,292646
Mahindra,2022-02-09,989113,Average,2,Electric,72120,No,184681
Maruti,2016-05-18,1367435,Average,2,Diesel,59889,Yes,84129
BMW,2023-02-12,2668697,Average,1,Electric,139539,No,435089
Tata,2023-01-04,636012,Poor,1,Diesel,170776,Yes,50000
Honda,2020-05-21,669762,Average,2,Electric,141686,Yes,59091
Tata,2024-06-10,2837881,Poor,4,Hybrid,149355,Yes,290967
Hyundai,2021-03-01,424418,Excellent,3,Diesel,153190,No,54898
Tata,2019-12-14,1565339,Excellent,3,Hybrid,108447,Yes,208216
BMW,2017-07-11,1818858,Average,4,Hybrid,180938,No,70909
Ford,2018-08-02,1986321,Excellent,4,Diesel,182457,Yes,114952
Honda,2019-03-24,2700382,Excellent,3,Electric,45334,No,501022
Maruti,2017-12-27,2900327,Average,1,Hybrid,48834,Yes,272297
Toyota,2017-03-08,2064840,Good,1,Electric,128495,No,171373
Toyota,2022-01-28,465736,Poor,2,Electric,55764,No,69528
Kia,2017-08-15,395930,Poor,5,Electric,22204,Yes,50000
BMW,2015-12-06,1285090,Excellent,1,Petrol,82044,No,109239
Hyundai,2024-02-15,1301152,Poor,1,Hybrid,112218,Yes,185792
BMW,2016-08-03,1448826,Poor,4,Diesel,179844,No,50000
Kia,2021-02-06,2990141,Excellent,5,Hybrid,180790,No,294743
Hyundai,2019-10-22,2345622,Average,4,Petrol,74547,Yes,197595
Maruti,2017-09-27,1873395,Excellent,5,Petrol,140971,Yes,112288
Ford,2021-07-25,644181,Good,4,Diesel,47942,No,120156
BMW,2018-10-09,1207863,Average,2,Hybrid,26670,Yes,133158
Kia,2024-02-28,1054284,Excellent,2,Electric,180432,No,216258
Mahindra,2016-11-08,2392895,Excellent,1,Hybrid,124838,Yes,195449
Toyota,2017-10-09,2161767,Average,5,Hybrid,85958,No,148427
Ford,2018-05-08,491003,Poor,1,Diesel,172927,Yes,50000
Mahindra,2018-07-27,2973981,Average,1,Petrol,11983,Yes,307890
Mahindra,2019-10-25,2839034,Excellent,2,Diesel,195451,Yes,199476
Honda,2021-03-26,1818382,Poor,2,Hybrid,83251,Yes,177914
Ford,2023-03-31,2015097,Poor,5,Hybrid,124732,No,206928
Hyundai,2018-04-08,1705995,Poor,4,Electric,97433,Yes,91562
Hyundai,2023-11-05,979222,Poor,2,Petrol,109137,Yes,112890
Ford,2019-08-10,2381273,Excellent,1,Diesel,110496,No,342899
Mahindra,2022-08-17,2606624,Excellent,4,Petrol,172180,Yes,295396
Kia,2017-09-24,1866647,Average,4,Petrol,90124,No,116056
Maruti,2017-11-15,1036259,Poor,4,Hybrid,162990,No,50000
Kia,2018-05-15,888386,Good,4,Electric,33034,No,118300
Ford,2021-01-19,434637,Average,1,Petrol,64445,No,61235
Tata,2017-08-08,959777,Excellent,1,Hybrid,133614,Yes,84090
Maruti,2018-05-21,784070,Good,3,Petrol,184755,No,50000
Audi,2017-12-08,1404091,Poor,3,Electric,66355,Yes,87206
Ford,2020-04-06,1019906,Average,2,Hybrid,98948,No,117132
Audi,2024-07-19,1885966,Average,5,Hybrid,53611,Yes,403833
Audi,2023-08-08,904663,Poor,4,Electric,140759,Yes,90865
BMW,2024-06-07,2291571,Excellent,2,Petrol,104577,No,661492
Kia,2024-02-26,1029637,Poor,4,Electric,177312,No,96864
Tata,2020-01-28,1655365,Poor,2,Petrol,100745,No,119905
Mahindra,2017-04-25,2697091,Average,4,Diesel,182513,No,93993
Mahindra,2021-02-17,543346,Average,5,Hybrid,41067,Yes,70142
Maruti,2024-08-29,1400982,Good,3,Hybrid,198947,No,195784
Hyundai,2016-10-20,695926,Average,4,Hybrid,11399,Yes,52624
Kia,2019-07-09,2920038,Poor,2,Petrol,100533,No,193437
Toyota,2019-03-16,1181271,Good,3,Electric,27073,No,195042
Hyundai,2021-09-28,505830,Good,1,Petrol,161171,Yes,52863
Ford,2022-03-18,1152844,Excellent,4,Hybrid,195062,No,127288
BMW,2016-09-07,2073706,Excellent,1,Electric,78653,No,245804
Hyundai,2017-03-28,2836119,Poor,5,Diesel,63761,Yes,124695
Maruti,2023-08-11,1308189,Poor,1,Petrol,44608,Yes,204445
Tata,2023-03-10,2173197,Poor,2,Electric,24979,No,437711
Toyota,2019-04-22,2267455,Excellent,5,Diesel,133230,No,218884
Audi,2022-06-15,888277,Average,3,Diesel,75063,No,144746
Kia,2018-08-09,2353141,Average,5,Electric,194054,Yes,87558
BMW,2018-08-07,795043,Poor,1,Hybrid,80835,Yes,53948
Audi,2016-02-18,2130363,Poor,4,Petrol,33884,Yes,87406
Toyota,2016-02-05,1557693,Excellent,1,Electric,61238,No,180984
Audi,2018-07-31,2454759,Poor,4,Diesel,193424,No,71496
Audi,2022-09-29,934510,Poor,1,Petrol,97945,Yes,100380
Mahindra,2024-09-09,1130861,Good,5,Diesel,36252,No,345414
Mahindra,2020-11-21,1151849,Average,3,Hybrid,90690,Yes,130028
Kia,2021-02-03,1317291,Excellent,3,Petrol,195054,Yes,101137
Audi,2021-10-28,2581518,Average,3,Electric,161324,No,265312
Tata,2024-10-08,893182,Poor,3,Hybrid,187861,Yes,76141
Kia,2019-08-30,1707193,Average,4,Diesel,149551,No,111585
Kia,2020-05-31,2066488,Good,2,Hybrid,84338,No,326108
Ford,2015-06-14,1170603,Poor,5,Hybrid,52424,No,50000
Kia,2021-06-22,2998821,Good,2,Diesel,99739,No,489450
Maruti,2023-08-21,1091033,Excellent,3,Diesel,90795,No,300633
Maruti,2017-09-29,336783,Good,3,Petrol,129787,Yes,50000
Maruti,2021-02-16,940004,Poor,1,Electric,197831,No,52970
Honda,2021-01-04,2790436,Good,5,Diesel,110731,Yes,302581
Toyota,2023-08-29,348182,Poor,5,Petrol,165037,Yes,50000
Kia,2018-10-04,2537350,Poor,2,Diesel,190334,Yes,78737
Audi,2019-02-27,1333869,Poor,3,Electric,17231,Yes,122288
Tata,2018-03-08,2187774,Good,4,Electric,37510,No,277904
Maruti,2022-01-18,1431510,Average,2,Petrol,20678,No,267175
Audi,2018-03-25,972192,Poor,1,Hybrid,41858,Yes,73168
Kia,2024-10-19,1326142,Poor,3,Hybrid,78422,No,249416
Kia,2018-08-19,1626301,Average,2,Petrol,106611,No,120559
Kia,2024-12-25,1950057,Poor,5,Hybrid,118532,Yes,247572
Hyundai,2019-09-25,2358120,Excellent,1,Hybrid,150852,Yes,261872
Hyundai,2024-05-01,1703663,Poor,2,Hybrid,103258,Yes,250464
Mahindra,2023-07-29,924026,Poor,5,Petrol,154752,Yes,65323
BMW,2020-04-19,572490,Good,4,Electric,123418,No,69019
Tata,2015-08-07,1659151,Average,5,Electric,108459,No,76058
Hyundai,2016-10-24,1679502,Poor,1,Electric,180537,Yes,50000
Ford,2016-12-04,999830,Poor,4,Diesel,148849,No,50000
Hyundai,2015-11-25,1300828,Poor,5,Petrol,113869,Yes,50000
Audi,2015-07-25,2227831,Good,1,Electric,119706,Yes,134403
Audi,2016-04-11,1568285,Excellent,3,Diesel,134880,Yes,92748
Honda,2024-05-01,2485576,Good,1,Hybrid,70881,No,829538
Honda,2022-07-07,598107,Good,2,Electric,68752,No,151306
Tata,2017-01-03,2744891,Good,1,Diesel,76452,No,254649
Tata,2018-06-24,953857,Good,3,Diesel,18614,No,127325
Mahindra,2015-08-10,2457200,Poor,3,Diesel,126080,No,76247
Honda,2021-03-14,2020525,Good,1,Hybrid,58104,No,427782
Hyundai,2021-10-12,2120679,Good,5,Diesel,8745,No,445589
Toyota,2020-05-08,2567737,Average,1,Petrol,118939,Yes,223306
Hyundai,2024-06-21,1659546,Good,5,Electric,168581,Yes,248610
Hyundai,2019-12-17,1522874,Poor,5,Hybrid,170204,Yes,61085
Kia,2019-06-10,1375261,Good,2,Diesel,77216,No,179372
Mahindra,2024-02-05,448092,Good,3,Petrol,120177,No,88957
Hyundai,2024-02-05,1286426,Average,4,Petrol,66420,Yes,225578
Toyota,2020-08-11,2457122,Excellent,4,Electric,126005,Yes,331657
Mahindra,2021-08-25,2576635,Excellent,4,Hybrid,78400,No,548360
Toyota,2021-04-22,1483320,Average,2,Electric,98394,No,215056
Hyundai,2020-02-08,2497313,Poor,2,Diesel,128642,No,167495
Toyota,2024-07-16,611301,Average,2,Electric,147315,Yes,102207
Hyundai,2018-05-25,1380801,Poor,5,Hybrid,81118,Yes,72433
BMW,2016-10-11,2882268,Good,3,Diesel,26440,No,283683
Kia,2018-02-18,360710,Poor,1,Hybrid,140631,No,50000
Kia,2015-12-02,2244215,Excellent,5,Electric,10127,No,246029
Audi,2023-06-02,2124598,Good,5,Electric,183743,Yes,237202
Toyota,2020-04-26,2665332,Average,1,Diesel,117324,Yes,249230
Honda,2015-05-02,1302182,Poor,5,Electric,40631,Yes,52255
Ford,2022-11-17,2703712,Excellent,5,Petrol,155839,No,376491
Maruti,2018-07-22,2017640,Average,1,Petrol,71794,Yes,165136
Mahindra,2017-06-15,449633,Average,3,Hybrid,48867,Yes,50000
Mahindra,2022-07-23,2195458,Average,1,Petrol,37643,Yes,396096
Hyundai,2017-08-25,2839967,Average,4,Diesel,72820,Yes,181857
Honda,2018-01-20,1375551,Good,3,Electric,89764,No,145110
Kia,2023-01-17,2066561,Average,4,Diesel,146410,Yes,215177
Ford,2016-03-03,1319223,Poor,4,Electric,43871,Yes,63653
BMW,2016-07-03,1327492,Good,5,Petrol,65495,No,88874
BMW,2023-06-13,2588846,Excellent,2,Diesel,59687,No,838781
Maruti,2019-01-29,2757878,Excellent,5,Electric,65860,No,408241
Ford,2019-09-12,1073536,Excellent,1,Diesel,185767,Yes,85108
BMW,2018-09-23,2458874,Excellent,3,Petrol,101795,Yes,242683
Hyundai,2017-04-08,2214918,Poor,1,Diesel,98319,Yes,104432
Tata,2017-04-09,2016726,Excellent,5,Hybrid,172409,No,114124
Maruti,2023-12-24,367740,Average,3,Electric,13852,Yes,99641
Ford,2019-05-12,1188250,Poor,1,Hybrid,161512,Yes,57663
Ford,2020-05-19,2873116,Excellent,4,Electric,85322,No,512131
Maruti,2024-05-23,1143994,Poor,3,Electric,84410,No,208150
Tata,2017-11-28,851821,Average,2,Hybrid,114228,Yes,55472
Maruti,2022-05-14,922780,Excellent,4,Hybrid,79461,No,219629
Audi,2017-02-21,683942,Good,1,Petrol,108660,No,51806
Mahindra,2021-10-18,2903674,Excellent,2,Petrol,173729,Yes,317462
Tata,2023-06-18,1506409,Excellent,3,Petrol,20076,No,503814
Kia,2022-04-25,2259423,Average,4,Hybrid,159853,Yes,203313
Toyota,2021-10-31,2910142,Excellent,2,Petrol,75105,No,633295
Hyundai,2023-12-12,2810098,Poor,1,Diesel,128076,Yes,334584
Hyundai,2018-09-10,366085,Excellent,4,Petrol,194261,Yes,50000
Hyundai,2023-05-17,874424,Good,4,Petrol,96039,No,165334
Audi,2024-07-26,1625972,Excellent,3,Diesel,121615,No,444472
Maruti,2017-11-19,753966,Poor,1,Electric,73447,Yes,50026
Toyota,2021-02-09,2303812,Excellent,1,Electric,58413,No,612039
Maruti,2018-05-08,2052056,Good,4,Petrol,12577,No,241527
Kia,2020-04-18,1944277,Good,4,Electric,7325,No,388336
Maruti,2018-01-23,2688157,Good,5,Hybrid,14536,No,322567
Kia,2015-10-23,1375910,Good,2,Hybrid,160512,Yes,59768
Kia,2022-01-15,1030808,Average,2,Hybrid,144272,No,122420
Toyota,2020-01-09,509672,Poor,1,Electric,139534,No,50000
Honda,2019-09-07,983936,Average,2,Petrol,8005,Yes,117600
Maruti,2023-04-05,1544841,Excellent,1,Electric,37756,No,631896
Audi,2023-01-06,2731034,Good,4,Hybrid,43885,No,699064
Mahindra,2022-04-09,1564551,Good,4,Petrol,151469,No,180041
Hyundai,2019-01-05,1884421,Excellent,1,Electric,115725,Yes,244355
BMW,2015-07-19,821654,Poor,5,Diesel,24950,No,50000
Toyota,2022-05-23,832108,Excellent,1,Diesel,57952,No,240702
Tata,2015-07-07,1889312,Poor,4,Electric,82798,No,77190
Maruti,2018-09-23,2481685,Good,1,Hybrid,29787,No,392615
Maruti,2024-11-20,1625606,Excellent,4,Diesel,179738,Yes,268263
Mahindra,2023-05-14,903900,Good,5,Electric,100674,No,190629
Hyundai,2020-03-22,1268629,Poor,2,Hybrid,140807,Yes,77352
Hyundai,2018-04-25,2676494,Average,3,Petrol,74815,Yes,187069
Kia,2019-05-04,714896,Good,1,Petrol,148268,Yes,55234
Ford,2016-06-05,2564751,Poor,3,Petrol,98276,No,98465
Hyundai,2021-01-04,1010372,Average,1,Diesel,123124,No,113762
Mahindra,2016-12-14,1263683,Poor,5,Electric,122370,No,50226
BMW,2016-02-01,1887759,Average,3,Petrol,187545,Yes,50000
Maruti,2018-05-10,2065543,Average,5,Hybrid,77509,Yes,145876
Maruti,2015-11-30,313455,Poor,3,Electric,5683,Yes,50000
Kia,2016-06-12,851276,Average,4,Petrol,157688,Yes,50000
Honda,2016-06-16,2027899,Average,2,Diesel,18224,Yes,148315
Hyundai,2021-02-15,2898980,Excellent,5,Diesel,167875,Yes,268302
Audi,2023-02-10,1383961,Poor,5,Diesel,101103,Yes,133140
BMW,2022-11-12,640439,Good,1,Electric,141841,Yes,111133
Mahindra,2019-01-30,525219,Good,4,Electric,71004,No,67355
Kia,2016-10-08,1759063,Poor,4,Electric,140418,No,64776
Maruti,2023-02-06,1784325,Average,3,Diesel,114335,No,266586
Honda,2021-08-12,2445484,Good,3,Electric,157730,Yes,280298
Mahindra,2021-09-20,2660166,Excellent,3,Hybrid,36841,No,720147
Ford,2018-11-03,2435139,Average,3,Diesel,88104,Yes,186911
Honda,2024-05-05,1352214,Poor,2,Electric,40858,Yes,278709
Honda,2024-08-26,1311601,Good,3,Hybrid,103153,No,356571
Mahindra,2018-12-23,1884087,Excellent,1,Diesel,77570,No,287447
Tata,2019-09-26,682527,Average,3,Diesel,170767,Yes,50000
Honda,2015-01-12,1250447,Excellent,3,Petrol,28832,No,102848
BMW,2019-07-16,420029,Average,5,Diesel,80405,Yes,50000
Audi,2024-01-03,342335,Good,4,Diesel,139852,No,60353
Maruti,2020-02-27,1818019,Good,2,Petrol,29231,No,302262
BMW,2018-03-01,2139086,Excellent,5,Electric,112556,Yes,196617
Ford,2017-03-05,2405982,Good,3,Electric,52985,No,258499
Toyota,2016-01-06,2827229,Poor,2,Electric,176374,Yes,71746
Maruti,2016-08-02,2879868,Excellent,3,Petrol,135818,No,184682
Audi,2019-11-05,2977647,Average,1,Hybrid,38619,Yes,393450
Ford,2021-05-18,2557158,Poor,3,Electric,81709,No,288546
BMW,2021-10-06,1642012,Average,3,Diesel,159369,No,149529
BMW,2021-01-07,1734056,Good,1,Petrol,38642,No,337034
Tata,2016-07-12,2039521,Good,3,Diesel,166901,Yes,84410
Honda,2020-12-04,2853428,Excellent,2,Diesel,184129,No,295808
Tata,2020-09-11,2111419,Good,1,Electric,88323,No,382936
Toyota,2016-01-11,1700850,Good,5,Electric,50821,No,135970
Ford,2020-02-17,2442454,Good,2,Petrol,119909,No,268887
Audi,2017-08-14,2710188,Average,3,Electric,61004,No,242242
Tata,2019-10-24,2547718,Poor,3,Diesel,156506,No,129252
Ford,2022-07-02,1077902,Good,1,Petrol,141822,Yes,145197
Kia,2019-06-08,1331776,Good,2,Petrol,111596,No,136980
Hyundai,2023-12-23,2503497,Poor,5,Hybrid,186478,Yes,168779
Honda,2022-10-02,2517587,Excellent,1,Hybrid,118416,No,618038
Hyundai,2016-09-29,2521267,Average,2,Petrol,64368,No,167566
Mahindra,2020-10-26,1293034,Excellent,4,Hybrid,31457,No,291390
Kia,2015-08-14,1736345,Excellent,4,Electric,45398,No,169149
Honda,2017-11-26,521529,Excellent,3,Electric,73087,No,69534
Audi,2021-08-20,2055134,Excellent,1,Hybrid,182363,No,272547
Toyota,2016-09-20,2414957,Good,4,Petrol,190229,Yes,74961
Ford,2017-10-07,1002484,Excellent,3,Diesel,123410,Yes,80783
Mahindra,2019-11-02,2686704,Good,5,Electric,85634,No,343261
Toyota,2017-08-12,1984510,Poor,1,Diesel,46485,Yes,124403
Hyundai,2016-10-30,1843084,Good,1,Diesel,49555,No,186095
Hyundai,2018-07-20,2286039,Average,5,Hybrid,134440,Yes,123995
Toyota,2020-07-09,2381070,Good,5,Diesel,81253,No,306160
BMW,2016-02-21,996610,Average,1,Diesel,43738,No,73628
Tata,2024-12-23,993411,Poor,5,Petrol,13522,Yes,174059
Hyundai,2021-12-10,316274,Poor,5,Diesel,82483,Yes,50000
Honda,2017-12-14,1528463,Excellent,4,Diesel,104731,Yes,132584
BMW,2019-10-16,2839521,Average,1,Petrol,192397,No,148836
Hyundai,2016-01-15,464588,Good,5,Electric,182614,No,50000
Kia,2020-08-13,1208664,Good,2,Hybrid,18781,No,257048
Ford,2018-09-20,435433,Poor,5,Diesel,114696,Yes,50000
Kia,2017-01-19,662506,Good,3,Electric,181854,No,50000
BMW,2017-02-12,1074560,Excellent,5,Electric,9000,No,143725
Maruti,2024-09-26,2348306,Poor,4,Diesel,115328,Yes,290340
Mahindra,2017-08-14,1723494,Good,4,Petrol,193159,Yes,60258
Ford,2021-10-15,1216411,Good,1,Hybrid,166251,Yes,141032
Mahindra,2019-11-21,1072507,Good,5,Electric,181910,No,76126
Mahindra,2015-05-16,2571354,Average,1,Electric,171940,No,94936
Hyundai,2016-10-03,2242378,Average,2,Electric,130186,No,130650
Tata,2021-02-13,618263,Excellent,4,Hybrid,82436,No,118544
Tata,2017-07-02,1306016,Good,2,Electric,170087,Yes,73922
Kia,2017-02-05,532281,Poor,5,Electric,167624,Yes,50000
Toyota,2016-03-05,435241,Average,2,Diesel,85834,Yes,50000
Mahindra,2022-08-29,1903044,Poor,1,Petrol,108629,Yes,190952
Mahindra,2015-09-07,2884187,Good,4,Diesel,140188,No,131071
Tata,2017-01-23,352637,Average,4,Diesel,147958,Yes,50000
BMW,2020-09-19,758616,Poor,4,Petrol,130746,Yes,50000
Audi,2018-06-28,1683083,Excellent,4,Hybrid,21486,No,269304
Audi,2016-03-11,662842,Poor,5,Petrol,175328,Yes,50000
Maruti,2016-09-06,2559010,Excellent,3,Diesel,8123,No,317491
Mahindra,2016-10-24,2893507,Average,4,Hybrid,102570,No,166607
Kia,2017-11-02,1490573,Poor,3,Electric,141395,Yes,61844
Toyota,2019-04-22,759420,Good,4,Hybrid,132385,No,69587
BMW,2018-06-07,1091934,Excellent,5,Electric,31566,No,166826
Maruti,2015-12-08,2700592,Excellent,4,Hybrid,181947,Yes,108806
Mahindra,2016-04-22,952831,Poor,1,Hybrid,114792,Yes,50000
BMW,2022-12-18,2913725,Good,2,Hybrid,52118,No,799980
Kia,2023-05-14,1073723,Poor,5,Petrol,57102,No,136349
Mahindra,2019-09-24,2380988,Poor,3,Petrol,101334,Yes,138616
Tata,2016-05-01,628351,Poor,3,Hybrid,145810,Yes,50000
BMW,2022-10-06,2284095,Excellent,5,Petrol,128850,Yes,333548
Maruti,2017-05-05,2838401,Average,1,Petrol,175796,No,115338
BMW,2015-07-08,1102733,Poor,2,Electric,55446,No,56720
Toyota,2020-11-23,1248724,Excellent,4,Electric,89345,No,237483
Tata,2020-03-01,1054038,Average,2,Hybrid,144839,No,91936
Kia,2021-01-13,1458329,Excellent,5,Electric,198309,Yes,116013
Audi,2017-03-26,537684,Excellent,3,Diesel,173203,No,50000
Tata,2021-01-20,862995,Average,3,Diesel,127007,Yes,77529
Kia,2022-01-06,1712573,Excellent,1,Hybrid,167585,No,271971
Audi,2015-10-08,599550,Poor,1,Electric,65588,No,50000
Honda,2022-02-25,1952782,Average,3,Hybrid,99635,Yes,259104
Maruti,2015-01-12,609651,Excellent,3,Diesel,105499,Yes,50000
Hyundai,2017-12-24,501386,Average,1,Electric,137942,Yes,50000
Mahindra,2019-07-14,2440634,Average,3,Petrol,190152,No,112720
Maruti,2019-09-22,1006744,Good,2,Hybrid,66767,No,153580
BMW,2016-02-19,2615866,Average,1,Hybrid,171921,No,102937
Audi,2018-10-11,2661553,Poor,1,Petrol,82729,No,179180
Maruti,2018-08-29,1146402,Good,3,Diesel,52964,No,138353
BMW,2024-08-26,2994145,Average,2,Electric,177649,No,453937
Kia,2016-07-09,403042,Average,2,Electric,120844,Yes,50000
Mahindra,2022-01-13,910140,Poor,2,Diesel,179063,No,58968
Honda,2021-08-25,1909922,Poor,3,Petrol,25450,No,233282
Hyundai,2018-08-27,874246,Poor,1,Electric,158348,Yes,50000
Toyota,2019-07-20,1934162,Good,1,Electric,44248,No,351695
BMW,2024-10-25,2705600,Good,5,Hybrid,35383,No,902707
Mahindra,2021-03-05,2166701,Excellent,2,Petrol,41978,No,486136
BMW,2023-10-10,1112665,Average,3,Hybrid,139910,No,170593
BMW,2020-10-16,2361867,Good,2,Hybrid,43743,No,470947
Honda,2018-01-01,512646,Average,4,Electric,115205,Yes,50000
Tata,2018-10-06,809303,Excellent,2,Petrol,97639,No,96200
BMW,2015-11-14,2471531,Average,3,Diesel,136868,Yes,90091
Tata,2020-09-02,861101,Excellent,2,Hybrid,166766,No,105046
Tata,2019-02-15,2539714,Average,5,Petrol,81977,No,193654
Honda,2024-03-02,581652,Average,3,Electric,195926,No,65676
Mahindra,2024-02-25,957997,Good,4,Petrol,69744,No,232053
Mahindra,2022-08-07,2263648,Poor,2,Electric,34781,No,399540
Honda,2016-07-22,2873216,Good,3,Hybrid,84322,No,229396
Toyota,2024-08-07,1351916,Excellent,5,Petrol,166263,Yes,207980
Mahindra,2023-12-30,2262132,Good,5,Hybrid,22014,No,693736
Maruti,2023-09-04,1339366,Excellent,4,Diesel,153096,No,246288
Kia,2024-09-22,2244134,Average,5,Diesel,131749,Yes,316660
Toyota,2020-06-26,2757076,Excellent,3,Petrol,83546,No,439446
Maruti,2021-12-07,781690,Excellent,5,Diesel,197910,Yes,63746
Ford,2020-12-26,829581,Good,2,Hybrid,17441,No,188251
Kia,2018-10-29,776211,Average,2,Diesel,42695,Yes,76195
Mahindra,2016-03-08,1785996,Good,5,Petrol,121913,No,86194
Maruti,2017-09-17,1608649,Poor,1,Electric,61264,Yes,109364
Kia,2019-02-02,1842636,Average,5,Diesel,94195,Yes,127153
Hyundai,2017-07-19,2578489,Excellent,5,Diesel,73154,No,254395
Mahindra,2022-04-28,971169,Poor,1,Electric,134484,Yes,96888
Tata,2024-01-11,2957247,Excellent,4,Petrol,62528,No,868945
Tata,2024-05-20,900406,Poor,4,Diesel,44946,Yes,145170
Maruti,2019-04-28,1819061,Excellent,3,Hybrid,42477,No,326259
Audi,2017-04-19,1660904,Average,5,Hybrid,9411,Yes,129008
Hyundai,2022-06-28,491472,Good,5,Electric,139656,Yes,65076
Maruti,2023-06-26,2970574,Average,2,Petrol,115803,Yes,415518
Honda,2018-04-30,2184919,Average,5,Electric,97973,Yes,148210
Hyundai,2017-10-25,1205508,Good,5,Electric,16711,No,146534
Toyota,2020-03-04,1273805,Average,1,Diesel,101057,Yes,126692
Toyota,2016-07-30,2558942,Good,5,Hybrid,156264,Yes,109313
Tata,2017-09-03,2061226,Excellent,5,Diesel,113830,No,170350
Honda,2015-07-03,965938,Average,5,Hybrid,84904,Yes,50000
Tata,2020-03-25,1297359,Poor,5,Petrol,159914,No,57066
Toyota,2019-10-13,695066,Excellent,5,Electric,181891,Yes,52373
Hyundai,2017-05-07,1969827,Poor,2,Hybrid,60882,No,125594
Hyundai,2015-10-09,1963469,Poor,4,Hybrid,135264,Yes,53739
Audi,2016-05-05,2120766,Good,5,Petrol,39339,No,153728
Audi,2020-11-12,2547484,Good,4,Petrol,171022,No,202578
Maruti,2024-08-22,2122483,Average,4,Diesel,136524,Yes,304944
BMW,2017-08-29,2715475,Poor,2,Hybrid,154318,Yes,99877
BMW,2022-04-23,2696735,Good,1,Electric,110682,Yes,511738
Maruti,2016-09-10,723876,Poor,2,Diesel,125593,Yes,50000
Kia,2020-10-03,1996979,Average,4,Petrol,114547,No,179443
Maruti,2021-08-03,853959,Poor,3,Hybrid,22148,Yes,107516
Kia,2024-05-08,1580399,Good,3,Petrol,95285,No,372279
Tata,2022-08-04,2634915,Good,2,Petrol,141339,No,381357
BMW,2024-01-30,2279808,Poor,2,Hybrid,171480,No,233508
Ford,2024-03-08,1040901,Good,3,Hybrid,78517,No,295052
Tata,2023-07-31,1654778,Average,2,Hybrid,43196,Yes,374600
Kia,2024-09-26,1756595,Excellent,2,Electric,174116,Yes,375047
Ford,2023-03-06,381832,Poor,4,Diesel,111275,Yes,50000
Kia,2016-04-29,1077861,Excellent,4,Petrol,159632,No,53501
Honda,2019-10-26,2762808,Excellent,5,Electric,34269,No,523443
Kia,2016-08-15,2862765,Excellent,4,Diesel,112772,Yes,191770
Honda,2024-02-13,1647873,Good,2,Petrol,180884,No,229557
Kia,2018-05-08,863900,Average,1,Diesel,96587,Yes,65309
BMW,2024-12-18,2566386,Poor,4,Petrol,42531,Yes,428435
Maruti,2023-01-21,1223014,Excellent,1,Petrol,49428,No,380881
Audi,2024-10-24,2513964,Good,1,Hybrid,75972,No,887244
Ford,2016-11-21,1784519,Good,4,Electric,156490,Yes,90397
BMW,2020-10-19,2094893,Average,4,Petrol,95851,Yes,187830
Ford,2020-02-12,2160482,Good,3,Diesel,36885,No,351936
Maruti,2020-08-31,1993731,Poor,1,Diesel,52311,Yes,200613
Ford,2024-07-07,1894319,Good,1,Electric,169108,No,395366
BMW,2018-09-29,964413,Average,4,Petrol,43971,Yes,77622
Toyota,2015-10-17,2995339,Good,3,Diesel,135880,Yes,135607
Maruti,2020-10-03,1915382,Average,2,Petrol,81733,Yes,203756
Tata,2018-03-23,305288,Good,1,Hybrid,29619,No,50000
Audi,2016-01-12,2304345,Good,5,Electric,137292,Yes,108307
Honda,2017-04-09,1328400,Good,4,Hybrid,182036,No,61537
Ford,2021-05-10,1557688,Excellent,1,Diesel,194901,Yes,148808
Maruti,2017-08-09,2218410,Excellent,3,Hybrid,31273,No,314056
BMW,2024-10-07,303011,Excellent,1,Hybrid,77463,No,126513
BMW,2024-08-26,1205486,Poor,3,Hybrid,130451,No,169365
Toyota,2022-11-24,1221999,Good,1,Hybrid,193423,No,150229
Mahindra,2019-08-03,2806543,Average,4,Petrol,88062,No,238303
Mahindra,2017-08-28,905099,Good,5,Electric,98324,No,76326
Mahindra,2020-06-12,2764755,Average,1,Diesel,149202,No,242139
Honda,2019-10-24,337430,Poor,1,Hybrid,137984,No,50000
Maruti,2020-08-12,623647,Good,3,Electric,167480,Yes,56595
BMW,2020-05-26,2597206,Average,3,Electric,12693,Yes,394840
Mahindra,2022-05-26,2051572,Good,4,Electric,25224,No,541552
Audi,2021-06-28,2382169,Excellent,2,Petrol,16080,No,619026
Mahindra,2020-10-21,339555,Good,5,Hybrid,191975,Yes,50000
Audi,2016-09-11,2552515,Excellent,5,Diesel,114986,No,178832
Hyundai,2016-05-13,2838495,Good,5,Petrol,26753,No,216458
Kia,2024-01-27,1877818,Excellent,4,Petrol,183909,Yes,244501
Kia,2020-03-07,736846,Poor,4,Petrol,29687,Yes,59328
Honda,2016-10-16,2063654,Good,5,Electric,100646,Yes,134500
Hyundai,2018-07-19,1691638,Poor,1,Electric,134757,Yes,91181
Tata,2015-05-22,892424,Good,2,Diesel,89911,No,56789
Kia,2022-03-18,1006603,Good,5,Hybrid,24025,No,229246
BMW,2017-12-09,1032555,Average,5,Petrol,43632,Yes,68711
Mahindra,2017-01-30,1386353,Average,1,Hybrid,145030,Yes,69302
Tata,2023-04-05,377768,Average,4,Electric,134437,No,55280
Honda,2023-03-16,374922,Poor,2,Diesel,83113,Yes,50000
Tata,2016-08-14,1059461,Average,2,Hybrid,71537,Yes,68797
Audi,2019-11-24,2953775,Poor,1,Petrol,64480,Yes,232751
Tata,2019-04-11,779192,Poor,3,Hybrid,168355,No,50000
Toyota,2017-07-15,1642114,Good,5,Electric,114638,No,124807
Tata,2018-02-28,527000,Excellent,1,Diesel,195949,No,50000
Toyota,2024-02-02,662559,Average,4,Hybrid,170742,Yes,73379
Toyota,2024-09-15,650042,Good,1,Diesel,139884,Yes,135966
Maruti,2021-04-17,959188,Excellent,2,Petrol,154548,No,123663
Honda,2022-03-04,960814,Poor,3,Hybrid,188890,Yes,53187
Honda,2015-07-29,1713864,Average,2,Diesel,119665,No,77195
Mahindra,2019-11-05,2047391,Excellent,3,Hybrid,192358,Yes,150403
Audi,2016-04-22,1927664,Good,1,Electric,166459,No,108030
Mahindra,2018-05-03,1610028,Average,5,Petrol,10285,No,143500
BMW,2021-06-30,2378431,Poor,5,Diesel,120647,Yes,158660
Maruti,2024-10-01,1803871,Average,2,Hybrid,86561,No,456275
Toyota,2023-07-31,1456301,Good,2,Hybrid,33787,No,474651
Maruti,2018-07-28,1912318,Poor,5,Diesel,101581,Yes,87718
Hyundai,2020-03-02,1444110,Poor,3,Electric,99738,No,122786
Mahindra,2024-08-16,2046893,Average,2,Hybrid,117095,No,434684
Maruti,2015-11-09,1720079,Excellent,1,Electric,39413,No,209738
Mahindra,2020-09-06,1355646,Excellent,5,Diesel,58566,No,237011
Toyota,2021-12-23,2817336,Excellent,1,Diesel,127277,Yes,489363
Tata,2022-08-03,2028269,Average,3,Hybrid,111008,No,302741
Hyundai,2019-11-05,2679554,Good,2,Hybrid,104745,No,348978
Kia,2020-03-23,1361835,Poor,1,Hybrid,83791,Yes,118763
Hyundai,2021-08-15,2357880,Excellent,3,Diesel,48743,No,562269
BMW,2019-09-11,1114289,Excellent,4,Electric,169852,No,107681
Honda,2024-03-08,1801694,Poor,5,Petrol,18931,Yes,272202
Hyundai,2016-04-19,317886,Excellent,5,Petrol,18578,No,50000
Audi,2018-11-13,1139123,Good,4,Electric,131833,No,103618
BMW,2023-12-12,2107589,Average,1,Petrol,14445,Yes,518679
Mahindra,2021-08-27,2171864,Excellent,3,Hybrid,88128,No,468338
Tata,2015-12-16,924364,Poor,2,Hybrid,195562,Yes,50000
Audi,2021-06-14,980253,Good,1,Electric,120533,Yes,153396
Hyundai,2015-04-02,1383793,Good,3,Hybrid,61011,No,98997
Hyundai,2022-11-15,442069,Good,3,Electric,29794,No,131231
Toyota,2017-08-20,2516748,Average,5,Hybrid,121308,Yes,126977
Maruti,2020-06-18,462854,Excellent,4,Electric,80636,No,85438
Maruti,2024-06-23,1411636,Poor,4,Diesel,109603,No,191655
BMW,2021-11-10,907475,Average,1,Diesel,183000,Yes,69832
Hyundai,2018-12-01,1141611,Excellent,4,Hybrid,97618,No,142281
Ford,2018-04-05,2679354,Excellent,4,Hybrid,169321,No,193768
Maruti,2024-06-03,474485,Poor,4,Diesel,164434,No,50000
Kia,2020-11-25,859563,Average,3,Electric,40939,No,142034
Honda,2021-06-10,1545457,Average,1,Petrol,197718,Yes,90644
Hyundai,2024-06-24,685584,Average,1,Petrol,160565,Yes,89859
Audi,2016-06-10,2086905,Average,3,Hybrid,69706,Yes,125721
Honda,2023-05-15,1750186,Average,1,Petrol,123195,Yes,242773
Kia,2019-08-06,2240703,Good,5,Electric,140471,Yes,184373
Honda,2022-06-07,915219,Good,1,Diesel,192178,Yes,89041
Kia,2017-08-12,2721624,Excellent,2,Electric,82264,No,350593
Maruti,2020-11-13,1741981,Good,1,Hybrid,155347,Yes,188081
Maruti,2021-07-18,678112,Excellent,5,Electric,86694,No,136583
Tata,2024-03-01,808769,Excellent,3,Hybrid,165433,Yes,149962
Toyota,2016-11-28,1640401,Average,5,Diesel,199981,No,50000
Hyundai,2016-05-03,2915927,Average,4,Hybrid,181496,Yes,83938
Tata,2024-10-10,1700213,Excellent,3,Electric,155398,No,441677
Toyota,2015-10-29,2334348,Poor,3,Hybrid,90286,No,96544
Hyundai,2024-03-09,2986664,Poor,2,Petrol,124033,Yes,335616
Kia,2020-08-04,1920737,Good,3,Diesel,99816,No,257224
Toyota,2022-02-26,2290958,Good,4,Electric,40249,No,549464
Ford,2017-03-26,2885254,Poor,2,Diesel,126542,Yes,110509
Mahindra,2022-03-09,1626155,Poor,1,Diesel,137033,Yes,137838
Kia,2015-12-18,1072850,Excellent,1,Diesel,47623,No,113749
Mahindra,2019-12-04,2594652,Good,3,Diesel,69316,No,359193
Hyundai,2023-01-11,2949839,Excellent,4,Petrol,107463,No,597343
Kia,2015-02-27,2900724,Excellent,4,Petrol,14478,No,242164
Tata,2020-01-25,2814636,Good,5,Petrol,100253,Yes,257820
Honda,2016-03-10,522231,Good,5,Petrol,162856,Yes,50000
Kia,2016-06-23,363383,Excellent,2,Diesel,67419,No,50000
Tata,2021-03-04,2855796,Poor,5,Hybrid,160150,Yes,150338
Ford,2017-06-21,1323581,Average,1,Hybrid,177359,No,61977
Ford,2023-11-21,2100910,Poor,5,Hybrid,155688,No,197230
Ford,2022-10-03,2738761,Average,1,Diesel,64046,No,546271
Kia,2024-02-15,1167854,Average,3,Electric,85335,Yes,243055
Mahindra,2020-10-01,2040504,Excellent,1,Hybrid,39904,No,518166
Mahindra,2015-02-24,618169,Average,1,Diesel,105394,Yes,50000
Ford,2018-10-06,1312191,Average,2,Petrol,8263,Yes,134921
Mahindra,2024-07-29,2927138,Poor,4,Diesel,53380,No,523084
Kia,2022-06-18,437354,Good,1,Diesel,168687,Yes,52075
Hyundai,2021-09-10,874803,Good,4,Hybrid,167780,Yes,83908
Mahindra,2022-07-03,2685955,Poor,3,Petrol,93418,No,283640
Audi,2024-10-08,1660655,Poor,3,Diesel,185169,Yes,135904
Audi,2020-10-31,1489429,Good,1,Electric,178491,No,158553
Tata,2023-05-13,2324190,Average,4,Hybrid,99210,No,394836
Maruti,2024-10-26,2780463,Poor,2,Hybrid,63644,No,590646
Tata,2023-09-01,2905046,Average,1,Hybrid,118979,Yes,494963
Mahindra,2016-01-08,341974,Excellent,5,Hybrid,196558,Yes,50000
Tata,2015-07-09,2432205,Average,3,Electric,184317,Yes,67306
Mahindra,2017-11-07,1666238,Good,5,Hybrid,73232,No,153477
Tata,2022-06-27,1380146,Excellent,1,Petrol,197092,Yes,144817
BMW,2023-09-02,1901382,Average,1,Electric,77357,No,470597
Tata,2019-12-04,2195353,Poor,2,Diesel,18577,No,234816
Hyundai,2017-03-10,1133808,Good,2,Hybrid,149114,Yes,66679
Tata,2019-07-12,1756528,Average,2,Petrol,72461,Yes,159497
Maruti,2020-07-14,1943357,Good,3,Electric,62731,No,346342
Tata,2016-08-19,2226383,Excellent,5,Diesel,89931,No,175302
Tata,2022-04-01,470055,Excellent,4,Diesel,111897,No,87762
Mahindra,2022-09-24,1058159,Excellent,4,Hybrid,45330,No,308570
Honda,2022-04-06,2711710,Average,1,Hybrid,24182,No,622464
Mahindra,2018-07-08,2891075,Good,5,Hybrid,194698,Yes,124008
Toyota,2022-03-08,2922616,Poor,3,Hybrid,181010,Yes,173567
Tata,2017-06-29,1450921,Excellent,3,Electric,171500,No,102471
Maruti,2024-07-08,992308,Poor,1,Petrol,169980,Yes,91528
Hyundai,2020-10-02,748646,Excellent,1,Electric,191810,No,84058
Hyundai,2018-05-11,2575735,Good,2,Petrol,64258,No,278278
Audi,2016-05-12,1623312,Good,5,Hybrid,19525,No,145153
Audi,2019-09-27,1129791,Excellent,4,Petrol,198483,Yes,63570
Maruti,2015-10-26,2505338,Average,5,Petrol,144257,No,79693
Ford,2022-11-22,1106937,Excellent,4,Petrol,157456,Yes,146068
Toyota,2022-04-05,647005,Excellent,2,Hybrid,100274,No,153183
Hyundai,2016-03-01,2007716,Excellent,3,Diesel,65893,No,183666
Toyota,2021-02-02,2196169,Good,5,Diesel,49255,No,355103
Tata,2020-03-10,1328621,Excellent,5,Hybrid,185726,Yes,97417
Honda,2021-05-11,720849,Average,2,Petrol,185006,No,50000
Ford,2020-11-07,2033720,Poor,3,Petrol,7352,No,232600
Mahindra,2023-05-03,867621,Excellent,1,Hybrid,190562,No,141136
Hyundai,2020-11-16,710015,Average,3,Electric,77772,Yes,90215
Tata,2016-06-23,654698,Good,2,Electric,193144,No,50000
Honda,2015-11-01,1755126,Average,1,Hybrid,40504,Yes,119919
Maruti,2016-05-10,790491,Average,5,Diesel,80539,Yes,50000
Toyota,2019-07-30,2281795,Poor,1,Petrol,127221,Yes,125207
Maruti,2021-07-31,609915,Excellent,1,Diesel,112904,Yes,107581
Hyundai,2018-03-03,2503527,Poor,2,Hybrid,34085,No,202878
Maruti,2023-04-16,838090,Average,1,Hybrid,74581,Yes,167219
Honda,2016-01-27,983218,Excellent,4,Petrol,118976,No,60386
Hyundai,2015-02-28,1581977,Excellent,1,Petrol,98809,No,109533
Audi,2022-05-29,2941715,Average,4,Petrol,118359,No,338640
Tata,2021-03-19,619829,Good,2,Electric,125264,No,95896
Audi,2015-06-08,2678621,Good,2,Diesel,26893,No,223267
Maruti,2017-10-10,2829607,Average,5,Diesel,159923,Yes,107326
BMW,2022-07-05,2464756,Average,2,Hybrid,127756,No,349376
Kia,2015-09-02,1936823,Excellent,2,Hybrid,18779,No,221085
Hyundai,2018-03-15,1966467,Poor,2,Diesel,119166,No,102140
Ford,2022-11-01,1773153,Excellent,2,Petrol,167332,No,267916
Maruti,2021-08-21,2332845,Excellent,2,Electric,25540,No,728900
Tata,2024-05-15,1281176,Good,4,Hybrid,21647,No,444303
Honda,2024-03-16,1829750,Excellent,1,Petrol,172752,No,348887
Toyota,2019-03-03,2110585,Average,2,Petrol,68927,Yes,183596
Hyundai,2022-10-14,2929252,Poor,3,Petrol,41337,Yes,364945
Tata,2017-08-10,1212958,Poor,5,Petrol,178164,Yes,50000
Hyundai,2023-02-25,1495508,Excellent,5,Hybrid,42817,No,443922
Audi,2023-09-30,407712,Excellent,3,Hybrid,102431,No,115202
Hyundai,2019-04-19,897037,Average,3,Electric,133069,No,73577
Ford,2018-03-19,841531,Good,2,Diesel,187565,Yes,50000
BMW,2024-11-15,669467,Good,3,Hybrid,151359,Yes,128229
Audi,2017-08-07,1832761,Average,2,Petrol,171008,No,76618
Kia,2021-09-10,1610602,Average,3,Hybrid,23531,No,304021
Hyundai,2016-12-30,2811972,Average,1,Petrol,106307,Yes,151624
Honda,2024-11-23,2367436,Excellent,3,Diesel,29640,No,1034663
BMW,2022-02-04,431078,Poor,1,Diesel,193398,Yes,50000
BMW,2017-04-05,1568125,Good,3,Electric,97507,No,140032
Audi,2018-06-26,2608893,Excellent,5,Diesel,106440,No,255751
Mahindra,2020-08-18,2720247,Average,3,Hybrid,75726,No,350451
BMW,2024-11-06,2358777,Average,4,Hybrid,172770,No,323356
Tata,2017-12-17,2087676,Excellent,1,Hybrid,174727,No,162207
Honda,2019-11-18,1405290,Excellent,5,Diesel,57861,No,216270
Kia,2018-09-05,1020720,Excellent,4,Hybrid,28253,No,164325
Kia,2015-08-17,2889733,Poor,2,Electric,109439,Yes,106111
Kia,2018-04-09,1857034,Good,3,Petrol,154528,Yes,104067
Kia,2023-07-06,699939,Good,1,Diesel,159606,Yes,105671
Mahindra,2023-12-30,2649772,Excellent,1,Electric,183269,No,543836
Honda,2019-07-06,959599,Average,2,Petrol,149183,No,64000
Audi,2021-10-19,2572354,Good,5,Diesel,174435,Yes,210369
BMW,2015-08-16,2035497,Poor,3,Electric,42702,Yes,95565
Maruti,2015-04-04,1770484,Good,1,Petrol,149004,No,77872
Ford,2021-09-07,1076593,Average,3,Petrol,82656,No,139603
Hyundai,2021-10-22,841386,Good,4,Diesel,178564,No,78666
Tata,2020-08-19,2445606,Poor,1,Diesel,152246,Yes,146013
Honda,2022-12-04,2490794,Excellent,1,Hybrid,68296,No,802430
Hyundai,2024-01-13,2400431,Poor,4,Electric,149162,Yes,245026
Toyota,2020-05-20,1366343,Excellent,1,Diesel,16779,No,333689
Kia,2018-10-08,1823488,Average,1,Petrol,66684,Yes,157980
Toyota,2024-01-29,391811,Excellent,1,Diesel,119233,Yes,100220
Hyundai,2020-02-21,1608577,Excellent,3,Diesel,57150,No,291386
Hyundai,2016-09-29,2986008,Poor,3,Petrol,149982,No,89773
Hyundai,2018-01-05,643429,Average,4,Electric,50562,No,60442
Toyota,2017-11-01,2668819,Excellent,2,Petrol,75195,No,303049
Hyundai,2023-08-06,1148853,Good,2,Electric,87759,No,318036
Hyundai,2017-04-10,2592003,Good,4,Hybrid,41196,No,263547
Honda,2017-08-09,454364,Poor,4,Electric,48705,No,50000
Hyundai,2023-11-04,427811,Average,5,Petrol,101378,No,64003
Toyota,2020-06-12,621708,Excellent,5,Electric,125510,No,85685
Mahindra,2024-07-15,1876479,Poor,5,Diesel,50905,No,316790
Kia,2023-11-30,1559068,Excellent,2,Electric,8963,No,747841
BMW,2023-11-03,1901088,Poor,5,Petrol,28782,No,291146
Kia,2024-08-05,1582598,Poor,5,Diesel,118426,No,196584
Toyota,2024-12-06,1634108,Average,4,Electric,160350,Yes,238286
Ford,2018-10-24,681720,Poor,4,Petrol,98228,Yes,50000
Kia,2024-02-26,1924504,Average,4,Petrol,133498,Yes,242815
Hyundai,2022-09-09,685589,Average,4,Petrol,133760,Yes,68058
Mahindra,2023-06-21,2248583,Excellent,1,Hybrid,139728,Yes,492749
BMW,2021-08-11,499666,Excellent,2,Hybrid,121242,Yes,85748
Mahindra,2023-03-24,560603,Poor,2,Hybrid,159021,Yes,50000
Honda,2017-12-04,368650,Average,5,Hybrid,189204,No,50000
Mahindra,2017-06-18,434387,Average,1,Petrol,16477,No,50000
Kia,2021-01-28,1337923,Poor,2,Hybrid,15009,No,186451
Mahindra,2020-10-03,2614551,Average,5,Electric,159725,Yes,182781
Maruti,2020-10-07,2490279,Average,4,Diesel,16882,Yes,330001
Audi,2023-09-24,679781,Good,1,Electric,80279,No,209592
Ford,2020-08-17,2037388,Average,3,Diesel,52220,Yes,244569
Kia,2015-05-20,2389622,Excellent,3,Hybrid,106052,Yes,153071
Ford,2018-07-13,2010183,Good,2,Hybrid,196244,No,112347
Tata,2020-12-18,874678,Poor,2,Diesel,43228,No,101097
Mahindra,2023-11-14,418846,Excellent,4,Diesel,63955,No,127728
Mahindra,2022-03-12,409099,Good,2,Hybrid,144850,No,62033
Ford,2017-05-09,703846,Poor,2,Diesel,106124,Yes,50000
Hyundai,2021-01-06,1126769,Poor,4,Petrol,6930,No,125186
Audi,2019-01-20,2676003,Good,4,Petrol,120804,Yes,198157
Tata,2021-07-25,2636424,Poor,3,Petrol,128284,Yes,178780
Tata,2016-05-02,2100308,Poor,1,Hybrid,140132,Yes,71935
Maruti,2020-02-18,2062161,Excellent,4,Hybrid,126790,No,268046
Ford,2015-12-31,1895058,Excellent,3,Diesel,138208,Yes,104939
BMW,2015-11-07,830839,Average,2,Diesel,59213,Yes,50000
Mahindra,2017-06-30,1165042,Average,4,Hybrid,63745,Yes,80718
Toyota,2024-01-21,1938627,Poor,3,Hybrid,44484,Yes,335248
Honda,2020-02-07,1579191,Poor,1,Electric,10991,No,213016
Tata,2024-10-09,2466624,Excellent,2,Diesel,98083,No,832978
Mahindra,2023-10-24,337011,Average,1,Petrol,159538,No,50000
BMW,2017-07-03,2015592,Average,1,Petrol,106627,No,130910
Maruti,2019-04-16,2466629,Good,1,Electric,62825,No,398710
Hyundai,2021-11-30,1762149,Poor,1,Electric,75672,No,247746
Mahindra,2022-07-13,1966501,Excellent,4,Hybrid,80067,No,479395
Audi,2021-07-25,1908257,Excellent,5,Petrol,29165,No,403152
Mahindra,2018-09-30,2107110,Poor,2,Petrol,195606,Yes,57990
BMW,2022-07-25,336670,Good,4,Hybrid,34440,No,83026
Kia,2022-05-14,2457808,Poor,5,Petrol,76601,No,243997
BMW,2015-09-28,1347034,Good,5,Diesel,167125,Yes,50000
Tata,2022-08-16,764054,Poor,1,Electric,174432,Yes,60730
Kia,2018-08-07,1273969,Average,2,Diesel,157780,No,74016
Toyota,2019-04-14,1805633,Poor,3,Hybrid,163282,Yes,76888
Honda,2019-10-12,1478156,Average,5,Electric,107764,Yes,120802
Hyundai,2020-03-13,1112943,Average,3,Hybrid,160098,No,83365
Tata,2015-03-21,1851773,Good,5,Electric,34274,No,138372
Maruti,2021-01-06,1281632,Excellent,4,Petrol,168643,Yes,114879
BMW,2016-01-18,2997724,Average,5,Petrol,39002,No,165889
Maruti,2015-03-16,2520379,Good,1,Diesel,109248,No,148781
Hyundai,2018-04-28,485883,Good,1,Petrol,130563,Yes,50000
Toyota,2015-01-08,1078128,Average,5,Electric,31418,No,63087
Kia,2015-08-08,2895726,Average,4,Electric,121071,Yes,118631
Mahindra,2019-09-04,1765211,Excellent,5,Hybrid,171106,No,149183
Kia,2023-10-07,1875972,Poor,4,Electric,58989,Yes,292903
Toyota,2020-10-01,774286,Poor,4,Electric,94350,Yes,63181
Honda,2015-10-08,483655,Poor,2,Petrol,28047,Yes,50000
Maruti,2017-01-19,453732,Good,1,Diesel,101637,Yes,50000
Mahindra,2015-11-04,2702587,Average,1,Diesel,57385,Yes,162069
Tata,2021-06-25,2335434,Poor,1,Hybrid,161690,Yes,159831
Hyundai,2018-07-08,1478573,Average,4,Diesel,185278,No,61177
Honda,2016-05-05,2007730,Average,2,Diesel,171473,No,73041
Audi,2023-03-12,2445776,Good,1,Petrol,29161,No,701522
Maruti,2022-08-06,467622,Average,3,Hybrid,188353,Yes,50000
BMW,2024-03-07,2786760,Excellent,1,Diesel,149895,Yes,602008
Tata,2018-04-27,2116157,Average,1,Petrol,187747,Yes,81995
Maruti,2022-01-16,985843,Average,1,Electric,5766,No,247518
BMW,2016-06-29,622967,Good,4,Diesel,105683,No,50000
Maruti,2015-04-09,1917208,Poor,1,Diesel,80561,Yes,71061
Mahindra,2015-05-28,1491050,Excellent,1,Petrol,23567,No,147581
Mahindra,2022-05-10,2789266,Excellent,3,Hybrid,76448,No,711255
Mahindra,2015-09-12,1935053,Average,5,Petrol,81130,No,84823
Hyundai,2023-06-11,374468,Excellent,2,Diesel,92763,No,104534
Audi,2021-06-13,783090,Excellent,4,Electric,21452,No,215460
Maruti,2018-08-18,478428,Excellent,4,Petrol,184141,No,50000
Maruti,2017-02-19,2523102,Good,1,Hybrid,79153,No,251878
Kia,2019-07-29,938818,Poor,5,Hybrid,12920,No,86914
Maruti,2020-10-22,990771,Good,3,Electric,55978,No,189867
Audi,2015-07-25,884825,Excellent,5,Diesel,139639,No,50000
Audi,2018-08-03,705840,Average,2,Hybrid,180530,No,50000
Honda,2017-12-30,2562843,Poor,2,Electric,88629,No,170551
Maruti,2016-02-28,1571485,Excellent,3,Electric,17798,No,196224
Audi,2019-10-16,354209,Good,3,Petrol,16137,No,55101
Tata,2020-12-30,671706,Good,1,Diesel,132622,No,89262
Maruti,2020-05-08,2579578,Good,4,Diesel,52419,No,388007
Audi,2017-09-11,956764,Average,5,Diesel,98606,Yes,51506
Ford,2015-03-03,718898,Excellent,5,Electric,134913,No,50000
Kia,2023-02-24,1855166,Excellent,5,Petrol,65035,No,440024
Honda,2015-03-07,2315835,Average,2,Diesel,41713,Yes,126107
BMW,2020-08-24,1916354,Poor,3,Electric,95792,Yes,161652
BMW,2024-02-15,1605183,Average,1,Diesel,83201,No,367532
BMW,2021-06-26,1238263,Excellent,3,Electric,181645,No,154167
Hyundai,2019-05-01,2691105,Poor,2,Petrol,39228,Yes,203410
Tata,2015-05-30,542486,Excellent,2,Electric,70583,No,51451
Hyundai,2020-04-17,550481,Poor,5,Hybrid,37311,Yes,50000
Audi,2019-06-15,2680071,Good,3,Electric,78351,No,374232
BMW,2017-06-09,1491587,Good,5,Diesel,171346,No,68323
Audi,2021-03-28,314559,Poor,1,Hybrid,132999,Yes,50000
Ford,2016-12-09,1193190,Poor,3,Diesel,44508,Yes,60804
Kia,2023-11-25,300010,Average,5,Electric,86414,No,59157
Toyota,2018-08-19,2599314,Good,4,Hybrid,163412,No,173954
BMW,2024-09-19,948668,Poor,2,Diesel,120370,Yes,127114
Audi,2020-08-01,959835,Poor,2,Diesel,108704,No,77690
Maruti,2022-11-26,1895508,Excellent,4,Electric,184454,Yes,246638
Mahindra,2015-03-10,2706451,Excellent,5,Petrol,57211,No,181715
Toyota,2024-11-04,2779786,Good,3,Electric,106335,No,814973
Ford,2024-07-13,1630130,Poor,5,Petrol,63949,No,243188
Mahindra,2017-03-18,2896232,Average,5,Diesel,148839,Yes,108156
Audi,2023-11-22,1749756,Excellent,4,Electric,116711,No,471257
Ford,2018-06-20,2259116,Good,5,Electric,191558,Yes,105182
Ford,2018-04-30,2085224,Average,2,Hybrid,180366,Yes,93614
Honda,2020-09-29,1312988,Poor,1,Hybrid,34847,No,169800
Tata,2016-12-27,2740532,Good,1,Diesel,144338,Yes,158837
BMW,2024-09-16,2131101,Poor,5,Hybrid,193027,No,169493
BMW,2021-12-15,2881228,Poor,1,Electric,22620,Yes,453812
Maruti,2024-06-22,747399,Average,4,Diesel,80856,Yes,140090
Maruti,2017-10-27,1767931,Poor,1,Electric,71696,No,130007
Ford,2016-01-28,372503,Good,1,Hybrid,72594,No,50000
Tata,2019-07-16,477282,Good,5,Hybrid,135142,Yes,50000
BMW,2020-04-28,804505,Average,2,Electric,172522,No,62857
Maruti,2023-10-18,2690888,Poor,5,Diesel,29366,Yes,393713
Mahindra,2021-04-22,2093774,Excellent,2,Diesel,155800,Yes,258633
Hyundai,2023-05-09,1475527,Poor,2,Diesel,36526,No,258019
Toyota,2021-12-15,1476251,Average,1,Petrol,18846,No,287543
Maruti,2022-07-24,481116,Average,4,Diesel,126756,Yes,52223
Tata,2018-03-10,646681,Average,4,Hybrid,30329,Yes,57239
BMW,2015-06-26,2756289,Average,5,Diesel,90431,Yes,107748
Tata,2021-06-01,2465395,Excellent,1,Electric,132020,Yes,430827
Honda,2022-05-03,1070112,Excellent,1,Diesel,46312,No,321559
Kia,2021-08-18,2296079,Excellent,4,Hybrid,12021,No,633049
Mahindra,2015-03-13,1122850,Poor,1,Electric,102398,Yes,50000
Hyundai,2023-12-04,2857793,Good,2,Electric,85342,No,844046
Maruti,2024-04-05,430380,Average,5,Diesel,47818,No,93764
Audi,2024-09-28,993662,Average,4,Hybrid,153234,Yes,138985
Ford,2017-04-18,1251709,Average,1,Hybrid,23332,Yes,115657
BMW,2016-09-30,1935914,Excellent,4,Diesel,164596,No,106364
Tata,2019-12-30,1246259,Average,5,Petrol,181228,Yes,53678
Kia,2015-04-08,1078250,Poor,1,Hybrid,177829,No,50000
Tata,2015-05-15,1984552,Excellent,2,Electric,42797,No,209613
Maruti,2023-11-03,2633971,Average,2,Hybrid,125212,No,470411
Ford,2020-06-20,1088575,Poor,1,Electric,20294,No,150848
Maruti,2020-07-04,716310,Poor,4,Electric,144070,No,50000
Audi,2022-10-11,2537564,Excellent,4,Diesel,129677,Yes,420743
Tata,2022-01-04,2977449,Poor,4,Electric,42225,Yes,373762
Mahindra,2020-05-17,2614013,Excellent,2,Diesel,124277,Yes,338204
Ford,2015-04-28,2993008,Average,3,Diesel,122749,Yes,108442
Hyundai,2018-10-09,2893508,Excellent,4,Diesel,62060,No,388214
Honda,2024-02-25,736811,Poor,2,Petrol,127463,Yes,80714
Audi,2023-12-01,2829882,Poor,2,Electric,156433,Yes,301456
BMW,2022-01-22,641070,Poor,1,Diesel,126006,Yes,56839
Maruti,2020-07-25,448826,Average,4,Hybrid,17208,Yes,61314
Hyundai,2018-01-18,1248708,Average,3,Hybrid,15291,No,134200
Toyota,2022-04-30,1649992,Poor,1,Petrol,71554,No,208077
Audi,2022-09-21,2114886,Average,3,Petrol,15303,Yes,382735
Ford,2016-06-30,2942579,Average,2,Diesel,178778,No,103516
Ford,2018-04-12,923506,Excellent,2,Petrol,81422,No,109587
Audi,2024-01-15,1860241,Excellent,3,Electric,87327,No,630509
Kia,2017-10-06,2643552,Poor,5,Petrol,7389,No,162620
Honda,2022-10-04,1115028,Average,3,Diesel,196085,Yes,79372
Toyota,2023-09-13,2417890,Average,1,Diesel,135529,Yes,352784
Honda,2019-02-14,660010,Poor,4,Hybrid,138187,Yes,50000
Honda,2016-10-27,954461,Average,2,Electric,74279,Yes,67242
Mahindra,2020-08-31,1733614,Excellent,2,Diesel,37802,No,389834
Hyundai,2015-06-18,2823816,Excellent,1,Electric,163819,No,168765
Mahindra,2015-04-18,2035151,Good,1,Hybrid,193616,No,72526
Audi,2017-02-27,1920359,Excellent,5,Diesel,48622,No,197089
Maruti,2023-12-26,1381997,Excellent,4,Petrol,131235,No,286541
Ford,2020-08-09,681874,Average,4,Hybrid,137674,Yes,53828
Toyota,2018-10-21,2426192,Poor,2,Petrol,32592,No,191827
Tata,2015-04-29,506954,Poor,3,Petrol,118741,Yes,50000
BMW,2020-02-25,1260098,Good,3,Hybrid,148565,No,126748
Toyota,2023-04-21,1953681,Excellent,4,Hybrid,179557,Yes,266144
Tata,2021-05-10,1303578,Good,1,Electric,40551,No,322604
Hyundai,2021-01-11,2097240,Average,5,Electric,198704,No,122995
Audi,2020-05-22,2267425,Good,2,Diesel,79728,No,341254
Kia,2022-04-20,611757,Excellent,5,Diesel,65959,No,134889
Maruti,2023-11-16,2923787,Good,3,Diesel,50561,No,832106
Maruti,2019-08-22,1608111,Excellent,1,Hybrid,10894,No,378845
Maruti,2024-08-30,2424846,Poor,1,Hybrid,14295,No,638998
Toyota,2016-10-06,1572255,Average,1,Electric,9829,No,164991
Hyundai,2016-12-18,2055906,Excellent,3,Diesel,126645,Yes,142744
Tata,2015-06-28,2256290,Poor,2,Petrol,98533,No,78385
Honda,2022-07-20,1640132,Good,5,Diesel,9774,No,389169
Mahindra,2020-06-08,2180965,Poor,1,Electric,136155,Yes,158483
Hyundai,2022-11-16,2019611,Average,4,Hybrid,196014,Yes,147729
Honda,2016-01-04,1436956,Good,4,Petrol,130190,Yes,61457
Mahindra,2023-04-02,2841292,Excellent,3,Diesel,103296,Yes,622204
Ford,2020-05-19,2061613,Good,3,Diesel,70609,No,305709
Hyundai,2015-04-16,1231978,Poor,4,Hybrid,58648,No,50753
Ford,2015-07-05,2146541,Good,5,Diesel,38257,No,146144
Maruti,2020-09-02,971965,Excellent,3,Diesel,15596,No,224796
Hyundai,2015-04-28,1895104,Average,5,Diesel,94124,Yes,70891
Maruti,2020-07-21,491394,Excellent,4,Diesel,121727,Yes,59405
Kia,2020-03-23,1597871,Poor,1,Petrol,120704,Yes,101112
Mahindra,2019-02-16,1791974,Poor,4,Petrol,22578,No,138610
BMW,2018-06-08,1566243,Average,5,Petrol,111484,Yes,83073
BMW,2019-11-10,2509934,Excellent,3,Hybrid,60689,No,456484
Kia,2023-12-16,1767388,Good,1,Diesel,58822,No,547642
Audi,2024-03-29,1922509,Excellent,1,Petrol,109571,No,551769
Hyundai,2024-02-01,2216942,Excellent,1,Electric,58336,No,955919
BMW,2022-08-21,653989,Poor,3,Electric,66797,No,96756
Ford,2018-09-25,1920669,Average,2,Petrol,178535,No,90913
Toyota,2020-05-25,1299181,Good,1,Diesel,78240,No,207489
Toyota,2015-07-29,1337762,Average,4,Diesel,183395,Yes,50000
Audi,2016-12-25,1011054,Poor,2,Hybrid,107656,Yes,50000
Hyundai,2015-07-01,1994813,Good,4,Diesel,137784,No,89273
Ford,2024-12-15,323362,Average,4,Electric,161534,No,52156
Kia,2018-02-28,1852208,Poor,1,Electric,56592,No,153458
Tata,2020-01-25,2203012,Poor,2,Hybrid,174127,No,115053
Hyundai,2015-06-08,2574115,Good,4,Electric,157089,Yes,102463
Mahindra,2019-10-11,939977,Poor,2,Electric,125278,Yes,62156
Honda,2023-03-09,839164,Poor,3,Diesel,93646,No,105961
Toyota,2018-12-23,1065809,Good,3,Hybrid,172386,No,74633
Ford,2020-01-14,1346755,Poor,5,Electric,58460,No,120169
Mahindra,2015-06-09,719904,Average,3,Electric,99922,Yes,50000
BMW,2023-09-24,901096,Poor,1,Diesel,11981,Yes,173525
Tata,2018-11-07,2463263,Good,2,Petrol,157417,Yes,156952
Mahindra,2015-06-22,1111794,Good,2,Petrol,55491,No,77919
Mahindra,2017-08-13,2626610,Excellent,1,Diesel,173143,Yes,164858
Hyundai,2020-10-20,429200,Poor,3,Petrol,168967,Yes,50000
Ford,2023-10-20,2041320,Excellent,5,Electric,179543,No,335102
Tata,2018-11-16,2139471,Good,5,Petrol,124441,Yes,141914
Hyundai,2020-02-15,468513,Average,2,Petrol,167181,Yes,50000
Mahindra,2020-03-19,421188,Average,5,Electric,9588,Yes,55815
Audi,2019-12-13,2338666,Good,5,Hybrid,194039,Yes,127410
Mahindra,2015-03-04,988871,Poor,5,Electric,116828,Yes,50000
Maruti,2019-11-23,1828202,Poor,1,Diesel,182909,No,85223
Hyundai,2016-05-30,617795,Average,5,Diesel,34275,Yes,50000
Maruti,2019-05-03,2372301,Poor,3,Diesel,112371,Yes,131075
Hyundai,2015-05-16,344942,Poor,5,Petrol,45017,Yes,50000
Audi,2017-01-11,1500045,Poor,1,Hybrid,66926,Yes,83871
Mahindra,2024-07-02,388888,Poor,3,Petrol,149464,Yes,50000
Maruti,2017-10-29,339451,Poor,1,Diesel,123070,Yes,50000
Kia,2017-10-01,2780208,Poor,5,Petrol,28755,Yes,142367
Hyundai,2021-11-25,1181853,Average,1,Electric,166453,No,131598
Maruti,2017-04-18,430964,Good,5,Diesel,154481,Yes,50000
Ford,2018-03-01,654594,Poor,2,Diesel,28825,Yes,50000
Hyundai,2019-12-26,610631,Poor,5,Diesel,160172,Yes,50000
Tata,2016-08-22,1373480,Average,2,Electric,12606,Yes,119632
Hyundai,2020-02-13,713213,Good,2,Diesel,102417,Yes,82918
BMW,2019-07-28,1201127,Average,2,Petrol,147608,Yes,73567
Mahindra,2022-03-10,816331,Excellent,4,Electric,179597,No,109488
Ford,2022-05-26,687001,Poor,1,Hybrid,76842,No,97847
Kia,2020-12-13,2098323,Excellent,3,Hybrid,194442,Yes,180951
Toyota,2015-11-19,2044343,Excellent,1,Hybrid,122434,Yes,144523
Tata,2019-04-10,2402178,Poor,5,Hybrid,90835,Yes,138858
Mahindra,2021-12-19,2775684,Poor,3,Hybrid,101923,Yes,264920
Audi,2015-08-13,1962644,Excellent,5,Hybrid,139860,No,106478
Mahindra,2018-02-16,386223,Poor,2,Diesel,8163,Yes,50000
Maruti,2019-02-22,1617950,Good,1,Petrol,141260,Yes,126709
Toyota,2020-06-05,2276743,Poor,3,Diesel,25694,Yes,219662
Tata,2019-08-10,1408612,Average,2,Petrol,15644,No,179912
Toyota,2021-12-07,1807461,Excellent,1,Electric,142657,No,357586
Hyundai,2023-05-24,2566358,Good,5,Diesel,129270,No,410875
Audi,2016-08-07,2211781,Average,3,Petrol,195530,No,60302
Audi,2017-01-28,1970566,Average,1,Petrol,49815,Yes,139028
Audi,2015-09-07,733460,Poor,5,Diesel,57892,No,50000
Kia,2021-02-01,2444196,Average,1,Diesel,37857,Yes,371689
Toyota,2021-02-13,2350302,Excellent,1,Electric,127590,Yes,401754
Honda,2022-06-30,2493751,Excellent,5,Hybrid,160786,No,360083
Hyundai,2019-04-24,1638493,Poor,2,Petrol,132409,Yes,79345
Audi,2016-07-15,2233852,Average,5,Petrol,99401,Yes,92604
Ford,2016-03-12,2261995,Poor,4,Diesel,62983,Yes,89474
Ford,2024-10-12,1999694,Average,4,Diesel,78425,No,442615
Kia,2023-11-22,2096155,Poor,5,Diesel,30212,No,345043
Hyundai,2018-06-18,1090406,Average,4,Diesel,163723,Yes,50000
Audi,2021-01-31,1367107,Good,5,Electric,84853,No,214765
Tata,2017-10-06,2788745,Average,1,Diesel,75789,Yes,211259
Toyota,2020-05-07,564902,Good,1,Hybrid,190792,Yes,50000
BMW,2020-08-31,1005612,Poor,5,Petrol,134269,No,56170
Mahindra,2017-01-23,2947673,Good,3,Petrol,119767,Yes,168170
BMW,2017-12-18,1935376,Good,4,Hybrid,89153,No,179355
Toyota,2020-07-05,418801,Poor,1,Diesel,47265,Yes,50000
Toyota,2015-09-30,1168132,Average,2,Electric,91040,Yes,63954
Mahindra,2021-05-08,979429,Good,3,Electric,143912,Yes,118010
Mahindra,2022-09-01,2128435,Average,1,Petrol,191435,Yes,161759
Honda,2020-10-30,2319483,Good,5,Diesel,21816,No,398849
Toyota,2019-09-18,1772266,Good,1,Petrol,166451,Yes,128099
Ford,2020-04-01,1166635,Good,5,Petrol,144464,Yes,85730
Honda,2021-11-19,1024429,Average,3,Electric,180747,Yes,82286
Tata,2021-04-01,1221322,Average,2,Electric,64707,Yes,184261
Honda,2017-12-26,1359050,Poor,4,Diesel,155200,No,50000
Tata,2020-09-11,2162264,Average,2,Petrol,75935,No,259808
Honda,2024-02-14,1355610,Good,2,Diesel,133418,No,283084
Toyota,2020-05-16,1566150,Poor,3,Electric,74558,No,154996
Kia,2023-10-19,2549751,Average,4,Electric,40088,Yes,575499
Kia,2017-03-05,1872075,Excellent,3,Electric,104575,No,190953
Ford,2018-11-10,2972636,Good,2,Diesel,56842,No,385053
Mahindra,2017-02-24,2038801,Average,1,Electric,46130,Yes,179382
Audi,2023-06-27,906544,Excellent,5,Hybrid,183411,No,128799
Kia,2024-09-08,1548704,Average,3,Electric,185928,Yes,187732
Maruti,2024-09-22,689898,Average,4,Electric,67149,Yes,162232
Tata,2016-11-28,1150070,Good,3,Petrol,96119,No,80438
Kia,2017-06-29,1326169,Good,4,Petrol,6087,No,138850
Tata,2022-01-31,2585956,Average,4,Electric,124536,Yes,298180
Toyota,2017-04-10,2926331,Average,4,Diesel,28060,Yes,211034
Tata,2021-10-28,1817451,Excellent,3,Hybrid,167310,Yes,227083
Kia,2021-05-16,2602972,Average,1,Hybrid,36116,No,494635
Kia,2019-03-23,865348,Average,1,Hybrid,22844,Yes,109587
Mahindra,2018-12-02,1891752,Poor,5,Hybrid,139161,Yes,79394
BMW,2020-04-13,378350,Average,1,Electric,170641,Yes,50000
Mahindra,2018-01-27,2493025,Poor,2,Hybrid,63979,Yes,158888
Tata,2018-11-02,457277,Average,5,Electric,108759,Yes,50000
Maruti,2021-07-18,2888631,Good,3,Hybrid,85923,No,515228
Toyota,2021-03-04,1652836,Average,3,Electric,82764,No,239342
Maruti,2020-04-30,1528570,Good,3,Petrol,138412,Yes,132991
Tata,2021-02-06,1987173,Excellent,5,Electric,171748,No,223907
Audi,2022-05-22,1281503,Average,2,Petrol,55564,No,221187
Toyota,2022-06-29,1241363,Average,4,Petrol,19937,Yes,201055
Ford,2022-12-23,2135973,Good,5,Petrol,187647,Yes,176664
Audi,2015-01-27,1210600,Average,1,Petrol,160060,No,50000
Ford,2018-01-30,2407947,Poor,3,Petrol,117731,No,109304
Ford,2015-01-14,2175894,Excellent,2,Hybrid,175282,Yes,89446
Tata,2024-05-31,2646548,Average,4,Hybrid,193921,No,281817
Toyota,2020-10-01,2736323,Poor,1,Electric,72913,Yes,290067
Kia,2024-05-21,1057107,Excellent,2,Diesel,157775,Yes,212534
Toyota,2020-01-14,1776868,Excellent,4,Petrol,169827,Yes,134577
Audi,2016-12-17,2881882,Poor,3,Electric,150061,No,108918
Tata,2022-06-19,885773,Good,1,Diesel,84570,No,192339
Kia,2016-06-16,421164,Poor,4,Electric,111773,Yes,50000
Honda,2023-11-26,740159,Excellent,3,Petrol,59230,No,228743
Maruti,2018-01-16,2850916,Poor,1,Electric,71529,Yes,195753
BMW,2020-06-15,2533021,Excellent,1,Hybrid,144248,No,367101
Ford,2019-06-06,2804550,Good,3,Petrol,134604,Yes,215724
Hyundai,2021-03-17,998594,Average,2,Electric,114880,Yes,117743
Audi,2020-11-27,1963087,Poor,2,Electric,14756,Yes,254707
BMW,2020-09-26,2671704,Average,4,Hybrid,163766,Yes,180832
Hyundai,2022-02-21,961461,Poor,2,Hybrid,172482,No,71289
Audi,2016-08-20,2776244,Excellent,3,Hybrid,38050,No,327248
Tata,2017-12-27,2636973,Excellent,2,Hybrid,143098,No,244874
Kia,2024-08-16,2297009,Good,1,Diesel,151758,Yes,438921
Ford,2017-06-08,1221206,Good,5,Diesel,24791,No,119606
Audi,2023-02-23,993230,Good,5,Electric,139053,Yes,146896
Honda,2016-08-17,610182,Good,4,Hybrid,127645,Yes,50000
Kia,2023-05-24,1037772,Excellent,4,Electric,89660,No,295783
BMW,2020-07-15,961674,Good,4,Diesel,22055,No,167382
Honda,2016-03-27,1739275,Good,1,Petrol,104822,Yes,104374
Ford,2021-04-19,1060429,Poor,2,Hybrid,147434,Yes,73815
Audi,2015-06-12,2111286,Average,3,Hybrid,146661,Yes,72017
Kia,2018-04-10,2195159,Good,1,Hybrid,160460,Yes,149906
Ford,2017-03-23,938201,Average,5,Hybrid,158866,Yes,50000
Toyota,2016-05-09,300380,Excellent,1,Petrol,177716,No,50000
Kia,2018-07-23,2011417,Excellent,2,Petrol,54216,No,280862
Hyundai,2017-07-20,2820897,Excellent,3,Petrol,136342,Yes,189829
Kia,2021-01-19,1012132,Excellent,1,Diesel,179150,Yes,105819
Kia,2023-11-24,2587230,Excellent,3,Hybrid,112504,Yes,639875
Kia,2019-01-18,1310867,Good,1,Diesel,162603,Yes,93732
Honda,2017-11-20,613959,Excellent,5,Hybrid,40856,No,78001
Audi,2017-11-28,748587,Excellent,4,Diesel,135919,Yes,54176
Maruti,2016-09-14,1436696,Average,1,Electric,152906,No,75681
BMW,2016-07-27,1177850,Poor,5,Petrol,61035,Yes,50000
Kia,2015-04-26,1871798,Good,2,Hybrid,37210,No,157095
Toyota,2024-11-05,2081951,Poor,5,Petrol,136710,Yes,203528
Maruti,2019-08-11,2351884,Average,1,Petrol,117924,Yes,182301
Honda,2020-05-27,2714480,Poor,5,Hybrid,189166,No,111034
Hyundai,2024-06-06,2615141,Poor,5,Electric,17087,Yes,502655
Toyota,2016-01-26,1382400,Excellent,3,Petrol,64393,No,116950
Tata,2015-10-01,2592094,Poor,2,Hybrid,12561,Yes,137860
Tata,2022-08-01,2448752,Poor,4,Diesel,35174,Yes,305824
Toyota,2019-02-21,1926012,Average,3,Electric,92377,No,191562
Toyota,2017-03-31,398560,Good,3,Petrol,179777,No,50000
Mahindra,2018-09-19,436709,Average,5,Diesel,59473,Yes,50000
Tata,2019-10-08,1635864,Excellent,5,Electric,174923,Yes,130245
Hyundai,2022-06-12,2751555,Excellent,4,Diesel,190799,Yes,277161
Kia,2018-02-19,2290272,Excellent,2,Hybrid,107374,Yes,240710
Maruti,2016-07-01,2663145,Average,3,Electric,188118,Yes,83592
Honda,2023-12-26,1392615,Good,1,Electric,94811,No,417930
Ford,2021-10-29,1755008,Average,3,Electric,72316,No,296268
Mahindra,2017-12-26,501854,Excellent,1,Electric,88257,No,70308
Honda,2016-05-31,1754955,Excellent,3,Hybrid,102489,Yes,135406
Honda,2023-12-29,2210504,Excellent,4,Petrol,59262,No,654658
Maruti,2018-08-17,2175169,Poor,1,Hybrid,24452,No,207110
Toyota,2019-12-30,413511,Excellent,3,Diesel,13919,No,86182
Kia,2018-05-20,1994908,Good,2,Electric,163954,Yes,136475
Audi,2015-08-23,2139834,Average,2,Diesel,86017,No,115645
Honda,2019-04-01,745460,Good,1,Diesel,17010,No,126014
Ford,2021-11-24,1971894,Average,4,Petrol,160992,Yes,143920
Maruti,2018-07-15,1275843,Average,3,Petrol,185251,Yes,50000
Audi,2016-02-21,1345420,Excellent,5,Electric,18292,No,148605
Kia,2023-03-27,306466,Excellent,4,Diesel,6779,No,104701
Mahindra,2022-01-31,371566,Average,4,Electric,93335,Yes,50462
Tata,2021-03-09,1220892,Poor,2,Petrol,170482,Yes,61986
Kia,2016-09-10,1805066,Poor,1,Petrol,85525,No,85480
Mahindra,2024-06-21,1581502,Poor,5,Hybrid,23583,No,312670
BMW,2018-06-14,634784,Good,1,Diesel,190693,Yes,50000
Hyundai,2017-05-31,2776347,Excellent,3,Diesel,61075,No,317560
Honda,2017-09-12,2887098,Excellent,2,Electric,157114,No,247452
Mahindra,2018-10-26,2119023,Excellent,1,Petrol,65603,No,309865
BMW,2021-03-14,2124099,Poor,1,Hybrid,110920,No,210912
Kia,2020-04-29,386947,Average,4,Diesel,13704,Yes,50000
Kia,2024-08-04,459954,Average,1,Electric,192329,No,63966
Ford,2023-05-20,2162370,Poor,1,Electric,177881,No,210107
Honda,2021-11-20,2486026,Poor,3,Electric,129160,No,238497
Maruti,2023-03-10,1345341,Excellent,3,Petrol,169305,No,200928
BMW,2020-04-03,2393554,Poor,5,Electric,53427,Yes,203337
Mahindra,2015-03-03,888007,Average,2,Diesel,156949,Yes,50000
Mahindra,2015-12-27,2359068,Good,2,Diesel,66244,No,184139
Toyota,2017-09-27,2570038,Excellent,5,Electric,135226,No,215345
Ford,2019-12-25,2422155,Average,5,Petrol,195000,Yes,92023
BMW,2017-04-12,1774681,Good,4,Diesel,161710,No,90473
Audi,2021-12-08,1612430,Poor,5,Hybrid,188810,No,84905
Mahindra,2018-01-06,2748681,Good,4,Hybrid,121645,No,217303
Kia,2015-11-25,2250374,Excellent,1,Electric,72356,No,241424
Toyota,2017-03-29,616637,Average,5,Hybrid,90592,No,50000
Mahindra,2016-04-11,1784259,Good,2,Petrol,49446,No,146061
Honda,2016-06-13,1673282,Poor,4,Electric,43591,Yes,84580
Mahindra,2020-09-14,2052268,Poor,2,Electric,182192,No,118233
Tata,2015-04-20,498584,Good,1,Petrol,107426,No,50000
Hyundai,2024-12-22,1535319,Poor,4,Electric,7659,No,393349
Toyota,2021-02-13,2557888,Average,3,Hybrid,189207,Yes,158668
Mahindra,2020-09-18,1851369,Good,2,Hybrid,56210,No,346845
BMW,2020-01-10,2759989,Average,2,Diesel,35647,No,375880
Mahindra,2016-09-11,2022862,Average,5,Electric,181320,No,68688
Maruti,2017-05-20,2516065,Good,3,Diesel,180439,No,119424
Mahindra,2022-09-06,1691269,Poor,4,Diesel,153403,No,132015
Honda,2017-04-07,621143,Poor,3,Diesel,156366,Yes,50000
Hyundai,2015-07-01,1631198,Good,4,Hybrid,78982,No,106093
Honda,2020-01-12,1215007,Good,3,Diesel,184121,Yes,77374
Hyundai,2015-11-07,959760,Excellent,4,Hybrid,119245,Yes,58394
Mahindra,2016-09-14,1248197,Good,2,Petrol,69150,No,100915
Mahindra,2017-10-09,2401896,Good,2,Hybrid,140025,No,182960
Toyota,2023-11-29,2262072,Poor,3,Petrol,114669,No,269417
Toyota,2020-06-01,404430,Average,3,Hybrid,10542,No,64951
Kia,2024-05-12,2784558,Poor,1,Hybrid,140118,No,391005
Audi,2019-02-15,2124515,Good,1,Electric,26215,No,385968
Mahindra,2020-09-21,1009474,Poor,5,Electric,112065,Yes,70534
Toyota,2020-12-06,2899321,Excellent,1,Hybrid,153405,No,427342
Maruti,2022-03-17,1795323,Good,5,Hybrid,77627,No,329310
Hyundai,2017-06-03,587695,Poor,1,Diesel,118804,No,50000
Mahindra,2023-11-02,497718,Poor,5,Petrol,101423,Yes,50205
Ford,2016-08-03,573122,Good,1,Hybrid,33670,No,63118
Audi,2017-11-07,2473299,Good,5,Petrol,97544,No,177967
BMW,2019-03-15,2912555,Good,4,Diesel,21022,No,409451
Toyota,2020-05-24,1745565,Excellent,5,Electric,13793,No,391286
Maruti,2016-01-25,1497463,Poor,2,Hybrid,63753,Yes,68928
Kia,2016-09-06,2025580,Excellent,4,Electric,166134,Yes,111034
Ford,2020-08-07,736162,Average,2,Electric,165407,Yes,57169
Audi,2015-01-28,2982826,Excellent,1,Electric,47862,No,309978
Ford,2024-11-08,1121524,Excellent,2,Hybrid,29465,No,548554
Hyundai,2016-04-27,2553800,Excellent,2,Hybrid,180565,Yes,123881
Ford,2016-08-18,1703567,Excellent,3,Diesel,92314,No,149125
Hyundai,2019-07-25,616253,Excellent,5,Diesel,96361,No,75745
Hyundai,2017-10-29,2287307,Average,4,Hybrid,130103,Yes,120269
Hyundai,2020-05-12,2191161,Excellent,4,Hybrid,159861,No,239216
Honda,2015-11-08,2295905,Poor,4,Electric,11153,Yes,118641
Hyundai,2015-02-18,1519221,Good,1,Electric,161040,Yes,65871
Maruti,2016-01-05,975494,Good,5,Hybrid,75766,No,65872
Maruti,2017-02-05,821274,Poor,5,Electric,93422,Yes,50000
Honda,2017-08-28,1687572,Poor,1,Petrol,42848,No,112077
Ford,2019-10-04,1650775,Average,4,Electric,164123,Yes,100957
Hyundai,2020-01-19,2240675,Good,1,Electric,72242,No,393636
Hyundai,2023-08-07,1980982,Excellent,5,Diesel,51821,No,572021
Honda,2024-04-08,2531055,Excellent,1,Diesel,47099,No,1038258
Tata,2018-11-24,2224202,Poor,2,Electric,138825,No,130671
BMW,2019-08-18,2477203,Average,1,Hybrid,111382,No,253377
Toyota,2017-11-24,2988136,Average,1,Hybrid,15014,Yes,313674
Maruti,2017-05-04,2957539,Good,5,Diesel,70326,No,238000
Ford,2023-12-16,810513,Average,4,Petrol,29054,No,179067
Audi,2020-09-08,1959378,Average,4,Petrol,50936,Yes,210454
Audi,2015-11-02,315333,Good,1,Petrol,14469,No,50000
Ford,2023-08-30,1761717,Average,3,Hybrid,20420,Yes,416859
Kia,2015-02-23,622845,Excellent,5,Electric,47120,No,52538
Audi,2021-12-24,1747747,Average,1,Petrol,34471,Yes,290517
Maruti,2024-01-09,902713,Average,4,Petrol,158649,No,105163
Mahindra,2022-12-15,2813154,Poor,4,Diesel,97383,Yes,285584
BMW,2018-12-06,555515,Average,5,Hybrid,55289,Yes,50000
Maruti,2023-12-13,2388508,Poor,5,Electric,161474,No,230942
Mahindra,2018-03-14,2723663,Poor,3,Petrol,138468,No,111688
Audi,2017-05-05,2619138,Excellent,5,Electric,93271,No,258123
Kia,2015-07-07,1071213,Average,4,Electric,31677,Yes,64879
Ford,2022-10-16,1176678,Average,4,Electric,54458,No,236646
Hyundai,2016-04-20,2393244,Poor,2,Petrol,172665,No,59979
Honda,2024-10-13,2719258,Good,3,Electric,128157,Yes,630450
Audi,2022-12-29,2488990,Good,5,Electric,53595,No,610774
Kia,2015-09-10,427766,Excellent,5,Electric,19509,No,50000
Audi,2021-11-24,830012,Average,2,Hybrid,199534,Yes,55924
Ford,2022-06-03,2038664,Poor,1,Hybrid,7051,No,382528
Kia,2021-08-08,1752870,Poor,4,Petrol,27733,Yes,179110
Maruti,2015-04-25,745434,Poor,5,Hybrid,192884,No,50000
Audi,2020-02-10,387674,Good,2,Petrol,100921,Yes,50000
Ford,2024-03-24,496244,Excellent,3,Hybrid,161536,Yes,95653
Maruti,2019-03-11,2250851,Good,5,Diesel,11348,No,307593
Tata,2021-12-31,2484969,Poor,3,Petrol,37635,No,307060
Toyota,2023-04-22,2650776,Average,5,Hybrid,194541,No,220531
BMW,2016-04-29,636104,Good,2,Electric,21803,No,70771
Mahindra,2019-10-11,772280,Good,5,Petrol,88817,No,79269
Honda,2018-08-21,379580,Average,2,Hybrid,87971,No,50000
Kia,2018-03-24,650740,Good,2,Electric,172402,Yes,50000
Ford,2023-06-10,2826661,Average,2,Petrol,98181,Yes,430139
Mahindra,2018-03-05,2644468,Excellent,1,Hybrid,184346,Yes,176756
Mahindra,2017-12-03,2767389,Excellent,3,Hybrid,23267,No,424832
Honda,2019-05-04,2998245,Poor,1,Electric,96015,Yes,226894
Ford,2015-03-30,615872,Poor,4,Diesel,21591,No,50000
Ford,2021-09-15,2024897,Poor,4,Petrol,80491,No,188511
Audi,2016-09-10,1910915,Excellent,1,Electric,120113,Yes,165894
Ford,2015-11-17,2121298,Excellent,2,Electric,140710,Yes,135668
Hyundai,2016-04-12,839130,Excellent,1,Petrol,40047,No,90064
Toyota,2021-01-07,2792401,Good,2,Diesel,96089,No,431003
Audi,2017-09-03,1409437,Good,2,Hybrid,137151,No,107552
Tata,2019-11-16,1192143,Average,5,Electric,33270,No,152562
BMW,2015-08-24,1232708,Excellent,4,Electric,169353,Yes,55706
Audi,2024-11-14,2218156,Good,4,Hybrid,70239,No,688858
Toyota,2022-02-19,1464940,Excellent,2,Hybrid,67498,No,395744
Hyundai,2020-02-01,2609366,Good,4,Diesel,88511,No,321100
Ford,2022-09-16,1562850,Poor,4,Diesel,58636,Yes,181573
Toyota,2024-08-26,686733,Poor,4,Diesel,143463,No,78871
BMW,2018-11-10,2749378,Poor,4,Hybrid,71860,Yes,172204
Toyota,2018-02-10,1375575,Excellent,4,Electric,185661,No,90284
Honda,2018-06-19,2164387,Average,4,Electric,32912,No,234302
Tata,2018-02-11,907821,Good,4,Diesel,97124,No,77771
Kia,2020-03-23,2054257,Average,5,Hybrid,41095,Yes,228826
Ford,2020-01-02,1599763,Good,2,Petrol,103455,Yes,169479
Audi,2020-06-23,571550,Excellent,4,Hybrid,48973,No,113881
Toyota,2021-12-08,1941000,Poor,4,Diesel,188016,No,102534
Ford,2023-07-10,1653064,Poor,2,Petrol,18161,Yes,267009
Ford,2016-07-10,1003407,Good,4,Diesel,173473,Yes,50000
Honda,2020-11-10,2359036,Average,3,Electric,88493,Yes,284521
BMW,2017-06-21,1213738,Average,4,Diesel,19410,Yes,93255
Mahindra,2019-08-24,2293792,Excellent,3,Diesel,85308,No,338890
Hyundai,2024-05-27,1598626,Poor,2,Electric,150474,Yes,191993
Ford,2016-04-30,1640264,Excellent,4,Petrol,137842,Yes,84688
Audi,2018-10-28,2661696,Average,3,Electric,166970,No,161083
Mahindra,2022-05-28,1735780,Poor,2,Diesel,116633,No,181082
Toyota,2016-04-06,1999016,Average,1,Diesel,157606,Yes,75351
Mahindra,2022-05-29,2259517,Average,1,Electric,72492,Yes,418871
Tata,2015-08-25,1580962,Poor,5,Electric,132056,Yes,50000
Audi,2022-11-24,2221946,Average,3,Diesel,72994,Yes,353458
Tata,2019-08-11,2369757,Excellent,5,Diesel,28671,No,391041
Mahindra,2024-04-25,2331470,Excellent,1,Diesel,65310,No,894262
Toyota,2018-02-17,391442,Poor,5,Electric,192620,No,50000
Hyundai,2017-05-28,1684574,Excellent,1,Hybrid,63097,No,226129
Ford,2019-04-16,770227,Poor,3,Hybrid,131170,No,50000
Mahindra,2021-08-14,510951,Average,5,Hybrid,125541,Yes,50000
Ford,2024-04-25,1020127,Excellent,3,Petrol,192893,Yes,135000
Ford,2019-01-12,2420460,Excellent,4,Electric,58941,No,388981
Kia,2019-02-11,2285205,Average,1,Diesel,77833,No,237381
Maruti,2015-02-25,1840286,Poor,5,Electric,75765,Yes,61997
BMW,2015-09-27,2160805,Good,2,Electric,182939,Yes,82732
Mahindra,2024-08-11,393831,Poor,2,Petrol,84165,Yes,58160
Hyundai,2023-11-29,1957366,Average,4,Electric,91035,No,401932
Hyundai,2017-05-31,1957658,Excellent,1,Diesel,135501,Yes,154166
BMW,2020-06-25,1946700,Poor,2,Petrol,45086,Yes,173494
Toyota,2015-05-03,2202308,Good,1,Petrol,93192,No,134393
Ford,2024-07-05,1533085,Poor,5,Petrol,17760,Yes,245241
Honda,2023-07-08,2543705,Good,1,Petrol,106597,No,549112
Kia,2023-11-20,1485240,Good,1,Diesel,73268,No,427670
Ford,2021-06-10,2522777,Poor,1,Petrol,158627,Yes,153388
Tata,2017-01-03,2176236,Excellent,1,Electric,53966,No,302195
Hyundai,2020-01-07,2735820,Poor,5,Electric,114758,No,186633
Maruti,2024-11-20,669600,Average,3,Hybrid,139754,Yes,110861
Tata,2016-09-15,1718167,Excellent,5,Diesel,108626,No,124737
Mahindra,2024-01-03,2140707,Poor,2,Diesel,39581,No,411541
Mahindra,2019-08-26,1095923,Excellent,3,Petrol,137566,Yes,102994
Maruti,2019-07-12,2615644,Excellent,1,Electric,169793,Yes,260582
Toyota,2016-06-17,348646,Excellent,1,Petrol,171585,Yes,50000
Tata,2022-08-13,1658401,Excellent,5,Diesel,55866,No,401480
Ford,2017-04-22,1848151,Poor,4,Electric,180681,Yes,50000
Tata,2022-09-13,1516693,Average,1,Hybrid,50654,Yes,304180
Kia,2017-02-03,2050432,Average,1,Diesel,97997,Yes,125480
Maruti,2024-09-26,2488072,Excellent,3,Electric,15344,No,1264455
Tata,2020-03-31,523233,Excellent,2,Electric,9535,No,137993
Mahindra,2021-12-19,630391,Average,4,Petrol,170018,No,50000
Tata,2017-08-20,2911463,Poor,4,Electric,146214,Yes,107035
BMW,2022-06-22,1355261,Excellent,1,Petrol,199209,No,154412
Tata,2016-04-05,2391209,Good,3,Petrol,167590,No,97740
Audi,2019-06-29,1241155,Average,4,Petrol,21136,No,136521
Tata,2015-07-19,1660225,Excellent,5,Electric,166729,No,78762
Ford,2022-06-27,650093,Excellent,1,Hybrid,93377,No,173920
Mahindra,2024-07-09,1662816,Excellent,2,Hybrid,14196,No,813783
Maruti,2015-07-17,2126871,Excellent,5,Diesel,182631,Yes,70503
Kia,2020-04-13,464815,Poor,2,Electric,41920,Yes,50000
Mahindra,2020-12-06,738592,Poor,5,Electric,138858,Yes,50000
BMW,2017-08-24,1718480,Poor,5,Diesel,58802,Yes,82433
Audi,2016-11-02,1206873,Poor,4,Hybrid,6731,Yes,69956
Audi,2015-06-15,685310,Average,4,Petrol,179300,No,50000
Honda,2019-01-08,397544,Excellent,1,Hybrid,156404,No,50000
Honda,2017-03-14,2704423,Average,4,Hybrid,82084,Yes,164712
Hyundai,2024-02-17,2023835,Poor,3,Diesel,185565,No,165248
Honda,2024-12-09,345312,Poor,4,Electric,29397,Yes,73276
Mahindra,2020-03-09,719639,Average,3,Electric,126259,Yes,63900
Maruti,2016-11-12,2278276,Excellent,4,Hybrid,59303,No,241934
BMW,2022-04-10,803336,Good,4,Electric,55536,No,184838
Audi,2015-06-24,2525016,Good,4,Diesel,40989,No,179867
BMW,2019-09-19,2934146,Excellent,3,Diesel,189777,No,225149
Hyundai,2017-12-06,1722504,Average,4,Electric,159810,Yes,80760
Audi,2015-10-05,2725714,Excellent,2,Hybrid,79205,No,247897
Toyota,2017-10-01,637828,Average,2,Diesel,123585,Yes,50000
Mahindra,2023-07-29,2257512,Average,2,Electric,102570,No,463414
Toyota,2016-10-23,375834,Average,4,Electric,140106,Yes,50000
BMW,2019-03-24,1339739,Good,5,Diesel,190301,Yes,62984
Honda,2015-12-24,2652114,Poor,4,Diesel,146413,No,72921
Kia,2016-07-04,746372,Good,1,Electric,169522,Yes,50000
Hyundai,2024-11-22,1964710,Poor,3,Petrol,184920,Yes,153437
Maruti,2019-04-20,1710704,Excellent,5,Diesel,9605,No,287300
Mahindra,2021-11-14,396279,Excellent,5,Hybrid,40425,No,96392
Maruti,2015-08-19,2295464,Good,4,Petrol,92313,No,125463
Ford,2023-05-18,2666459,Poor,2,Diesel,77260,Yes,356191
Hyundai,2021-01-18,1899488,Good,1,Electric,62060,No,410135
Ford,2024-04-14,2813612,Excellent,2,Hybrid,112588,Yes,782114
Ford,2022-09-24,1005067,Good,1,Electric,170506,No,155238
Maruti,2021-08-17,347698,Average,1,Hybrid,31956,No,69951
Toyota,2017-08-20,2924420,Average,3,Diesel,72413,Yes,198194
Honda,2023-08-02,2740956,Good,1,Petrol,148399,No,468996
Tata,2018-01-15,1486964,Poor,4,Hybrid,30582,Yes,96275
Honda,2024-01-29,2709197,Poor,5,Petrol,125414,Yes,249865
Honda,2017-01-29,457388,Poor,2,Diesel,112332,Yes,50000
Audi,2015-05-24,310932,Excellent,1,Diesel,10523,No,50000
Tata,2017-12-09,1327473,Average,2,Hybrid,21237,No,144842
Honda,2020-01-04,1669156,Poor,4,Diesel,106956,No,111098
Tata,2024-11-15,589493,Poor,5,Diesel,191386,No,50000
Maruti,2021-10-05,2638316,Average,5,Diesel,54632,No,372449
Maruti,2019-03-01,2261909,Excellent,2,Diesel,175685,No,188858
Honda,2022-11-12,868359,Average,4,Petrol,196273,No,61490
Honda,2020-05-27,1997850,Poor,5,Diesel,111642,No,130202
Hyundai,2018-06-11,1831777,Good,4,Petrol,152110,Yes,101364
BMW,2018-03-05,2157363,Good,5,Hybrid,97119,No,187373
Hyundai,2018-06-09,2394147,Good,1,Petrol,91832,No,243550
Audi,2017-04-10,2779505,Poor,2,Hybrid,35945,No,193361
Ford,2022-08-23,2387891,Good,1,Diesel,159759,Yes,312709
BMW,2020-05-01,1503427,Poor,2,Diesel,151960,Yes,81354
Honda,2021-05-17,1397562,Poor,5,Petrol,143887,Yes,74269
Tata,2018-11-29,2567936,Excellent,3,Electric,182695,No,208508
BMW,2021-05-01,1127583,Poor,1,Hybrid,169122,Yes,71255
Audi,2015-04-16,589085,Good,2,Hybrid,9922,No,54331
Tata,2017-01-01,458131,Good,4,Hybrid,47479,No,50000
Ford,2015-12-12,1004375,Good,4,Hybrid,96584,No,64676
Toyota,2015-02-26,1940999,Excellent,3,Diesel,52149,No,159504
Maruti,2020-02-27,2037874,Good,5,Diesel,74836,No,254209
Ford,2020-01-10,1317645,Average,2,Diesel,70691,Yes,140094
Mahindra,2016-05-29,1493888,Excellent,5,Petrol,34612,No,133723
Audi,2021-04-15,687557,Excellent,5,Electric,176379,No,76969
Mahindra,2016-06-10,1208059,Good,1,Petrol,21101,No,119012
Maruti,2021-07-25,2242298,Average,1,Electric,174362,Yes,200135
Ford,2016-07-18,2424959,Excellent,5,Electric,158509,Yes,129321
BMW,2015-11-29,309196,Average,4,Diesel,122319,Yes,50000
Hyundai,2020-12-18,2845513,Poor,3,Hybrid,196607,No,133827
Ford,2023-04-10,1467256,Average,2,Hybrid,22062,Yes,341997
Tata,2018-12-28,2084706,Excellent,4,Hybrid,155145,Yes,169394
Mahindra,2018-10-13,387160,Excellent,5,Diesel,144975,Yes,50000
Hyundai,2019-10-05,2214005,Good,5,Electric,149833,Yes,176128
Audi,2020-04-23,648726,Good,1,Hybrid,139836,Yes,70819
Mahindra,2023-01-16,1647275,Average,1,Electric,81551,No,361247
Ford,2015-09-02,1344154,Poor,3,Petrol,73149,Yes,50000
Hyundai,2024-07-21,1368713,Poor,3,Petrol,19864,No,273586
Maruti,2024-07-31,1455229,Average,2,Petrol,53443,Yes,325730
Kia,2021-11-01,2982220,Excellent,5,Diesel,61542,No,621135
Toyota,2020-04-23,2218995,Poor,3,Hybrid,84478,Yes,176022
Honda,2022-05-25,2997154,Good,3,Diesel,105364,Yes,471001
BMW,2022-08-25,1985861,Poor,1,Electric,78361,Yes,279731
Toyota,2016-05-22,2243545,Average,2,Electric,113098,No,135539
Honda,2022-03-04,1861491,Average,5,Electric,10814,Yes,337727
BMW,2018-10-11,2030966,Excellent,4,Hybrid,72857,No,277713
Audi,2021-05-01,1624766,Good,5,Hybrid,38650,No,303749
BMW,2021-12-24,1556398,Excellent,4,Petrol,58224,No,333720
Maruti,2020-09-10,1027043,Good,5,Diesel,191561,Yes,60594
Tata,2018-07-29,355902,Poor,1,Petrol,65213,No,50000
Hyundai,2022-03-18,1070879,Excellent,5,Hybrid,97468,No,214778
Ford,2021-02-10,2117270,Poor,4,Hybrid,167754,Yes,110895
Toyota,2019-08-21,2581324,Poor,1,Hybrid,139584,Yes,151774
Toyota,2016-01-22,1162177,Average,1,Diesel,88490,No,69926
Maruti,2015-01-15,791521,Good,5,Electric,31263,No,58109
BMW,2023-01-04,1559482,Average,3,Diesel,181900,No,146043
Ford,2022-05-30,2961447,Poor,4,Petrol,39742,Yes,329859
BMW,2022-08-03,2174335,Excellent,5,Diesel,79209,No,473936
Tata,2017-07-18,1333627,Average,4,Diesel,146342,Yes,56792
Honda,2019-09-26,2258169,Poor,4,Petrol,42549,Yes,161045
BMW,2015-10-08,1668720,Good,5,Electric,198329,No,52176
Hyundai,2018-04-08,621805,Good,4,Hybrid,40062,No,74639
Kia,2021-04-01,480193,Good,4,Electric,125565,Yes,60069
Tata,2019-05-15,529488,Excellent,4,Diesel,19831,No,92174
Ford,2020-09-29,1410202,Poor,1,Petrol,98434,Yes,109176
Kia,2016-07-26,1841436,Average,5,Petrol,23980,Yes,105553
Honda,2016-09-24,2066929,Excellent,4,Electric,64201,No,223533
Honda,2017-01-25,2098816,Average,5,Diesel,54283,Yes,124489
Audi,2018-06-15,1687831,Excellent,1,Petrol,139176,Yes,143644
Honda,2020-11-10,778957,Poor,3,Electric,12696,No,106348
Toyota,2015-05-22,849916,Good,5,Diesel,133810,No,50000
Honda,2022-04-01,951416,Average,2,Diesel,37000,Yes,166550
Maruti,2021-01-20,2970664,Poor,5,Hybrid,138825,No,196459
Tata,2020-03-13,2605403,Poor,4,Diesel,115943,Yes,153449
Tata,2016-08-23,2319465,Poor,3,Petrol,131595,No,77002
BMW,2024-11-23,2978945,Excellent,3,Hybrid,32810,No,1372428
BMW,2018-05-13,875720,Excellent,5,Electric,67863,No,114420
Tata,2015-07-05,698467,Average,4,Diesel,181924,Yes,50000
Hyundai,2022-04-08,2921116,Excellent,5,Hybrid,175389,Yes,327464
Honda,2015-07-02,2155739,Good,1,Petrol,148810,Yes,88899
Kia,2024-03-28,993984,Good,4,Diesel,26662,No,310630
BMW,2020-01-03,1415791,Excellent,3,Hybrid,157280,Yes,141569
Toyota,2017-09-02,2877264,Poor,1,Electric,28362,Yes,221088
Hyundai,2018-05-04,969034,Poor,2,Diesel,168242,No,50000
Maruti,2024-05-18,2453420,Good,5,Electric,162580,No,420607
Honda,2019-06-21,2719817,Poor,3,Hybrid,181639,Yes,103348
Kia,2023-03-10,2972086,Good,2,Diesel,187994,Yes,322670
Tata,2015-03-14,517516,Excellent,5,Petrol,105600,No,50000
Honda,2017-05-12,1384160,Poor,5,Hybrid,190252,Yes,50000
Tata,2022-02-19,2626073,Good,5,Diesel,122233,Yes,321162
Tata,2015-08-22,2891465,Good,1,Diesel,160745,No,133748
Toyota,2023-04-14,425473,Good,5,Hybrid,191990,No,50000
Kia,2024-02-02,1154334,Average,5,Petrol,197894,Yes,83167
Audi,2021-06-07,1166882,Average,4,Hybrid,94304,Yes,133527
Ford,2021-12-06,514050,Poor,5,Hybrid,69248,Yes,50512
Ford,2015-06-05,995518,Poor,5,Hybrid,49224,Yes,50000
Kia,2015-03-25,2553666,Excellent,5,Diesel,150331,Yes,102604
Tata,2019-02-10,2524278,Poor,1,Electric,38624,No,262101
Ford,2021-06-20,1043431,Excellent,2,Electric,181932,No,136430
Tata,2015-05-22,1517341,Average,4,Petrol,78627,Yes,61174
BMW,2022-10-22,2014069,Poor,4,Hybrid,68709,No,270049
Toyota,2024-05-07,626306,Average,4,Hybrid,82109,No,135532
Mahindra,2023-05-31,1079893,Poor,2,Diesel,198142,Yes,66349
Honda,2018-09-02,2178736,Average,4,Petrol,169549,Yes,88280
Audi,2020-10-10,852819,Average,3,Diesel,191021,Yes,50000
Mahindra,2022-09-10,1872542,Excellent,4,Diesel,82988,No,433515
Maruti,2018-08-21,2004743,Excellent,5,Diesel,184537,No,120192
Mahindra,2023-09-19,2723000,Average,3,Petrol,124871,Yes,356310
Toyota,2018-09-18,677872,Average,3,Petrol,105589,Yes,50000
Hyundai,2021-10-16,2076291,Good,2,Hybrid,50416,No,474380
BMW,2018-09-08,2647210,Excellent,2,Petrol,29180,No,415906
Maruti,2022-02-07,727856,Good,1,Hybrid,127042,Yes,114860
Kia,2015-11-14,2753366,Average,1,Petrol,11955,No,204199
Toyota,2017-12-02,2278036,Average,3,Diesel,36849,Yes,186974
Maruti,2024-08-01,733701,Good,5,Diesel,65233,No,196045
Audi,2023-05-12,1000329,Average,4,Diesel,199300,Yes,71878
BMW,2022-11-22,2080390,Poor,5,Hybrid,144358,Yes,161209
BMW,2021-12-26,1937523,Average,4,Petrol,122133,Yes,183539
Hyundai,2023-01-31,1761563,Good,5,Diesel,46765,No,397789
Honda,2020-12-19,1261249,Poor,4,Petrol,88696,No,100225
Audi,2020-09-30,356248,Good,1,Petrol,92141,No,52692
Tata,2016-04-04,1527130,Excellent,3,Electric,107510,Yes,118951
Hyundai,2015-12-12,2699225,Poor,3,Hybrid,175413,No,67632
Ford,2019-07-23,392810,Average,5,Electric,134773,Yes,50000
Honda,2017-04-28,2628779,Average,5,Petrol,174818,No,85861
Honda,2018-05-07,1630903,Average,5,Electric,53563,Yes,135369
Toyota,2021-03-20,1171583,Poor,5,Diesel,134088,Yes,69086
Maruti,2021-02-18,2955271,Good,5,Electric,49915,No,543992
Audi,2017-07-29,2713897,Good,5,Petrol,178066,No,112439
Honda,2023-04-20,2627560,Good,2,Petrol,19741,No,753860
Toyota,2017-01-03,2025774,Excellent,2,Petrol,182666,No,104955
Maruti,2022-04-06,2194420,Average,5,Hybrid,82334,Yes,286214
Toyota,2016-09-24,1159748,Excellent,2,Diesel,85157,No,112695
BMW,2023-08-17,1535985,Excellent,4,Electric,36327,No,569954
Kia,2015-09-11,1599790,Good,1,Hybrid,83572,No,123775
BMW,2020-02-15,2191835,Average,1,Electric,22661,Yes,341676
Audi,2023-06-21,1932508,Average,5,Diesel,54471,Yes,324379
BMW,2020-04-02,2945067,Poor,5,Diesel,24214,Yes,246800
Tata,2020-08-16,679631,Excellent,3,Hybrid,180391,No,69981
BMW,2024-12-30,1113153,Poor,5,Diesel,177240,Yes,89826
Tata,2019-02-01,984185,Average,5,Electric,195985,Yes,50000
Kia,2024-02-16,1390303,Average,1,Petrol,173701,No,173162
Ford,2018-08-15,833373,Poor,1,Petrol,85993,No,53876
Maruti,2015-02-10,2577354,Average,3,Electric,101229,Yes,114683
Maruti,2015-11-21,1496144,Poor,4,Hybrid,100812,Yes,50470
Ford,2017-10-04,543778,Average,2,Petrol,110447,No,50000
Audi,2019-05-28,1400620,Good,1,Hybrid,167468,Yes,109184
BMW,2021-01-02,537142,Average,5,Electric,179436,No,50000
Audi,2015-08-10,399679,Excellent,1,Petrol,90984,No,50000
Hyundai,2016-10-05,1531494,Excellent,5,Petrol,122283,No,97229
Audi,2023-04-20,1527331,Good,5,Electric,93767,No,329729
Audi,2022-10-17,1228962,Poor,3,Petrol,15446,Yes,168663
Honda,2018-04-06,2441207,Poor,5,Hybrid,57956,Yes,138555
Hyundai,2019-03-13,2598862,Excellent,3,Electric,179326,No,227368
Mahindra,2021-05-08,2385304,Good,1,Diesel,154510,No,291819
Kia,2017-06-05,2651548,Poor,2,Diesel,159427,No,94386
Maruti,2015-01-03,2609450,Poor,2,Diesel,160180,No,62328
BMW,2017-05-10,1473188,Excellent,3,Hybrid,24345,No,205438
Tata,2023-08-18,2749031,Excellent,1,Electric,64127,No,1074038
Mahindra,2024-02-02,2852984,Average,5,Hybrid,88787,Yes,485937
BMW,2021-06-15,658619,Poor,2,Diesel,176696,No,50000
Mahindra,2023-05-12,771456,Good,5,Electric,104871,Yes,143217
BMW,2024-06-12,2305551,Average,2,Petrol,165234,Yes,275987
Kia,2023-10-25,2803680,Poor,3,Electric,185507,Yes,221959
Audi,2016-05-08,1859721,Average,1,Hybrid,80935,Yes,116686
BMW,2017-01-14,2228058,Average,4,Electric,67873,Yes,149601
Toyota,2018-02-20,1494934,Average,3,Hybrid,47418,No,144642
Tata,2019-06-05,1339606,Excellent,4,Electric,167066,Yes,113922
Honda,2021-02-10,2872798,Excellent,2,Petrol,65630,No,579511
Mahindra,2023-04-21,1381144,Good,4,Electric,71540,No,351105
Honda,2016-07-06,314314,Excellent,5,Diesel,56191,No,50000
Hyundai,2022-08-14,2993313,Average,1,Electric,29952,Yes,681634
BMW,2016-05-27,2987648,Poor,2,Electric,116222,Yes,120063
Audi,2017-04-08,490971,Excellent,2,Petrol,167987,No,50000
Honda,2017-08-07,1300118,Average,3,Petrol,175890,Yes,50000
Tata,2018-10-15,2282976,Poor,2,Diesel,54798,Yes,159177
Ford,2018-09-26,595173,Excellent,3,Diesel,47656,No,89150
Honda,2021-02-10,578286,Average,5,Diesel,158714,No,50000
Audi,2019-04-03,457655,Average,2,Hybrid,175367,No,50000
Tata,2018-04-02,1785825,Average,4,Hybrid,65686,Yes,138757
Hyundai,2018-11-22,1325556,Excellent,4,Hybrid,106378,No,157423
Ford,2022-01-22,441048,Average,5,Diesel,156908,No,50000
Audi,2017-09-09,1633572,Excellent,1,Diesel,140297,Yes,130638
Ford,2021-10-07,2352294,Average,2,Petrol,13925,No,429488
BMW,2020-09-06,1838558,Poor,1,Diesel,51805,No,206526
Hyundai,2018-04-26,1775501,Average,1,Hybrid,53282,No,191920
Honda,2019-02-14,470327,Good,3,Hybrid,119710,Yes,50000
Ford,2019-05-24,2726529,Excellent,1,Diesel,131682,Yes,303137
Mahindra,2020-05-22,1987057,Average,4,Diesel,60772,Yes,209236
Toyota,2017-08-29,939383,Excellent,4,Diesel,138090,No,71579
Kia,2022-01-16,2204524,Poor,3,Electric,178011,Yes,139408
Mahindra,2024-08-11,608946,Average,2,Petrol,179053,Yes,67190
Audi,2017-10-11,2433922,Good,5,Diesel,169191,No,119789
BMW,2018-05-19,2468203,Average,4,Petrol,145283,Yes,113144
Audi,2020-11-08,864329,Good,1,Hybrid,115589,No,131895
Toyota,2023-12-03,2836914,Poor,5,Petrol,143352,No,254309
Mahindra,2024-07-07,1407676,Average,5,Electric,197542,No,147184
Maruti,2019-02-18,2566780,Good,3,Hybrid,146112,Yes,200083
BMW,2021-04-21,1153439,Average,3,Diesel,45045,No,176701
Mahindra,2021-07-17,1996773,Good,2,Hybrid,45629,No,446500
Audi,2017-11-21,405510,Poor,1,Electric,122353,No,50000
Toyota,2020-06-02,2741489,Good,4,Diesel,159336,No,236907
Maruti,2023-05-16,1456659,Good,5,Diesel,140739,No,216772
Audi,2016-07-07,664759,Good,4,Hybrid,58010,No,55866
Hyundai,2021-12-14,996388,Poor,1,Hybrid,153818,No,86453
BMW,2022-02-27,740896,Poor,2,Diesel,57440,Yes,88404
Maruti,2024-12-11,1319527,Excellent,3,Hybrid,16544,No,650117
Maruti,2024-12-21,853881,Good,1,Electric,16433,No,415891
Mahindra,2024-11-22,1477383,Poor,3,Electric,30376,Yes,328251
BMW,2016-08-23,2024004,Average,5,Petrol,95857,No,96536
BMW,2017-04-07,813968,Excellent,5,Hybrid,179620,Yes,50000
Toyota,2024-10-18,1768190,Average,4,Petrol,171211,Yes,191597
Ford,2018-02-20,2880777,Poor,1,Diesel,199435,No,86699
Audi,2024-02-28,1376147,Excellent,5,Electric,33933,No,528959
Audi,2021-07-13,2700428,Good,1,Diesel,147173,Yes,321643
Maruti,2016-12-07,510603,Average,5,Diesel,166727,No,50000
Kia,2020-08-05,731009,Average,5,Hybrid,67143,Yes,77773
Tata,2024-02-13,2208299,Poor,3,Petrol,180711,Yes,157604
Maruti,2019-04-30,625904,Excellent,1,Electric,166344,Yes,61960
Mahindra,2024-05-06,2517129,Good,2,Diesel,93556,No,675644
Toyota,2022-07-23,889721,Good,2,Electric,121778,Yes,157236
Maruti,2016-10-11,2840205,Average,3,Electric,97367,No,187738
Kia,2024-02-01,951149,Good,1,Diesel,153148,Yes,164925
BMW,2022-07-14,428450,Excellent,4,Diesel,69690,No,102585
Ford,2015-07-22,617324,Average,2,Petrol,178641,Yes,50000
Tata,2015-01-29,429756,Poor,2,Hybrid,77754,Yes,50000
Kia,2022-08-13,2138464,Good,1,Electric,117581,No,456672
BMW,2022-06-30,871350,Good,3,Electric,169792,Yes,105496
Audi,2024-02-26,352966,Average,5,Hybrid,82359,Yes,62614
Hyundai,2018-04-06,2180947,Average,4,Petrol,30018,No,190168
Honda,2024-01-30,1691816,Average,2,Hybrid,196531,No,186009
Maruti,2022-05-13,1041002,Excellent,5,Electric,137320,Yes,164415
Audi,2023-07-14,350302,Excellent,1,Hybrid,81550,No,117451
Mahindra,2020-10-18,2887308,Poor,1,Petrol,86033,No,265890
Honda,2016-03-15,1822277,Excellent,2,Hybrid,46641,No,204399
Maruti,2023-12-23,1275764,Excellent,2,Hybrid,129226,No,341434
Kia,2016-09-26,354344,Good,5,Diesel,173264,No,50000
Kia,2024-01-02,2290625,Poor,4,Electric,8395,Yes,449815
BMW,2022-07-18,1228554,Excellent,2,Electric,33704,No,431587
Tata,2024-09-22,2733590,Excellent,4,Hybrid,105338,No,842963
Maruti,2016-07-26,907440,Average,1,Electric,140879,Yes,50000
Hyundai,2024-08-09,394037,Good,5,Hybrid,26995,No,131064
Honda,2015-03-25,1036697,Average,1,Petrol,31344,Yes,58153
Ford,2017-08-01,2982003,Average,4,Diesel,95652,No,188817
Maruti,2018-06-24,2307492,Average,4,Electric,20328,Yes,235932
Mahindra,2015-05-08,1842791,Good,1,Electric,10749,No,191413
Honda,2022-10-11,2866993,Average,2,Petrol,71801,Yes,442911
Audi,2022-09-21,2753434,Poor,4,Diesel,15372,No,420086
Mahindra,2018-01-02,535295,Poor,1,Diesel,136875,Yes,50000
Tata,2016-01-30,2034841,Average,4,Electric,151701,Yes,74691
Audi,2020-01-29,2414812,Average,4,Petrol,106666,Yes,182304
Honda,2017-02-27,1282383,Poor,2,Diesel,45270,No,79187
BMW,2020-07-30,626309,Excellent,5,Electric,55737,No,123447
BMW,2017-09-08,1955089,Average,2,Petrol,172032,No,82247
Ford,2018-07-18,1950875,Poor,3,Hybrid,16217,Yes,152901
Hyundai,2022-02-22,1249830,Excellent,4,Electric,118305,No,251169
BMW,2022-06-04,2103474,Poor,4,Petrol,155977,Yes,129944
Audi,2018-04-05,1251832,Average,2,Petrol,180457,No,53993
Maruti,2018-12-10,1684018,Excellent,5,Diesel,73771,No,207842
Maruti,2015-10-14,2083948,Good,3,Hybrid,9906,No,197381
Tata,2024-10-26,2028466,Poor,4,Hybrid,127895,No,280737
Honda,2024-02-10,1323245,Excellent,1,Electric,39101,No,618455
Maruti,2018-03-19,1615394,Poor,3,Diesel,170643,Yes,51266
Maruti,2023-01-06,2153200,Good,4,Petrol,179378,Yes,204416
Toyota,2023-11-19,2685902,Poor,2,Diesel,12907,Yes,502153
Mahindra,2018-05-30,664067,Excellent,4,Petrol,185165,Yes,50000
Hyundai,2021-05-10,985337,Average,2,Electric,154845,No,103683
Audi,2016-08-26,1795596,Average,5,Electric,21898,Yes,127673
Maruti,2024-09-08,966048,Excellent,2,Diesel,165026,Yes,193577
Ford,2016-12-30,2143958,Poor,5,Electric,62182,Yes,103413
Audi,2023-06-04,389457,Average,1,Diesel,34347,No,97495
Mahindra,2022-02-20,477596,Excellent,3,Hybrid,65075,No,123557
Toyota,2024-10-23,1998714,Excellent,2,Hybrid,117795,No,653739
BMW,2023-09-10,2077812,Average,2,Electric,189280,No,243822
Toyota,2022-03-09,1461586,Good,2,Electric,49742,No,379322
Honda,2022-02-16,1929188,Poor,5,Diesel,197999,No,90131
BMW,2017-12-07,1129255,Average,5,Diesel,60344,Yes,75198
BMW,2018-01-30,312665,Poor,3,Petrol,142890,Yes,50000
Kia,2019-04-17,449355,Poor,5,Electric,122447,No,50000
Maruti,2015-03-22,1056272,Excellent,5,Hybrid,140442,Yes,50000
Audi,2018-02-27,776506,Good,2,Petrol,151043,No,51313
Toyota,2020-11-15,2910857,Poor,2,Hybrid,113456,No,256918
Tata,2019-07-17,662007,Average,4,Petrol,68551,Yes,54830
Tata,2023-09-23,491880,Excellent,5,Hybrid,35209,No,165061
BMW,2016-11-04,691999,Excellent,4,Petrol,59841,No,63927
Honda,2018-06-18,708976,Average,2,Diesel,181791,Yes,50000
Toyota,2023-05-22,2421102,Poor,5,Electric,21111,Yes,387161
Maruti,2019-12-10,2822873,Good,3,Hybrid,132050,No,304293
Tata,2023-09-17,1723598,Good,3,Electric,33571,No,578151
Audi,2023-06-30,1538718,Average,3,Petrol,160779,Yes,154391
Hyundai,2019-09-20,1233659,Poor,1,Petrol,189320,Yes,50000
Ford,2022-10-05,2059366,Excellent,5,Electric,115492,Yes,393499
BMW,2022-11-13,2260300,Good,1,Diesel,114619,Yes,405825
Maruti,2023-01-04,1873900,Average,4,Diesel,152686,Yes,186064
Hyundai,2015-05-01,453079,Excellent,1,Hybrid,58584,No,50000
Maruti,2022-08-10,1948176,Poor,3,Hybrid,33095,Yes,278064
Ford,2018-08-29,2282165,Excellent,5,Petrol,124112,Yes,175705
Audi,2016-03-07,2239379,Average,5,Electric,23721,Yes,146522
Mahindra,2017-02-10,2614752,Excellent,2,Diesel,110476,No,238448
Kia,2023-08-03,2444341,Average,5,Petrol,149970,Yes,238518
Hyundai,2017-05-22,1318435,Excellent,2,Hybrid,156649,No,101465
Honda,2024-07-14,574358,Poor,3,Hybrid,157238,Yes,59991
Audi,2021-09-05,1459513,Excellent,4,Petrol,134546,Yes,183529
Toyota,2015-11-09,2560236,Excellent,3,Petrol,194816,Yes,84056
Honda,2021-02-16,2440128,Average,4,Hybrid,66109,No,335766
Mahindra,2018-12-02,1573795,Poor,5,Diesel,41448,No,110601
Audi,2019-02-06,1255399,Average,2,Electric,29801,Yes,153342
Audi,2017-02-10,1988640,Poor,4,Hybrid,61390,Yes,98057
Toyota,2022-12-09,635880,Poor,1,Hybrid,128930,Yes,68212
Maruti,2022-01-26,2405805,Good,2,Diesel,63300,No,511418
Toyota,2018-09-23,462135,Good,3,Electric,52973,No,63914
Maruti,2018-05-13,1784837,Poor,3,Hybrid,111104,No,100464
Mahindra,2015-07-16,2017081,Average,2,Electric,9730,Yes,148301
Kia,2017-08-31,1948952,Excellent,5,Electric,116775,Yes,161478
Ford,2023-12-06,2223339,Good,1,Hybrid,53801,No,746817
BMW,2017-07-15,2807676,Average,5,Petrol,39866,No,197301
BMW,2015-09-05,1480048,Poor,2,Electric,99919,Yes,57547
Toyota,2015-11-28,2586625,Excellent,4,Hybrid,109610,Yes,167324
Tata,2016-09-06,2060390,Excellent,1,Petrol,187489,No,102187
Mahindra,2015-02-09,1168131,Poor,3,Diesel,29419,Yes,50000
Audi,2019-03-18,2863792,Excellent,1,Diesel,197244,No,209627
Audi,2022-09-10,1929541,Excellent,1,Petrol,186481,Yes,230925
Hyundai,2024-07-24,957825,Good,1,Electric,65373,No,361064
Hyundai,2020-02-24,1998192,Poor,3,Petrol,97659,Yes,126835
Toyota,2023-04-10,1258940,Excellent,4,Petrol,130848,No,233025
Kia,2022-12-22,587144,Average,2,Petrol,77459,No,101487
Mahindra,2015-01-02,2875503,Average,5,Diesel,27719,No,150110
Audi,2021-08-07,665978,Good,2,Hybrid,182283,No,69564
Tata,2019-04-01,1896588,Average,3,Diesel,47489,Yes,185376
Tata,2020-09-13,1672969,Excellent,5,Electric,89813,No,289487
Tata,2019-04-19,1932389,Excellent,5,Hybrid,118572,Yes,194557
Audi,2020-08-18,1651528,Average,1,Hybrid,181666,Yes,112262
Mahindra,2019-02-19,1136297,Average,2,Diesel,140535,No,80773
Maruti,2017-07-16,1017674,Excellent,3,Hybrid,131059,No,89610
Kia,2024-06-02,703547,Average,2,Diesel,176571,Yes,82276
Ford,2015-05-03,1538315,Poor,4,Diesel,64853,Yes,52492
Audi,2021-06-28,1493383,Poor,1,Petrol,5901,Yes,190411
Kia,2018-04-23,548661,Excellent,4,Diesel,30126,No,77439
Kia,2019-01-06,2970687,Poor,2,Electric,180197,Yes,119011
Tata,2017-11-05,1387279,Good,3,Electric,122043,Yes,107780
Mahindra,2020-04-27,441950,Average,2,Electric,142637,No,50000
Tata,2021-01-01,701456,Poor,1,Hybrid,35472,No,94369
Audi,2022-10-31,2786585,Excellent,2,Electric,121459,No,687740
Mahindra,2015-06-30,966699,Excellent,4,Petrol,18721,No,83980
Tata,2021-12-17,451998,Good,5,Petrol,92718,No,64965
Tata,2023-04-19,442182,Good,2,Hybrid,185130,Yes,53459
Maruti,2021-02-23,851810,Average,5,Hybrid,105274,No,92130
Hyundai,2021-03-31,2215105,Poor,2,Diesel,95361,Yes,192259
Toyota,2022-10-09,2188331,Poor,1,Petrol,106907,No,250706
Honda,2016-04-28,2750947,Average,3,Diesel,168538,No,96676
Kia,2019-07-09,994507,Average,5,Petrol,126856,No,64209
Hyundai,2024-06-29,2503027,Average,1,Petrol,125185,Yes,412232
Ford,2024-10-03,1855729,Average,1,Petrol,186348,Yes,207373
Honda,2021-10-30,1508357,Poor,1,Petrol,39172,Yes,180246
Kia,2019-06-09,2971597,Good,4,Hybrid,102137,Yes,295538
Audi,2015-12-28,2554167,Good,4,Petrol,124371,No,125145
Mahindra,2023-07-03,2023974,Average,5,Diesel,128915,Yes,237994
Tata,2023-03-20,1948194,Average,1,Hybrid,175660,Yes,211849
Maruti,2019-02-09,2074948,Excellent,4,Diesel,164169,Yes,151082
Mahindra,2020-09-22,1612792,Excellent,5,Petrol,142687,Yes,155432
Kia,2018-05-30,838281,Good,5,Hybrid,95157,No,76380
Maruti,2021-10-20,889743,Excellent,1,Petrol,93694,No,186053
Ford,2024-06-07,2941164,Excellent,1,Hybrid,122065,Yes,836965
Hyundai,2017-02-20,1917893,Excellent,2,Electric,166546,No,140199
Hyundai,2023-02-09,771619,Good,4,Hybrid,82223,No,170508
Hyundai,2021-04-05,930182,Average,4,Petrol,16033,Yes,125020
Mahindra,2023-11-22,2494402,Good,1,Hybrid,142607,Yes,479082
Honda,2017-03-19,2967617,Average,3,Petrol,49610,No,214261
Honda,2023-11-08,1111313,Excellent,5,Petrol,188204,Yes,126558
Audi,2022-05-03,2189191,Average,1,Electric,29026,No,530896
BMW,2024-09-12,2404227,Good,1,Petrol,49281,No,815513
Kia,2021-08-31,1360163,Excellent,4,Hybrid,26474,No,358255
Audi,2018-09-23,419825,Poor,1,Petrol,163695,Yes,50000
BMW,2020-04-01,1542801,Average,3,Hybrid,196726,Yes,77429
Tata,2024-04-16,2751720,Poor,2,Hybrid,155779,Yes,294576
Tata,2019-11-18,1657467,Poor,5,Diesel,55848,Yes,115740
Ford,2018-10-24,2350566,Poor,1,Diesel,178066,Yes,86133
Toyota,2020-04-11,1936167,Good,3,Hybrid,122563,Yes,209621
Tata,2019-12-14,2410104,Poor,3,Hybrid,77467,Yes,186216
Maruti,2021-07-16,1178570,Average,5,Petrol,114362,Yes,101990
Maruti,2018-04-04,1549538,Excellent,3,Hybrid,78913,No,200652
Honda,2017-01-04,2349521,Poor,2,Hybrid,109715,Yes,101571
Audi,2022-03-27,2071422,Excellent,3,Hybrid,135033,No,382220
Toyota,2018-08-20,1469625,Average,1,Diesel,54704,No,155918
Maruti,2016-02-09,1981662,Good,2,Electric,11801,No,220409
Ford,2024-09-22,738859,Poor,2,Petrol,12267,No,164675
BMW,2015-01-06,2794602,Poor,3,Petrol,61910,No,100638
Ford,2023-02-20,2790310,Excellent,5,Hybrid,35952,No,848485
Tata,2024-09-04,2713266,Poor,3,Petrol,20215,Yes,497364
Maruti,2015-06-21,1640572,Average,4,Electric,41205,Yes,95155
Kia,2018-09-16,1105483,Average,5,Hybrid,96747,Yes,75539
Hyundai,2022-12-18,2049925,Average,3,Hybrid,180215,No,206127
Maruti,2017-11-05,648890,Poor,1,Diesel,161635,No,50000
Honda,2024-04-02,1135438,Excellent,1,Electric,48424,No,523701
Tata,2024-07-07,1094380,Good,1,Petrol,22824,No,398323
Maruti,2022-04-25,2083174,Good,5,Petrol,49134,No,383794
Honda,2020-07-12,342764,Poor,3,Diesel,175831,Yes,50000
Maruti,2016-02-29,2652297,Good,2,Electric,199943,No,103334
Honda,2019-01-12,2607315,Excellent,4,Electric,52112,No,430880
Audi,2015-04-18,2201252,Average,5,Petrol,161016,No,57391
Ford,2023-05-15,360763,Average,4,Petrol,79761,Yes,52985
BMW,2019-11-01,1195815,Poor,1,Petrol,114469,No,81635
Honda,2019-04-17,363574,Poor,2,Diesel,142393,Yes,50000
Honda,2017-09-21,2721369,Average,2,Petrol,116717,No,164921
Kia,2017-07-12,1793696,Average,4,Electric,47676,Yes,141776
Audi,2018-12-29,1893495,Excellent,4,Petrol,140148,No,165143
Audi,2019-01-10,505584,Excellent,3,Petrol,52962,No,72540
Mahindra,2017-03-03,872489,Excellent,3,Diesel,84761,No,86409
Audi,2020-09-18,823466,Good,2,Petrol,32329,No,148211
Mahindra,2023-06-24,2848254,Poor,5,Electric,13148,Yes,475406
Honda,2020-12-21,1853642,Poor,4,Petrol,68504,Yes,145368
Tata,2023-12-28,2248728,Poor,5,Hybrid,59600,No,357511
Audi,2024-12-10,2438333,Excellent,5,Hybrid,18123,No,1061437
Honda,2018-07-25,585721,Poor,1,Hybrid,188094,No,50000
Hyundai,2018-04-22,2989805,Good,3,Diesel,26564,No,377092
Honda,2017-02-26,1777129,Excellent,1,Electric,67386,No,238992
Audi,2017-03-02,2326044,Good,2,Electric,74399,No,240604
Hyundai,2021-07-02,1214766,Average,5,Electric,154767,No,110272
Mahindra,2017-01-29,1195043,Average,2,Hybrid,195346,No,50000
Honda,2024-07-21,675366,Poor,5,Petrol,163372,Yes,52672
Toyota,2016-05-02,2066044,Poor,4,Petrol,40568,No,94896
Hyundai,2018-09-25,657545,Average,5,Petrol,56591,Yes,50000
BMW,2020-06-16,2335230,Poor,4,Electric,177901,No,119857
Mahindra,2018-02-25,2181123,Excellent,1,Hybrid,181374,Yes,149001
Honda,2016-10-10,1673085,Good,1,Hybrid,133666,No,118614
Maruti,2017-06-18,1783759,Good,4,Petrol,125646,Yes,99223
Hyundai,2016-01-28,2539626,Good,4,Electric,146096,No,134246
Kia,2023-03-17,2620009,Good,4,Hybrid,192739,Yes,260782
BMW,2023-12-26,2764111,Excellent,2,Diesel,71101,No,930820
Maruti,2022-04-24,2777794,Poor,3,Petrol,61616,Yes,295298
Mahindra,2018-05-17,1349557,Average,3,Diesel,158920,No,71044
Ford,2023-03-26,600418,Average,2,Petrol,71922,Yes,99819
BMW,2020-05-20,926480,Excellent,2,Diesel,113192,No,141779
Kia,2023-08-20,1798846,Excellent,4,Electric,87966,No,537485
Kia,2023-01-16,2346291,Average,2,Hybrid,123457,No,371805
Toyota,2020-12-20,1801967,Poor,4,Electric,181289,No,97729
Toyota,2018-03-10,519042,Good,3,Electric,28695,No,72219
Kia,2018-01-25,2574813,Good,3,Petrol,44270,No,272702
Tata,2017-06-11,1023778,Average,3,Hybrid,129967,Yes,53596
Audi,2021-02-10,2466377,Excellent,2,Diesel,20691,No,635276
Audi,2021-01-25,389151,Good,5,Diesel,44895,No,63789
BMW,2021-10-16,2807513,Excellent,5,Hybrid,9770,No,753761
Mahindra,2018-02-18,2235617,Excellent,2,Electric,111600,Yes,244065
BMW,2019-01-11,2410001,Good,2,Diesel,193116,Yes,126955
Mahindra,2021-04-23,596531,Average,2,Petrol,83600,No,76485
Honda,2021-01-30,2683622,Average,3,Diesel,104177,No,304581
Honda,2020-03-28,559464,Average,2,Petrol,32068,Yes,67160
Ford,2016-04-10,2713940,Good,2,Diesel,108242,Yes,163886
Honda,2017-12-01,2813679,Excellent,2,Diesel,147192,Yes,212234
Mahindra,2020-05-02,923086,Good,3,Electric,153550,Yes,88464
Kia,2015-05-12,887390,Poor,3,Hybrid,129685,No,50000
Mahindra,2021-09-10,918003,Average,1,Electric,131964,Yes,111903
Maruti,2022-05-06,2965785,Good,5,Electric,169310,No,347344
Hyundai,2021-09-30,1003941,Good,3,Petrol,67860,No,175595
BMW,2022-03-22,1524824,Poor,5,Hybrid,134132,No,125453
Toyota,2021-03-24,2787450,Average,2,Hybrid,61123,Yes,400406
Ford,2016-02-21,1295330,Poor,4,Hybrid,110693,Yes,50000
Tata,2022-03-20,2008321,Poor,4,Hybrid,34792,No,280453
BMW,2019-01-23,2799436,Average,5,Petrol,139700,Yes,139810
Hyundai,2021-11-16,1018861,Poor,2,Petrol,118655,Yes,81028
Hyundai,2015-09-10,1306123,Average,5,Hybrid,177587,Yes,50000
Toyota,2022-02-10,611771,Good,5,Hybrid,126194,Yes,77715
Kia,2024-05-27,699847,Average,3,Petrol,97702,No,131435
Audi,2021-12-12,858899,Average,2,Diesel,45162,Yes,138724
Kia,2015-12-28,2432597,Good,5,Electric,145159,No,120092
Toyota,2023-05-16,2289877,Average,5,Electric,168233,Yes,230062
Hyundai,2015-07-22,1494614,Excellent,4,Electric,66565,No,132135
Tata,2021-03-14,2364796,Average,1,Petrol,31572,No,388910
Honda,2021-09-09,1340500,Poor,5,Hybrid,23656,Yes,151685
BMW,2024-04-27,2387047,Good,4,Petrol,199754,Yes,232901
Mahindra,2019-10-14,1500198,Excellent,3,Petrol,124585,No,172903
Audi,2022-08-14,653723,Excellent,4,Petrol,64852,No,151230
Kia,2017-12-16,2955028,Average,1,Diesel,138104,No,185368
Honda,2018-02-06,709503,Average,3,Diesel,129282,Yes,50000
Mahindra,2016-05-15,1015621,Average,5,Diesel,130464,No,50000
BMW,2016-07-22,1451623,Good,2,Petrol,48707,No,124719
Hyundai,2019-03-29,2914650,Excellent,5,Diesel,197529,Yes,153938
Toyota,2016-04-09,934445,Poor,4,Hybrid,164698,Yes,50000
Mahindra,2024-02-24,2699875,Excellent,4,Diesel,18048,No,1029159
Mahindra,2016-02-26,521177,Good,2,Diesel,52464,No,50000
Kia,2020-05-15,352536,Good,5,Electric,189712,No,50000
Toyota,2017-08-15,1338312,Excellent,1,Hybrid,178068,Yes,86196
Mahindra,2015-07-27,2849841,Poor,4,Petrol,69845,Yes,92262
Hyundai,2022-09-04,1062254,Average,3,Hybrid,140605,No,135641
Audi,2021-09-04,666632,Poor,1,Diesel,17290,No,100259
Kia,2016-01-01,2614977,Average,2,Diesel,132072,No,117568
Toyota,2023-07-22,900638,Good,3,Petrol,57611,No,220670
Honda,2019-07-21,2969252,Good,1,Electric,93738,No,435627
BMW,2017-02-11,2396611,Good,2,Petrol,20929,No,250415
Tata,2024-06-06,2429138,Excellent,4,Diesel,168721,No,451366
Kia,2021-11-20,1611544,Average,2,Petrol,76271,Yes,211200
Audi,2017-12-31,1849266,Average,2,Petrol,97408,No,129574
BMW,2017-01-30,1007841,Excellent,1,Hybrid,165946,No,72635
Maruti,2015-09-29,581668,Excellent,1,Electric,115921,Yes,50000
Honda,2021-06-11,583100,Poor,1,Electric,5222,No,99783
Tata,2019-07-05,1972054,Excellent,1,Electric,193345,Yes,160427
Honda,2017-03-08,1356336,Average,3,Petrol,170474,No,50410
Toyota,2017-01-21,2287688,Average,3,Petrol,186962,Yes,65427
Audi,2021-10-30,2730660,Good,5,Electric,95177,No,460968
Tata,2022-10-22,1457648,Good,1,Electric,184536,Yes,182940
Tata,2018-06-18,2154930,Excellent,3,Electric,156241,Yes,179399
Mahindra,2024-02-17,2404200,Average,5,Electric,83881,No,497979
Tata,2022-02-11,1680811,Average,2,Hybrid,187126,Yes,131790
Honda,2022-11-21,2830724,Good,4,Hybrid,132789,No,463470
Audi,2017-09-13,509527,Poor,3,Electric,104931,No,50000
Hyundai,2017-04-28,2979894,Good,4,Diesel,78845,No,244681
Toyota,2024-09-25,2767388,Excellent,3,Diesel,124259,No,765795
Tata,2018-06-12,2922782,Good,2,Petrol,161340,No,188398
Maruti,2015-03-13,1861165,Good,2,Hybrid,85832,No,124832
Toyota,2020-05-24,482191,Average,3,Electric,19616,Yes,71475
Tata,2017-03-19,428986,Excellent,5,Electric,60810,No,50000
Toyota,2016-05-26,1794278,Average,3,Hybrid,158879,No,73107
Hyundai,2023-07-09,1615853,Good,4,Petrol,89937,No,322177
Mahindra,2021-06-15,408859,Good,3,Hybrid,137642,No,54500
Mahindra,2016-10-31,2880720,Average,5,Hybrid,88085,Yes,151281
Toyota,2019-09-19,2262903,Excellent,3,Diesel,161461,No,218250
Kia,2015-09-27,1020889,Poor,1,Hybrid,100425,Yes,50000
Kia,2019-11-29,2229829,Poor,3,Electric,58829,Yes,197066
BMW,2018-09-18,1682004,Excellent,2,Hybrid,24757,No,308315
Tata,2015-12-10,2232122,Poor,1,Electric,12046,Yes,137222
Hyundai,2022-02-20,2329495,Good,5,Hybrid,58079,No,459708
BMW,2018-07-09,671199,Excellent,5,Electric,77374,No,86267
Audi,2018-11-29,1654337,Average,5,Diesel,95757,No,122290
BMW,2020-05-23,1127131,Excellent,1,Electric,154676,Yes,144261
Ford,2016-02-13,2282144,Excellent,1,Diesel,197370,Yes,90832
Hyundai,2022-06-30,418137,Good,5,Diesel,51515,No,84192
BMW,2020-06-14,1411160,Poor,5,Petrol,170656,Yes,53475
Hyundai,2024-08-08,992657,Poor,2,Hybrid,161002,Yes,107750
Ford,2016-07-05,1979427,Average,5,Electric,177356,Yes,60648
Mahindra,2017-07-21,373710,Good,4,Diesel,159379,No,50000
Tata,2022-07-10,1781849,Poor,4,Hybrid,127766,Yes,152873
BMW,2023-02-02,1381703,Average,2,Petrol,96597,Yes,200167
Kia,2024-07-02,2072488,Poor,2,Electric,128092,Yes,290785
Maruti,2020-05-10,754499,Poor,4,Petrol,156044,Yes,50000
Ford,2019-03-26,1411359,Poor,3,Petrol,30709,Yes,102706
Ford,2015-03-08,1274961,Average,4,Electric,194731,No,50000
Hyundai,2022-05-11,1154369,Poor,5,Petrol,112997,Yes,86220
Maruti,2017-10-20,1983458,Excellent,5,Diesel,144678,Yes,125688
Tata,2022-12-01,2642671,Excellent,2,Petrol,24583,No,840081
Kia,2015-10-29,576087,Average,5,Petrol,66615,No,50000
Kia,2016-12-14,2714721,Good,4,Petrol,42518,No,228090
Toyota,2024-11-20,1175295,Good,2,Hybrid,160289,Yes,223844
Mahindra,2016-08-26,2274901,Average,4,Diesel,83485,Yes,118062
BMW,2021-12-16,344686,Poor,5,Petrol,150877,Yes,50000
BMW,2020-06-28,2366935,Average,4,Petrol,125622,No,191532
Hyundai,2020-02-21,422360,Average,4,Diesel,122011,Yes,50000
Ford,2015-01-02,2658548,Average,4,Hybrid,126238,Yes,90339
Toyota,2023-03-30,1014805,Good,1,Hybrid,163480,Yes,152127
Tata,2016-08-22,1496635,Excellent,3,Diesel,114310,No,117344
Kia,2023-10-02,2587548,Average,4,Petrol,74576,No,460001
Ford,2015-01-01,2628471,Excellent,3,Hybrid,163399,No,123855
Kia,2020-01-30,2100874,Good,1,Electric,173122,No,206612
Audi,2015-12-12,859544,Average,4,Hybrid,80982,No,50000
Maruti,2016-01-17,1061642,Average,1,Diesel,190426,Yes,50000
Honda,2019-05-20,2576197,Average,3,Hybrid,90850,Yes,227374
Honda,2017-02-23,1962095,Poor,2,Diesel,28883,Yes,115852
Hyundai,2021-06-10,2326271,Poor,4,Hybrid,182195,Yes,114494
Audi,2020-09-04,1324414,Excellent,3,Electric,170896,No,157729
Maruti,2024-07-18,1576608,Poor,1,Electric,191356,Yes,148212
Tata,2019-11-19,504977,Poor,4,Petrol,24558,No,50000
Tata,2024-03-17,1636092,Average,3,Electric,197950,Yes,164123
Tata,2015-11-27,1131088,Average,3,Diesel,100720,No,56287
Maruti,2024-12-03,1864416,Excellent,5,Petrol,150068,Yes,338903
Honda,2024-01-22,1952532,Poor,4,Hybrid,85054,Yes,268380
Audi,2020-12-14,2715315,Good,2,Petrol,73406,No,430057
Ford,2016-03-13,455696,Good,1,Electric,111157,Yes,50000
Hyundai,2022-09-24,1421496,Excellent,4,Diesel,23277,No,422267
Honda,2024-07-13,2782572,Excellent,2,Hybrid,67061,No,1111880
Maruti,2023-03-05,2560322,Good,5,Petrol,164664,Yes,263390
Hyundai,2019-06-16,1707217,Good,3,Petrol,33928,No,235770
Honda,2022-07-12,857157,Good,1,Petrol,196197,No,84565
Ford,2024-08-29,1546202,Good,5,Hybrid,24035,No,524521
Toyota,2019-02-06,1764082,Average,1,Diesel,62418,Yes,175974
Tata,2020-07-13,2247992,Poor,5,Hybrid,141571,Yes,120798
Mahindra,2020-09-09,642359,Average,2,Hybrid,164874,Yes,50000
Kia,2024-01-11,429361,Average,1,Diesel,117915,Yes,73161
BMW,2022-09-23,2869189,Good,4,Electric,171471,Yes,336343
Maruti,2024-03-16,1902253,Average,2,Electric,77372,Yes,439224
Maruti,2023-01-29,1274316,Poor,2,Petrol,180896,Yes,80930
Mahindra,2016-04-13,1792032,Excellent,5,Electric,97503,No,145611
Ford,2024-02-29,1771455,Average,1,Petrol,107278,No,338624
Kia,2024-01-15,1410340,Good,2,Diesel,31156,No,469004
Tata,2015-12-05,588948,Excellent,5,Hybrid,109548,Yes,50000
Kia,2023-10-14,2298637,Average,5,Petrol,196626,Yes,159582
Mahindra,2017-07-30,1062188,Good,3,Hybrid,105884,Yes,81104
Toyota,2020-08-30,2592404,Good,1,Petrol,131052,No,307392
Kia,2024-10-11,1625842,Excellent,4,Diesel,87704,No,516963
Toyota,2024-03-05,1142667,Excellent,1,Diesel,35825,No,482269
Hyundai,2020-06-07,599676,Poor,5,Electric,47087,Yes,53788
Tata,2023-05-19,1366191,Good,2,Petrol,7447,No,414478
Ford,2024-08-09,1276739,Excellent,4,Hybrid,31145,No,533219
Toyota,2016-09-04,1991639,Poor,5,Diesel,41129,No,97316
BMW,2016-01-31,2997454,Good,5,Petrol,32484,No,213755
Hyundai,2023-11-13,2903053,Poor,3,Petrol,140174,Yes,266453
Kia,2018-10-10,1677397,Excellent,4,Hybrid,50339,No,251993
BMW,2021-11-11,1325563,Poor,5,Electric,156116,No,94822
Audi,2020-05-24,1099881,Good,2,Diesel,10125,No,218036
Audi,2015-03-26,2586926,Average,2,Electric,50685,Yes,155415
Kia,2016-06-17,1722632,Average,2,Electric,84176,Yes,109415
Maruti,2021-12-03,1513787,Good,4,Electric,17517,No,380176
Hyundai,2021-09-23,403061,Average,3,Diesel,90606,No,54336
Honda,2015-02-02,1598528,Average,4,Diesel,164402,Yes,50000
Tata,2020-09-19,2641110,Excellent,5,Diesel,56255,No,468879
Mahindra,2020-12-10,2858273,Excellent,1,Diesel,87304,No,574074
Hyundai,2021-02-21,2183242,Good,5,Electric,109559,No,306443
Maruti,2015-06-11,340221,Good,3,Petrol,142488,Yes,50000
Honda,2016-04-01,1033289,Excellent,2,Hybrid,49694,No,115374
Kia,2023-09-25,1890033,Excellent,3,Petrol,101497,Yes,421609
Ford,2020-05-19,1258901,Poor,1,Hybrid,46309,Yes,132130
BMW,2020-08-29,2150281,Poor,2,Hybrid,37594,Yes,232071
Ford,2018-12-31,1456064,Good,1,Diesel,172533,No,106465
Tata,2021-11-04,932813,Good,2,Diesel,28818,No,218938
Maruti,2015-02-05,453807,Excellent,3,Diesel,117586,Yes,50000
Tata,2021-06-11,827207,Average,5,Hybrid,106320,Yes,84035
Kia,2019-09-17,2639038,Average,4,Petrol,130678,Yes,164381
Kia,2024-03-18,1772763,Excellent,4,Petrol,10504,No,654246
Maruti,2017-10-18,1113386,Excellent,1,Petrol,197319,No,60407
Hyundai,2019-03-14,1487188,Average,2,Diesel,179106,Yes,72873
BMW,2022-02-02,2906845,Poor,3,Electric,175983,Yes,188297
Ford,2023-08-06,1968299,Poor,5,Diesel,100816,No,227976
Tata,2017-02-19,1269014,Good,5,Petrol,23523,No,111016
Kia,2023-11-03,2699849,Average,3,Hybrid,50334,No,652488
Toyota,2017-08-14,2456994,Excellent,5,Hybrid,140584,No,183825
Maruti,2015-08-18,377492,Excellent,1,Hybrid,196221,No,50000
Ford,2016-05-12,656184,Excellent,2,Hybrid,100789,No,59386
Toyota,2019-04-30,943128,Average,1,Petrol,107328,Yes,73891
Hyundai,2019-10-13,2436714,Excellent,1,Petrol,148737,No,268961
Toyota,2022-12-25,324899,Average,3,Electric,30534,Yes,70497
Mahindra,2022-04-30,316070,Excellent,5,Electric,16769,No,96011
Hyundai,2023-02-26,1952609,Average,5,Petrol,156979,No,188105
Tata,2016-11-17,1481549,Poor,5,Hybrid,119198,Yes,50163
Honda,2021-03-08,1610497,Excellent,5,Electric,69778,No,330123
Maruti,2017-04-29,2678700,Good,5,Hybrid,32261,No,267444
Honda,2024-05-01,538880,Poor,5,Electric,166182,Yes,50000
Audi,2018-04-17,2755092,Poor,1,Diesel,22726,No,234388
Audi,2023-07-14,563679,Good,4,Petrol,53174,No,132352
Kia,2019-10-16,701962,Good,4,Diesel,19771,No,109083
Audi,2019-01-06,2112557,Poor,2,Petrol,144351,Yes,90552
Ford,2015-10-23,619060,Good,4,Electric,102074,No,50000
Ford,2022-05-19,712872,Good,4,Diesel,94670,No,123688
Toyota,2020-07-30,1838450,Good,1,Hybrid,138769,No,234495
Toyota,2020-09-25,2911502,Poor,1,Electric,144838,Yes,210320
Maruti,2021-10-07,1185994,Poor,5,Electric,74986,No,130623
BMW,2023-11-29,1555570,Excellent,3,Electric,151409,No,360747
Ford,2022-10-03,545332,Poor,5,Petrol,117605,Yes,50000
BMW,2024-12-06,2537018,Good,4,Electric,42604,No,947044
Ford,2017-07-14,1177362,Excellent,1,Electric,78336,No,160442
Honda,2015-09-12,1217289,Average,5,Petrol,106508,Yes,50000
Ford,2018-09-09,1740607,Average,5,Electric,28944,Yes,168003
Ford,2021-02-01,1613951,Excellent,1,Petrol,40251,No,378299
Kia,2017-12-06,1611969,Good,4,Diesel,40517,No,171434
Ford,2021-05-03,2523047,Poor,3,Electric,190792,No,141482
Maruti,2015-04-27,1621981,Average,3,Petrol,153139,Yes,50000
BMW,2018-12-21,517499,Excellent,3,Petrol,66949,No,69425
Honda,2018-05-13,450396,Good,3,Electric,154603,Yes,50000
BMW,2023-07-24,1605352,Excellent,3,Hybrid,197229,Yes,206027
Honda,2019-12-08,516553,Average,3,Diesel,189043,Yes,50000
Hyundai,2016-11-26,1008087,Poor,2,Hybrid,119149,Yes,50000
Toyota,2024-01-11,2793587,Good,4,Hybrid,122709,Yes,525284
Maruti,2016-03-11,2909789,Poor,3,Hybrid,57613,No,147643
Kia,2023-06-15,2620935,Average,3,Electric,33796,Yes,606527
Honda,2021-04-18,2149223,Excellent,3,Hybrid,176445,No,254955
Toyota,2022-09-02,1490171,Excellent,4,Electric,145831,Yes,249101
Maruti,2015-08-15,2890514,Excellent,3,Hybrid,197374,No,113159
Ford,2024-10-15,2552625,Good,5,Hybrid,22009,No,890737
Honda,2015-12-05,674567,Good,3,Diesel,50547,No,52713
Audi,2018-07-16,1315795,Poor,1,Petrol,141964,Yes,55785
Mahindra,2015-01-11,2044050,Excellent,1,Electric,64120,No,197224
BMW,2021-11-28,1836845,Excellent,1,Petrol,179478,No,228318
Kia,2020-01-04,2289855,Good,4,Diesel,74753,No,296394
Hyundai,2015-09-12,2388918,Poor,2,Petrol,117260,No,77869
Toyota,2021-11-07,319779,Excellent,3,Hybrid,54852,No,82386
Kia,2016-09-14,944274,Excellent,2,Petrol,17582,No,112076
Toyota,2024-05-17,2971830,Poor,5,Electric,173188,No,281966
Hyundai,2022-01-27,1467022,Average,2,Diesel,90930,No,220459
Honda,2020-11-11,1646059,Excellent,3,Hybrid,113077,Yes,247810
Hyundai,2018-12-28,1020769,Average,4,Petrol,108938,No,70908
Hyundai,2022-06-29,2324773,Poor,5,Diesel,11024,No,326480
Hyundai,2015-10-10,659898,Excellent,2,Diesel,122750,Yes,50000
Audi,2020-09-27,722546,Average,3,Diesel,88239,No,83880
Kia,2023-11-28,553772,Average,2,Electric,70174,No,139716
BMW,2017-01-24,1848948,Average,1,Petrol,22221,Yes,144577
Maruti,2017-07-18,1896048,Good,1,Electric,132128,Yes,147019
Tata,2017-12-03,650063,Excellent,1,Petrol,139593,Yes,50614
Hyundai,2019-06-29,2901471,Average,1,Petrol,167344,Yes,160750
Toyota,2022-10-07,1481335,Poor,5,Petrol,6107,Yes,185811
Ford,2016-01-21,2308665,Average,4,Diesel,85895,Yes,107520
Maruti,2015-02-23,1601361,Excellent,2,Electric,102645,Yes,112666
Hyundai,2024-12-25,2035782,Excellent,2,Electric,108560,No,764485
Audi,2021-09-11,2992189,Good,5,Diesel,71084,No,487367
Audi,2016-04-12,2045653,Good,1,Diesel,194283,No,79723
Ford,2016-09-29,1927836,Average,3,Electric,51368,Yes,139972
Tata,2018-10-03,2229147,Poor,4,Diesel,123559,No,110593
Hyundai,2018-08-26,1454323,Excellent,1,Electric,48448,No,269711
Ford,2018-06-27,1313697,Good,3,Electric,198027,Yes,64907
Audi,2017-12-30,1341634,Poor,3,Hybrid,67122,Yes,78937
Toyota,2024-11-09,462127,Average,3,Hybrid,195048,Yes,50000
BMW,2022-02-05,2331284,Average,4,Petrol,136821,Yes,206336
Audi,2021-08-13,1229208,Good,3,Petrol,108475,No,173629
Hyundai,2018-11-23,679248,Good,3,Diesel,197157,No,50000
Ford,2023-08-07,2397180,Good,5,Diesel,128208,No,399290
Audi,2020-08-08,1950045,Poor,4,Electric,109534,Yes,143872
Mahindra,2022-03-26,2872464,Average,2,Hybrid,124112,Yes,357749
Mahindra,2018-01-24,1751665,Good,4,Diesel,183708,Yes,76798
Maruti,2019-04-21,1075621,Excellent,3,Electric,108797,No,151715
BMW,2020-05-01,1436109,Average,3,Hybrid,11811,No,226479
Mahindra,2021-09-18,2798939,Excellent,1,Electric,128529,Yes,524108
Tata,2023-06-03,483173,Poor,4,Diesel,80644,Yes,57278
Honda,2021-11-24,387142,Poor,5,Electric,199662,Yes,50000
Kia,2016-11-10,1174419,Average,5,Hybrid,179780,Yes,50000
BMW,2017-11-25,597198,Good,2,Diesel,133526,Yes,50000
Tata,2016-01-18,2293499,Excellent,2,Petrol,121644,Yes,139041
Honda,2023-02-27,2480272,Poor,1,Hybrid,165443,Yes,216865
Mahindra,2023-04-05,916085,Excellent,5,Petrol,44098,No,240899
Mahindra,2019-06-26,2597825,Average,2,Hybrid,12842,No,375344
Mahindra,2017-03-06,1910072,Average,2,Electric,11666,Yes,182136
Audi,2015-06-19,2370835,Poor,4,Electric,133757,No,73545
Maruti,2015-10-09,1800634,Good,3,Diesel,183814,Yes,57505
Mahindra,2023-12-05,1505416,Average,2,Petrol,82058,Yes,267787
Maruti,2017-04-01,1794469,Average,4,Diesel,83087,Yes,102810
Kia,2018-09-08,1873026,Good,5,Hybrid,103168,No,171531
Tata,2018-08-03,1318422,Average,4,Electric,7869,No,159265
Hyundai,2022-03-11,1502226,Excellent,2,Diesel,76384,No,369186
Toyota,2015-06-13,2795893,Poor,2,Hybrid,43613,Yes,126295
Maruti,2022-12-19,1894502,Excellent,3,Electric,56502,No,617445
BMW,2016-09-26,1610026,Poor,1,Petrol,148781,Yes,50000
Hyundai,2023-11-22,672122,Poor,5,Diesel,138986,No,66029
Mahindra,2019-11-08,1421786,Average,1,Diesel,177187,Yes,82865
Audi,2018-08-12,1349641,Poor,5,Diesel,168398,Yes,50000
Honda,2015-04-14,2253072,Excellent,2,Diesel,194257,Yes,76629
Maruti,2023-09-06,2286846,Good,2,Diesel,89084,No,562816
Tata,2020-08-12,1057049,Excellent,3,Petrol,173114,No,100853
BMW,2016-04-24,1682285,Average,2,Petrol,191935,Yes,50000
Toyota,2016-02-27,373779,Good,5,Diesel,155564,Yes,50000
Ford,2017-12-07,2177966,Average,3,Petrol,123073,No,124917
BMW,2022-02-01,1993637,Poor,2,Diesel,110870,Yes,183348
Tata,2024-09-04,674327,Good,4,Electric,38855,No,245026
Kia,2018-06-30,1380451,Average,1,Diesel,78242,Yes,116488
Maruti,2024-07-09,1413590,Poor,1,Petrol,67199,No,259512
Hyundai,2018-08-27,944148,Excellent,4,Hybrid,35367,No,147427
Toyota,2019-03-14,2214002,Good,2,Petrol,132584,Yes,175276
Tata,2016-04-27,2124039,Good,2,Petrol,150814,Yes,93843
Hyundai,2021-02-10,2891095,Average,5,Petrol,143253,Yes,197076
Tata,2024-03-23,1685731,Good,4,Electric,8648,No,634981
Honda,2021-07-04,1940530,Excellent,3,Electric,166852,Yes,245492
Maruti,2016-07-10,1621712,Average,3,Petrol,41123,No,108207
BMW,2022-09-27,1993948,Good,5,Electric,149678,Yes,257752
Hyundai,2021-08-22,735604,Good,2,Hybrid,196511,Yes,61202
Mahindra,2020-07-02,2252931,Excellent,3,Petrol,113625,No,310018
BMW,2023-10-04,2824915,Poor,3,Petrol,166667,Yes,212484
Tata,2023-08-15,1394154,Average,3,Petrol,137327,Yes,166832
BMW,2021-02-13,1351573,Excellent,2,Electric,197436,Yes,130566
Hyundai,2017-01-28,1799713,Excellent,1,Diesel,103364,Yes,160388
Tata,2015-11-18,1170694,Average,1,Diesel,16129,No,91840
Honda,2016-08-30,618462,Poor,2,Petrol,57116,No,50000
Ford,2024-02-09,1108707,Poor,1,Hybrid,124807,No,163672
Ford,2015-09-29,1126245,Average,5,Diesel,81452,No,53219
Honda,2022-06-06,574527,Good,3,Electric,191716,Yes,57232
BMW,2018-12-26,1655130,Average,1,Petrol,111258,Yes,120152
Audi,2023-10-10,666240,Good,4,Electric,81882,No,174570
Hyundai,2015-02-01,1195681,Average,4,Hybrid,34787,No,69830
Honda,2024-01-28,2924798,Excellent,2,Diesel,18777,No,1227988
BMW,2018-08-13,1253569,Excellent,2,Diesel,20114,No,215571
Ford,2016-04-05,2954655,Excellent,1,Hybrid,113383,Yes,233435
Maruti,2016-05-27,511559,Poor,5,Hybrid,163672,No,50000
Audi,2023-06-05,2440368,Average,5,Electric,143863,Yes,293126
Toyota,2021-07-08,2568309,Average,1,Diesel,78297,Yes,354228
Hyundai,2024-11-04,2218728,Poor,5,Hybrid,135625,No,277134
BMW,2023-10-30,2009851,Poor,5,Electric,152377,Yes,182767
Honda,2022-03-02,2516082,Average,3,Hybrid,27770,Yes,454596
Kia,2021-10-27,530725,Excellent,3,Hybrid,158852,No,78341
Maruti,2018-07-30,2577571,Excellent,4,Hybrid,16229,No,426243
Tata,2017-01-31,1014162,Average,5,Petrol,47501,No,64275
Tata,2015-12-29,1391766,Good,2,Petrol,160830,Yes,54377
Toyota,2016-08-22,1023339,Excellent,2,Electric,171140,Yes,59948
Kia,2017-06-15,2996833,Excellent,2,Hybrid,48129,No,409582
Maruti,2015-06-03,2120728,Excellent,4,Hybrid,56002,No,180464
Ford,2023-01-16,2321413,Good,5,Electric,20040,No,652435
Tata,2023-08-30,2620773,Average,5,Petrol,107915,No,368199
Tata,2018-07-10,2491356,Excellent,3,Petrol,140027,Yes,191941
Hyundai,2020-06-27,1531346,Average,4,Petrol,103331,Yes,125725
Kia,2023-12-09,2385182,Poor,5,Electric,60476,No,398055
Audi,2024-05-02,1498118,Average,2,Petrol,191961,No,156852
BMW,2015-07-28,742054,Poor,4,Electric,22900,No,50000
BMW,2022-08-17,782441,Poor,3,Electric,77487,No,110257
Toyota,2015-08-04,2282691,Poor,3,Petrol,53799,Yes,84002
Maruti,2023-06-28,1830104,Poor,3,Petrol,46197,Yes,250845
Toyota,2019-02-27,2476107,Average,5,Diesel,126386,Yes,145754
Tata,2015-03-20,2486306,Good,2,Hybrid,28354,No,212177
Ford,2024-05-20,1918820,Average,3,Petrol,8145,Yes,466452
Kia,2015-08-30,783276,Poor,2,Electric,196294,Yes,50000
Hyundai,2020-09-22,1315253,Poor,3,Hybrid,120229,No,103466
Tata,2016-07-06,1900722,Excellent,4,Diesel,124992,No,129904
Mahindra,2019-09-26,2354710,Excellent,4,Diesel,109055,Yes,266891
BMW,2021-05-14,1755642,Excellent,5,Diesel,83242,No,308020
Kia,2024-12-11,1505200,Average,1,Diesel,187795,Yes,183473
Kia,2015-11-12,2770561,Good,1,Diesel,11654,No,275232
Kia,2016-08-04,2115048,Good,5,Diesel,147420,No,100129
BMW,2020-03-22,462172,Average,1,Petrol,125169,No,50000
Honda,2024-06-11,2959517,Good,1,Petrol,184474,No,443798
Ford,2024-12-10,2012635,Poor,2,Electric,175809,No,243517
BMW,2018-10-04,1534002,Poor,4,Diesel,169086,Yes,50843
Toyota,2019-09-25,2441147,Excellent,3,Electric,172233,Yes,222070
Hyundai,2022-11-20,2174283,Poor,2,Electric,96690,No,308266
Kia,2021-04-23,458653,Good,1,Hybrid,90263,No,85708
BMW,2019-02-07,757059,Good,1,Petrol,118783,Yes,67233
Tata,2022-02-14,2427374,Good,5,Electric,154834,Yes,274132
Mahindra,2016-09-28,1132334,Poor,3,Petrol,99406,No,50000
Honda,2017-01-20,770696,Average,5,Diesel,120119,No,50000
Honda,2015-04-11,563233,Good,2,Hybrid,40393,No,50000
Tata,2021-01-01,1540373,Poor,4,Electric,99022,No,142193
Hyundai,2023-07-13,2331775,Poor,3,Petrol,11811,Yes,365341
Tata,2024-04-26,2046432,Good,3,Electric,85575,No,609854
Hyundai,2016-02-16,1473604,Average,3,Hybrid,17318,Yes,103529
Mahindra,2017-08-14,1002736,Poor,1,Diesel,194416,No,50000
Toyota,2020-01-09,2048688,Poor,1,Electric,199323,No,95031
Tata,2015-03-11,879756,Excellent,4,Electric,110557,Yes,53541
Hyundai,2023-07-08,495656,Average,4,Diesel,140369,Yes,57908
Audi,2021-07-28,2114962,Average,4,Electric,32157,Yes,342524
Mahindra,2019-12-09,1455063,Average,1,Hybrid,51242,No,206411
Maruti,2016-05-27,2229446,Excellent,5,Diesel,128703,No,137889
Mahindra,2021-10-15,2406045,Excellent,3,Electric,9359,No,772891
Toyota,2018-02-27,1897567,Good,3,Hybrid,40845,No,236206
Honda,2023-04-04,1655848,Average,5,Hybrid,169985,Yes,151631
BMW,2018-08-21,2512311,Average,5,Diesel,144283,No,135423
Hyundai,2016-07-13,736988,Good,4,Hybrid,20967,No,71608
Toyota,2017-04-20,1910589,Good,4,Diesel,133192,Yes,106116
Toyota,2017-06-10,981648,Poor,1,Diesel,13325,Yes,67661
Kia,2019-01-15,2165883,Excellent,1,Diesel,64345,No,353690
Toyota,2022-08-21,1618676,Excellent,4,Hybrid,95983,No,372457
Mahindra,2018-05-16,2704479,Poor,2,Electric,79228,No,199805
Mahindra,2024-01-14,2059906,Poor,3,Petrol,178216,No,164552
Kia,2019-04-09,2865471,Good,5,Electric,166150,No,208466
Maruti,2019-01-11,968890,Excellent,1,Diesel,186824,No,75851
Kia,2020-01-15,1502390,Average,1,Petrol,27293,Yes,187050
Mahindra,2015-04-30,2259747,Excellent,5,Petrol,135185,Yes,94825
Mahindra,2023-06-11,1216012,Poor,1,Hybrid,172369,No,117367
Ford,2021-04-05,1830133,Excellent,1,Electric,61577,No,491728
Honda,2019-05-28,1749647,Poor,1,Petrol,89589,No,126315
Toyota,2020-05-16,569276,Average,2,Hybrid,124689,No,58033
Audi,2019-01-19,2957532,Excellent,4,Electric,23131,No,547602
Ford,2020-11-24,2648719,Excellent,4,Petrol,90325,No,413094
Honda,2017-08-16,686926,Average,5,Electric,139820,Yes,50000
BMW,2016-03-10,2312606,Average,1,Petrol,144114,No,97783
Hyundai,2018-12-26,1524583,Poor,5,Petrol,70483,Yes,80751
Audi,2021-04-30,2026068,Poor,1,Electric,108377,Yes,199087
Kia,2023-12-28,2626683,Good,3,Electric,179523,Yes,375234
Kia,2018-07-08,2106097,Poor,3,Electric,154385,No,99547
Ford,2022-12-10,1348438,Average,1,Hybrid,38261,No,328023
Mahindra,2022-02-04,652659,Excellent,4,Petrol,100247,Yes,106021
Maruti,2021-04-16,1524469,Average,2,Electric,161527,Yes,136263
Audi,2021-08-14,1448121,Average,2,Electric,158136,No,155430
Maruti,2016-12-29,949911,Poor,2,Electric,102640,Yes,50000
Hyundai,2020-01-03,2655176,Good,4,Petrol,79347,No,314086
Honda,2021-02-23,2651971,Average,1,Petrol,14238,Yes,414352
Audi,2019-08-11,331492,Average,5,Electric,151364,Yes,50000
Ford,2019-03-31,2624307,Poor,2,Hybrid,22892,No,263997
Maruti,2016-03-30,2397408,Excellent,1,Diesel,183006,No,123362
Maruti,2024-09-20,1997082,Excellent,1,Electric,77823,No,877834
Maruti,2021-01-09,1091860,Poor,4,Petrol,22285,Yes,103595
Kia,2024-07-03,1645554,Excellent,1,Petrol,27293,No,705876
BMW,2018-05-22,1664201,Average,4,Electric,195272,No,69765
Audi,2021-04-24,390652,Good,3,Diesel,181034,Yes,50000
BMW,2016-04-07,558643,Average,4,Petrol,179327,Yes,50000
Audi,2022-05-08,2530637,Poor,3,Hybrid,144617,No,224064
Ford,2024-12-03,491894,Poor,5,Hybrid,112898,Yes,63760
Mahindra,2018-11-06,2381644,Poor,1,Hybrid,145968,No,131420
Toyota,2019-03-08,2981269,Poor,5,Hybrid,180984,Yes,96628
Audi,2020-08-01,2356845,Poor,1,Diesel,143565,Yes,147792
Mahindra,2016-02-22,377945,Good,1,Hybrid,87286,No,50000
Mahindra,2024-03-29,2913760,Average,4,Electric,61830,No,719690
Audi,2022-08-03,1825900,Excellent,4,Petrol,56194,No,435812
Audi,2024-12-06,713108,Good,4,Hybrid,160653,Yes,122070
Hyundai,2019-03-30,855665,Excellent,1,Hybrid,120377,No,117412
Hyundai,2021-08-18,1520707,Poor,2,Petrol,49161,Yes,160714
Tata,2016-04-07,768958,Average,1,Diesel,171935,No,50000
Honda,2023-03-15,2018011,Excellent,5,Electric,187327,Yes,252971
Mahindra,2020-05-11,934448,Good,1,Electric,86052,No,162164
Maruti,2015-10-25,1787333,Poor,1,Petrol,42661,Yes,79227
Hyundai,2016-05-15,358482,Excellent,5,Electric,145097,No,50000
Kia,2018-03-11,1864352,Average,3,Petrol,25743,No,172838
Hyundai,2018-11-04,1586863,Average,2,Hybrid,112888,Yes,121152
Hyundai,2024-09-15,2942915,Poor,1,Hybrid,50046,No,683328
Ford,2018-12-23,2121474,Good,5,Electric,95717,No,224595
Honda,2021-01-03,2569881,Good,3,Hybrid,197751,Yes,180572
Kia,2024-08-15,1975164,Excellent,1,Hybrid,99350,No,726222
Tata,2022-01-23,2048999,Poor,2,Hybrid,33031,Yes,282593
Audi,2016-06-16,1760168,Poor,5,Petrol,62074,Yes,64076
Ford,2017-07-29,317228,Poor,2,Hybrid,159754,No,50000
Toyota,2024-09-22,2381116,Average,4,Petrol,27532,Yes,539572
Hyundai,2015-11-14,628622,Excellent,3,Electric,15946,No,75366
Mahindra,2021-01-12,707547,Good,1,Petrol,190236,No,57883
Audi,2018-01-13,1135039,Good,3,Electric,58015,No,137392
Honda,2022-11-17,2649408,Poor,4,Petrol,7915,Yes,357393
Toyota,2024-01-22,1382059,Excellent,3,Petrol,80922,No,398628
Toyota,2015-12-01,390063,Good,1,Petrol,13698,No,50000
Audi,2021-12-10,2711196,Average,4,Petrol,29352,No,431138
Kia,2016-10-01,2437658,Average,4,Electric,43115,No,192065
Toyota,2016-10-26,2583293,Poor,2,Hybrid,49838,No,158126
Ford,2024-06-20,2399743,Poor,1,Diesel,195175,No,210750
Audi,2016-11-16,1873574,Excellent,2,Petrol,137080,Yes,118739
Ford,2020-06-17,847276,Poor,5,Petrol,154119,Yes,50000
Audi,2022-12-02,2615115,Excellent,3,Hybrid,59099,No,787628
Maruti,2018-01-30,751706,Excellent,4,Electric,52299,No,106361
Toyota,2018-03-03,2375961,Excellent,2,Hybrid,83720,No,313203
Ford,2018-08-03,2325062,Poor,2,Hybrid,39348,Yes,177936
Audi,2021-10-03,995389,Good,4,Hybrid,175602,Yes,90751
Ford,2015-11-14,964353,Poor,1,Diesel,131911,Yes,50000
Audi,2023-08-16,1822470,Average,3,Electric,192419,No,194680
Honda,2021-02-08,1602590,Excellent,2,Hybrid,31415,No,423023
BMW,2022-05-19,318009,Poor,1,Hybrid,142665,Yes,50000
Kia,2019-02-25,1074487,Poor,1,Electric,41789,Yes,99858
Tata,2020-02-05,1308100,Excellent,5,Electric,19911,No,273361
Ford,2019-12-16,1937907,Poor,5,Petrol,170999,Yes,67570
BMW,2024-07-03,547703,Poor,3,Hybrid,16222,Yes,113159
Audi,2022-11-25,2967923,Good,4,Diesel,69355,No,629508
Maruti,2017-07-20,352233,Poor,2,Hybrid,190244,Yes,50000
Audi,2021-06-19,1916739,Poor,2,Petrol,131574,Yes,132429
BMW,2021-01-06,2135663,Poor,4,Hybrid,67804,Yes,193363
Tata,2020-12-20,1369046,Average,1,Petrol,174156,Yes,91511
Honda,2018-07-10,755033,Poor,5,Diesel,38619,No,50287
Toyota,2024-01-12,1314977,Excellent,5,Electric,14105,No,531866
Ford,2018-10-23,2942793,Excellent,5,Diesel,52201,No,389419
Mahindra,2016-02-02,2381451,Average,1,Electric,106413,No,149361
Audi,2019-08-27,1422349,Poor,1,Diesel,48030,Yes,123479
Audi,2016-05-29,2541226,Good,5,Electric,34373,No,230389
Tata,2017-08-17,2768568,Average,4,Hybrid,8091,No,269023
Kia,2020-12-22,750620,Average,4,Diesel,136748,Yes,59330
Honda,2022-01-01,2213507,Excellent,3,Hybrid,47409,No,602158
Honda,2019-09-24,2174135,Good,1,Petrol,19169,No,368153
Maruti,2018-01-26,737527,Good,1,Hybrid,8691,No,113041
Hyundai,2021-04-30,1788547,Average,5,Diesel,107827,No,184315
Kia,2020-02-25,1751751,Good,1,Petrol,67556,No,262946
Audi,2024-12-24,2704589,Excellent,4,Hybrid,50221,No,1115411
Hyundai,2019-02-27,489768,Good,5,Diesel,107214,No,50000
Kia,2020-05-21,2261459,Average,1,Diesel,77240,Yes,260752
Mahindra,2020-08-04,502705,Average,5,Diesel,170727,No,50000
Audi,2018-10-17,1642624,Average,1,Diesel,168084,No,96172
BMW,2022-08-02,1403429,Average,4,Hybrid,18990,Yes,264630
Honda,2016-12-12,383265,Good,1,Diesel,142995,No,50000
Mahindra,2021-07-30,1115020,Excellent,4,Petrol,170786,No,119678
Tata,2024-04-25,1981350,Poor,1,Electric,112490,Yes,309668
Hyundai,2016-11-06,342931,Poor,2,Petrol,171927,Yes,50000
Audi,2020-11-16,614110,Excellent,2,Diesel,158990,No,76857
Hyundai,2024-03-13,1941097,Good,2,Diesel,112449,Yes,415888
Ford,2015-12-26,1881623,Average,1,Petrol,132312,No,82772
BMW,2018-05-10,2710104,Excellent,2,Electric,57248,No,439135
BMW,2023-04-11,1044280,Poor,3,Diesel,166604,Yes,77852
BMW,2015-06-08,1413246,Excellent,2,Petrol,42524,No,124381
Hyundai,2021-02-03,786114,Good,5,Petrol,173429,No,59910
Honda,2016-12-10,1402917,Good,3,Electric,100632,No,117137
Mahindra,2015-06-20,1226531,Good,3,Petrol,136634,No,54362
Tata,2020-02-18,1249821,Poor,5,Electric,64532,No,110424
Kia,2020-08-11,1613754,Poor,5,Diesel,171311,Yes,66894
Honda,2018-03-07,638362,Excellent,4,Diesel,29109,No,88567
BMW,2022-09-01,1739141,Good,5,Hybrid,80804,No,338871
Ford,2017-02-11,2640030,Excellent,4,Diesel,18275,No,320349
Kia,2020-09-10,1671008,Good,1,Hybrid,97097,No,273289
Toyota,2017-11-19,663224,Excellent,1,Electric,23388,No,119397
Tata,2021-06-08,627283,Average,3,Diesel,150690,Yes,51743
BMW,2015-07-07,2841263,Poor,2,Diesel,10236,Yes,137448
Ford,2023-04-27,1216729,Excellent,1,Diesel,35426,No,447398
Ford,2023-11-14,2291896,Average,5,Electric,160287,Yes,264759
Ford,2015-09-06,1963669,Average,2,Electric,23591,Yes,140700
Ford,2023-12-04,2609189,Good,5,Hybrid,33493,No,758298
Ford,2024-03-13,1375652,Poor,4,Hybrid,33611,No,266359
Toyota,2023-09-09,397281,Good,1,Diesel,21952,No,135860
Toyota,2016-09-14,1768740,Average,2,Diesel,167861,Yes,63144
Maruti,2020-02-12,682493,Excellent,5,Hybrid,180633,No,57386
Toyota,2017-09-26,2170139,Good,5,Petrol,65767,No,177315
Kia,2024-11-13,2515479,Excellent,3,Hybrid,144782,Yes,603224
BMW,2023-02-12,2599880,Poor,5,Diesel,91759,No,291221
Toyota,2022-01-15,2376327,Poor,3,Hybrid,168746,No,169008
Mahindra,2018-04-13,2998900,Excellent,4,Hybrid,94133,No,342881
Toyota,2018-02-05,1338704,Excellent,5,Electric,65707,No,169076
Hyundai,2021-01-27,1544878,Good,4,Petrol,149468,Yes,133483
Hyundai,2016-12-22,1783616,Poor,4,Hybrid,163861,Yes,50000
Hyundai,2023-08-28,2150971,Average,1,Electric,16324,No,676801
Audi,2017-03-19,1185426,Average,4,Electric,9933,No,113707
Maruti,2021-09-17,2415903,Average,1,Diesel,38062,Yes,406324
Kia,2016-10-29,911399,Good,1,Petrol,32794,No,91595
Honda,2019-02-25,616999,Excellent,1,Petrol,126828,No,70378
BMW,2017-03-29,1394944,Excellent,5,Diesel,135421,Yes,85492
Tata,2016-04-07,2356366,Good,1,Petrol,57867,No,195874
Honda,2021-01-04,1762132,Excellent,3,Hybrid,143068,Yes,228141
Hyundai,2019-07-07,725261,Average,1,Electric,159983,Yes,51683
Honda,2024-03-20,1632816,Excellent,1,Diesel,27825,No,714767
Audi,2018-11-01,1133702,Excellent,5,Hybrid,162917,No,88881
Tata,2016-02-28,2262236,Poor,5,Hybrid,101146,No,83261
Ford,2017-07-30,1554282,Poor,2,Diesel,165341,No,54313
Ford,2021-08-18,1618044,Excellent,2,Petrol,58781,No,365430
Tata,2017-01-02,749613,Poor,4,Electric,147107,Yes,50000
Ford,2022-11-14,1306346,Excellent,2,Electric,71450,No,415298
Hyundai,2017-07-18,2215718,Poor,2,Petrol,44985,Yes,122513
Audi,2021-09-28,898015,Average,3,Hybrid,75457,No,138782
Honda,2020-09-13,2485981,Good,4,Diesel,145720,No,246679
Honda,2023-06-06,2258040,Excellent,5,Diesel,13052,No,733352
BMW,2019-11-10,2854812,Excellent,5,Hybrid,99968,No,385767
Toyota,2019-05-01,1051171,Average,4,Petrol,171213,No,52013
Toyota,2020-10-24,837318,Average,3,Diesel,44158,Yes,106972
Audi,2024-04-03,2477332,Average,3,Hybrid,105745,Yes,448606
Ford,2015-04-08,2837965,Good,1,Electric,119309,Yes,163533
Audi,2021-06-05,1638226,Good,3,Electric,31166,No,382480
Tata,2019-10-28,2261754,Poor,2,Electric,177367,Yes,105770
Toyota,2021-10-19,2485278,Good,4,Petrol,197591,No,182649
Honda,2018-04-05,1846285,Excellent,5,Diesel,127425,Yes,140026
Toyota,2023-06-15,2169735,Poor,2,Hybrid,129301,Yes,239900
Toyota,2021-07-14,1664764,Excellent,3,Petrol,53729,No,358029
Audi,2015-05-23,1623797,Good,2,Petrol,59996,No,110223
Mahindra,2022-10-19,1040881,Average,1,Petrol,62580,Yes,176733
Mahindra,2018-04-29,1997894,Average,4,Petrol,115058,Yes,108506
Audi,2020-03-14,2263049,Average,2,Electric,5072,Yes,360864
Toyota,2021-05-17,561470,Poor,5,Petrol,32035,No,56906
Hyundai,2024-06-25,2020396,Average,1,Diesel,93418,Yes,420549
Ford,2021-01-06,1437262,Poor,3,Hybrid,88380,Yes,125574
Honda,2018-03-05,1927432,Excellent,3,Petrol,147682,Yes,133615
Kia,2017-01-19,1660570,Excellent,5,Hybrid,179595,No,85574
Mahindra,2016-07-14,462312,Average,3,Petrol,176879,No,50000
Mahindra,2015-12-02,1196251,Poor,3,Hybrid,164547,No,50000
Ford,2021-07-31,549195,Average,2,Diesel,141432,Yes,51997
Honda,2020-10-07,2849809,Average,3,Petrol,13513,No,419602
BMW,2020-01-11,2191858,Good,2,Diesel,43726,No,361891
BMW,2016-07-03,1498723,Average,1,Hybrid,109227,No,93287
Toyota,2015-01-14,638583,Poor,5,Hybrid,134327,No,50000
Honda,2020-11-10,399208,Poor,1,Electric,186017,Yes,50000
Tata,2017-08-02,694435,Poor,2,Petrol,49379,Yes,50000
Maruti,2020-01-29,2724855,Average,1,Diesel,69417,No,343620
Tata,2015-03-24,1740429,Average,1,Petrol,180266,Yes,50000
Ford,2015-09-15,348372,Excellent,4,Petrol,74002,No,50000
Toyota,2016-11-18,1011724,Poor,2,Diesel,111371,No,50000
BMW,2022-07-02,1104340,Excellent,3,Hybrid,34117,No,342925
Mahindra,2018-06-11,1444096,Excellent,1,Electric,96448,No,209500
Ford,2015-12-17,1170241,Excellent,1,Petrol,59846,No,110146
Toyota,2016-09-14,1062517,Good,3,Diesel,28369,No,102598
Toyota,2024-12-15,596946,Average,1,Electric,171256,No,105321
Tata,2021-06-07,2034591,Good,5,Hybrid,187683,Yes,149562
Mahindra,2022-08-16,1713340,Good,4,Petrol,11290,No,405897
Hyundai,2020-11-04,2770815,Average,2,Diesel,106105,Yes,284572
Kia,2015-03-05,1625952,Poor,5,Electric,132891,No,50000
BMW,2023-10-14,2339161,Average,4,Hybrid,57085,No,514869
Honda,2021-07-04,1870368,Average,1,Hybrid,182413,No,161869
Toyota,2018-12-07,1027792,Average,5,Petrol,133511,No,58009
Kia,2021-01-29,906200,Excellent,2,Petrol,50595,No,193492
Mahindra,2022-05-01,2179528,Poor,3,Petrol,39094,Yes,254380
Hyundai,2018-05-03,1244657,Poor,3,Electric,182034,No,50000
Audi,2021-10-16,1808210,Good,3,Petrol,174869,No,171697
Mahindra,2020-10-06,1057180,Average,3,Petrol,26339,Yes,133760
Hyundai,2024-05-16,2812478,Excellent,5,Electric,33071,No,1122882
Honda,2017-10-23,1073749,Poor,5,Electric,154048,Yes,50000
Hyundai,2024-06-07,1433390,Poor,1,Diesel,186867,No,135076
Mahindra,2022-09-06,629966,Good,2,Hybrid,128208,No,114495
Tata,2018-09-05,2716274,Excellent,1,Petrol,70130,No,380784
Audi,2020-12-26,2155618,Good,1,Hybrid,175844,Yes,203624
Mahindra,2015-08-31,1262624,Good,1,Petrol,22749,No,108964
BMW,2017-11-01,658331,Good,1,Hybrid,166562,Yes,50000
Hyundai,2020-03-09,2804755,Poor,4,Hybrid,188456,Yes,106594
Mahindra,2021-06-12,804046,Good,1,Hybrid,124354,Yes,115796
Toyota,2024-05-09,2916595,Poor,3,Hybrid,29086,No,623730
Ford,2017-02-09,2127942,Average,3,Petrol,106070,No,116997
Hyundai,2018-11-20,2930067,Excellent,2,Electric,98901,No,428796
Toyota,2018-09-08,756067,Poor,4,Electric,37923,Yes,56201
Toyota,2024-10-07,2226037,Good,3,Electric,178225,No,405281
Honda,2016-05-11,525704,Poor,4,Diesel,63245,No,50000
Audi,2015-02-13,2695883,Good,1,Petrol,11656,No,221446
Kia,2016-09-07,2282329,Average,2,Electric,6022,Yes,204803
Kia,2019-04-29,458214,Poor,2,Petrol,32317,Yes,50000
Ford,2022-09-02,2469416,Poor,1,Diesel,51807,Yes,344921
Ford,2022-08-05,818126,Good,1,Electric,158624,No,134921
Hyundai,2020-08-08,1860412,Average,4,Diesel,117347,Yes,154857
Audi,2018-11-28,1556848,Excellent,1,Hybrid,120530,No,202160
Tata,2020-11-14,614676,Poor,1,Electric,169479,Yes,50000
BMW,2020-04-06,1082873,Poor,5,Electric,128238,No,71297
Maruti,2024-01-08,2642428,Excellent,5,Diesel,112442,Yes,555811
BMW,2023-03-01,2018483,Good,1,Diesel,176856,No,280664
Ford,2017-06-01,1211912,Good,5,Petrol,69596,No,92458
BMW,2015-08-24,865747,Poor,3,Diesel,99995,No,50000
Kia,2020-11-16,2310623,Poor,1,Petrol,116741,No,184614
Kia,2022-04-08,2033379,Poor,5,Electric,185792,Yes,110987
Mahindra,2024-11-14,2839841,Excellent,2,Electric,195798,No,569963
Maruti,2017-05-12,2903367,Excellent,3,Petrol,177970,Yes,141274
Kia,2015-11-02,2455053,Poor,3,Petrol,125425,No,74089
Ford,2019-07-13,2061909,Poor,3,Hybrid,71781,No,169507
Tata,2019-07-05,1961267,Excellent,5,Hybrid,92087,No,260204
Hyundai,2018-04-27,2071449,Excellent,1,Petrol,80480,No,261601
Toyota,2024-01-27,2959734,Excellent,2,Hybrid,81829,No,1027856
Mahindra,2016-09-09,1435611,Poor,5,Petrol,149554,Yes,50000
Mahindra,2015-03-08,2804987,Excellent,3,Diesel,155539,Yes,121455
Mahindra,2016-02-21,1366959,Average,5,Petrol,56100,Yes,64591
BMW,2021-01-01,1575499,Excellent,1,Electric,22803,No,471980
Audi,2019-05-31,606661,Average,2,Petrol,5436,No,77768
Audi,2019-10-18,2584118,Good,1,Electric,46492,No,484800
BMW,2020-07-05,1042412,Poor,1,Petrol,58050,Yes,93232
Maruti,2024-10-20,636048,Average,4,Diesel,174692,No,79901
Ford,2024-10-05,2932379,Good,1,Diesel,73298,No,973542
Tata,2016-04-14,956220,Good,2,Diesel,69544,No,77244
Audi,2019-01-31,2290921,Poor,4,Petrol,39064,No,165491
Honda,2017-04-15,901993,Excellent,3,Petrol,18249,No,111250
Maruti,2022-10-08,1283619,Excellent,2,Hybrid,169181,No,216244
Ford,2017-03-05,1477030,Poor,3,Hybrid,157691,Yes,50000
BMW,2023-04-03,2923640,Poor,2,Diesel,122150,No,339612
Toyota,2018-06-16,1010956,Average,1,Diesel,42670,No,109308
Maruti,2020-05-04,1585590,Average,2,Hybrid,108899,Yes,157732
Audi,2015-03-20,1605884,Excellent,2,Diesel,154617,No,82512
Mahindra,2024-04-11,694344,Average,4,Diesel,102442,No,126249
Maruti,2024-01-10,1974291,Average,3,Diesel,182202,Yes,195788
Kia,2021-08-15,2322521,Average,2,Electric,110382,Yes,300008
Kia,2018-03-29,754478,Good,4,Hybrid,186627,No,50000
Hyundai,2021-09-19,2179852,Good,3,Petrol,45604,No,415781
BMW,2022-03-20,1544562,Good,2,Diesel,93812,No,292843
Maruti,2015-08-07,1803087,Excellent,5,Electric,10592,No,187334
Toyota,2015-07-08,2879051,Excellent,3,Hybrid,34693,No,286490
BMW,2019-05-05,2961774,Average,1,Electric,134128,No,270130
Honda,2020-01-29,2872546,Good,2,Electric,141213,Yes,302151
Tata,2017-01-31,617015,Good,2,Hybrid,186627,Yes,50000
Honda,2017-09-23,2834005,Average,2,Hybrid,106996,No,206877
Hyundai,2018-03-14,1508481,Average,5,Electric,78744,Yes,109743
Audi,2017-06-19,1868946,Excellent,4,Hybrid,188334,Yes,91354
BMW,2022-10-10,526701,Good,5,Electric,79651,No,111535
Audi,2020-07-26,1776445,Excellent,1,Hybrid,40586,No,436704
Ford,2023-02-01,930500,Good,4,Petrol,170555,Yes,95903
Hyundai,2021-10-30,997728,Average,1,Electric,152060,No,121652
Maruti,2024-02-11,704386,Good,2,Petrol,55853,No,200942
Ford,2016-04-26,1222773,Poor,2,Petrol,69578,No,55603
Kia,2017-02-07,1815239,Average,5,Petrol,197172,No,50000
Kia,2017-11-19,2998957,Excellent,4,Hybrid,191676,No,169141
Kia,2020-01-23,2821124,Average,1,Electric,33115,Yes,418884
Mahindra,2024-11-16,1640384,Good,4,Electric,16378,No,668748
Audi,2021-07-11,2103689,Average,4,Diesel,149049,Yes,168144
Hyundai,2023-02-07,1307351,Poor,4,Electric,68805,No,195341
Honda,2022-08-10,1820603,Excellent,1,Diesel,121467,No,402355
Toyota,2017-01-27,1071225,Poor,4,Diesel,64361,No,53999
Mahindra,2016-03-03,2857384,Poor,3,Petrol,110700,Yes,88852
Audi,2022-02-06,2566174,Good,1,Hybrid,77515,No,578544
Toyota,2020-06-16,1599645,Poor,5,Electric,138944,Yes,91735
Audi,2018-06-06,2710105,Poor,3,Diesel,199235,Yes,69396
Ford,2020-07-19,1307651,Excellent,5,Hybrid,131351,Yes,150001
Mahindra,2021-04-13,1218212,Good,3,Hybrid,75235,No,218587
Kia,2016-09-20,1570113,Good,1,Diesel,167711,Yes,74035
Mahindra,2022-01-12,2765666,Good,4,Hybrid,25801,No,645951
Tata,2015-08-30,482297,Poor,1,Electric,84029,No,50000
Honda,2024-08-05,1055506,Poor,2,Petrol,133037,No,133621
Hyundai,2024-05-05,2763812,Average,5,Diesel,31260,Yes,585270
Maruti,2021-02-03,987758,Average,2,Petrol,189921,Yes,55976
Audi,2022-02-16,2038935,Good,5,Hybrid,111550,Yes,281588
Kia,2022-11-22,2051238,Excellent,3,Petrol,149050,Yes,303499
Mahindra,2022-01-14,2088254,Poor,1,Hybrid,47729,Yes,285329
Mahindra,2019-12-01,1058166,Poor,4,Petrol,157632,No,50000
Tata,2023-11-14,943420,Good,1,Electric,29996,No,365656
Tata,2019-05-10,1885204,Poor,4,Hybrid,79722,Yes,123577
Hyundai,2019-05-22,1338885,Poor,5,Diesel,40188,Yes,91827
BMW,2024-02-22,482490,Good,3,Electric,39593,No,169714
BMW,2020-03-25,1740491,Average,5,Diesel,162573,Yes,96563
Ford,2023-05-27,1377407,Average,1,Hybrid,63582,Yes,293546
Honda,2017-10-01,2858288,Poor,5,Electric,149067,Yes,98897
Ford,2021-11-17,2929142,Average,2,Electric,173952,No,291410
Tata,2020-01-26,1865549,Excellent,4,Hybrid,7945,No,404705
Ford,2018-05-25,2229522,Average,3,Electric,90376,Yes,178514
Toyota,2017-03-11,749230,Poor,1,Diesel,184475,No,50000
Audi,2017-10-12,762915,Average,3,Hybrid,47978,No,69479
Toyota,2015-12-23,561193,Excellent,2,Petrol,145820,Yes,50000
Toyota,2016-06-20,1373563,Poor,5,Petrol,10581,Yes,60932
Maruti,2022-11-27,2151956,Excellent,4,Electric,51320,No,669891
Kia,2020-11-19,2912626,Good,4,Petrol,38600,No,470879
Toyota,2015-11-23,963596,Excellent,3,Diesel,93802,No,74293
BMW,2022-04-19,1048080,Good,5,Petrol,198265,Yes,70287
Toyota,2018-12-01,2044254,Good,2,Petrol,173368,No,129917
Hyundai,2024-08-27,2209276,Poor,1,Petrol,39861,Yes,416892
Tata,2021-10-25,2338141,Excellent,3,Hybrid,160490,No,340830
Kia,2017-06-12,1972046,Good,3,Diesel,149024,Yes,107472
Audi,2018-09-29,419727,Good,2,Diesel,24337,No,60494
Honda,2024-09-22,372550,Average,4,Petrol,196616,No,50000
Kia,2016-11-27,1329902,Average,4,Electric,49633,Yes,94275
Maruti,2015-06-10,2533470,Average,1,Electric,48358,No,185862
BMW,2023-02-25,2184176,Excellent,1,Hybrid,133687,Yes,471674
Maruti,2019-03-02,1769659,Average,1,Petrol,153801,No,113863
Kia,2021-12-24,1234668,Average,5,Diesel,154163,Yes,96616
Mahindra,2017-06-02,2797668,Good,3,Electric,199730,Yes,114251
Honda,2017-09-25,2149347,Good,1,Petrol,145803,Yes,130002
Audi,2019-08-25,1086163,Average,5,Diesel,34531,No,117638
Toyota,2015-04-09,2478090,Good,1,Diesel,109473,Yes,132914
Kia,2022-01-01,580129,Excellent,3,Diesel,154466,No,85245
Kia,2018-06-20,2621376,Excellent,3,Petrol,45578,No,353720
Maruti,2020-06-05,321606,Poor,5,Petrol,61372,No,50000
Mahindra,2015-02-12,1817373,Poor,1,Hybrid,90666,No,74283
Mahindra,2022-12-11,2658330,Average,4,Petrol,142870,No,288864
Hyundai,2022-10-01,1305017,Excellent,1,Electric,52398,No,463937
Ford,2022-10-24,975327,Good,1,Petrol,7702,No,283798
Ford,2023-10-30,2849539,Good,2,Petrol,148167,Yes,434393
Mahindra,2022-09-25,690924,Excellent,2,Diesel,168443,Yes,98193
Honda,2023-12-24,2221844,Excellent,5,Electric,124874,Yes,491258
Honda,2018-06-05,989038,Excellent,4,Diesel,118744,No,95569
Hyundai,2024-12-04,1351431,Excellent,3,Petrol,144611,Yes,286549
Maruti,2020-11-01,1004629,Average,2,Hybrid,27142,No,171857
Tata,2018-04-18,1818884,Average,5,Hybrid,11948,Yes,164687
Audi,2019-07-16,2034281,Good,1,Diesel,155467,Yes,165708
Hyundai,2017-02-11,1668159,Good,3,Hybrid,106574,Yes,117721
Hyundai,2017-04-04,1325029,Poor,1,Diesel,193319,No,50000
Honda,2019-04-05,1349707,Good,1,Diesel,190349,No,88562
Tata,2015-08-17,2493802,Good,4,Petrol,104118,Yes,115597
Ford,2020-12-30,1393579,Excellent,1,Hybrid,124744,Yes,223382
Ford,2022-01-12,1473207,Good,3,Diesel,101187,No,247649
Hyundai,2023-05-12,1038199,Excellent,3,Diesel,29293,No,353896
Ford,2019-10-01,738113,Excellent,2,Petrol,42993,No,130804
Honda,2021-03-24,616276,Poor,5,Petrol,132367,Yes,50000
Maruti,2023-05-07,1100382,Poor,5,Electric,74778,Yes,141156
Maruti,2018-06-29,2812140,Good,2,Hybrid,25205,No,413669
Ford,2023-11-29,664680,Average,1,Hybrid,14626,No,206388
BMW,2019-06-22,2367131,Poor,5,Diesel,35178,No,186423
Mahindra,2022-07-03,1910451,Good,4,Hybrid,33389,No,468390
Toyota,2019-03-16,1038095,Good,2,Hybrid,45113,No,159026
Toyota,2016-03-31,1788352,Average,5,Hybrid,190680,Yes,50000
Toyota,2018-07-04,2941280,Poor,2,Petrol,196878,Yes,76889
BMW,2023-09-23,2707895,Good,2,Diesel,78610,No,704851
Audi,2022-07-17,1892510,Average,3,Electric,58591,Yes,342435
Toyota,2022-01-26,2052681,Poor,5,Hybrid,137594,Yes,145221
Ford,2020-11-15,814509,Excellent,5,Petrol,127003,No,98249
Kia,2021-05-15,2865600,Good,2,Hybrid,12705,No,703698
Ford,2020-06-11,1966098,Poor,2,Diesel,72672,Yes,166381
Hyundai,2024-03-29,1597577,Excellent,2,Petrol,38742,No,597601
Mahindra,2018-01-13,1711712,Poor,1,Diesel,138982,Yes,72989
Ford,2022-11-11,966037,Average,5,Petrol,191219,No,67490
Mahindra,2018-08-11,2137445,Average,1,Electric,24356,No,287648
Maruti,2020-04-07,2888855,Poor,3,Diesel,52704,Yes,244759
Toyota,2024-12-13,776228,Good,5,Hybrid,136336,No,163713
Toyota,2021-03-19,1728076,Excellent,1,Electric,185408,Yes,199327
Ford,2019-12-29,1689706,Good,2,Hybrid,99946,No,230958
Hyundai,2016-04-21,1766962,Excellent,3,Diesel,13988,No,202016
Toyota,2015-07-19,1752269,Poor,5,Electric,5212,No,91938
Tata,2023-06-12,2732436,Poor,1,Electric,178276,Yes,240627
Audi,2021-04-01,2813138,Good,3,Diesel,146841,No,320743
Audi,2019-05-21,2324610,Poor,1,Hybrid,133235,Yes,136386
Tata,2017-01-12,1327887,Poor,5,Petrol,71257,Yes,51029
Tata,2019-02-15,2649774,Poor,4,Diesel,5860,No,232732
Kia,2015-10-21,2004929,Good,3,Hybrid,158258,No,93074
BMW,2018-06-27,2494512,Excellent,5,Petrol,147243,Yes,162183
Tata,2022-12-21,2050852,Good,3,Electric,98083,No,462296
Mahindra,2018-12-16,651671,Excellent,3,Petrol,189476,Yes,50000
Maruti,2022-07-29,2410876,Poor,3,Hybrid,13935,Yes,366842
Audi,2022-09-11,1522687,Poor,5,Diesel,179277,No,92326
Maruti,2023-07-16,1761728,Good,3,Petrol,169013,Yes,209377
Mahindra,2021-11-23,884306,Excellent,5,Petrol,198610,No,73811
Ford,2022-05-30,1205975,Good,2,Diesel,131863,Yes,173196
BMW,2023-09-23,2240905,Excellent,1,Electric,128235,Yes,583074
Maruti,2019-01-19,522130,Excellent,5,Petrol,190946,Yes,50000
BMW,2021-01-16,2607411,Excellent,3,Electric,85787,No,546909
Mahindra,2017-02-12,2139624,Excellent,3,Petrol,24115,No,251367
BMW,2021-09-10,2224381,Poor,1,Diesel,131001,Yes,180466
Hyundai,2022-09-26,905174,Average,3,Electric,132568,No,130269
Hyundai,2018-04-30,2076341,Excellent,5,Petrol,27694,No,260565
Honda,2016-01-13,1145427,Poor,2,Petrol,70127,No,50000
BMW,2024-10-08,1063822,Good,3,Hybrid,153938,No,218744
Tata,2020-09-01,2071300,Excellent,3,Hybrid,152204,Yes,238884
Hyundai,2021-12-25,2742422,Excellent,1,Electric,82357,No,756526
Toyota,2023-12-03,2260391,Good,1,Diesel,72156,No,657862
Maruti,2018-04-03,842626,Poor,2,Petrol,86781,No,50000
BMW,2017-09-14,880139,Good,2,Hybrid,155819,No,59755
BMW,2018-04-28,1919981,Poor,4,Diesel,175641,No,62576
Mahindra,2024-10-15,2450920,Good,3,Diesel,88322,No,686847
Audi,2017-06-13,1765348,Good,2,Hybrid,66368,No,186335
Kia,2018-10-02,2517880,Excellent,5,Electric,25665,No,414162
Honda,2015-02-27,1416708,Average,1,Petrol,71755,Yes,66738
BMW,2018-04-16,458951,Good,5,Diesel,141043,Yes,50000
Maruti,2021-10-21,1394315,Poor,5,Hybrid,61960,Yes,138471
Audi,2024-07-07,665343,Good,5,Diesel,46868,No,189565
Honda,2022-06-21,2137271,Excellent,1,Electric,68669,No,678357
Ford,2018-06-06,2941250,Excellent,4,Petrol,36464,No,385848
Honda,2022-10-30,1129166,Poor,1,Petrol,193364,No,72112
Mahindra,2023-08-03,2855282,Good,4,Hybrid,193995,Yes,298805
Ford,2016-01-13,2973439,Excellent,5,Hybrid,53648,No,265657
Tata,2023-12-08,659544,Good,1,Electric,193524,Yes,91701
Tata,2024-09-05,1568376,Good,5,Hybrid,48743,No,485920
Tata,2019-04-11,629493,Good,2,Electric,74500,No,91702
Mahindra,2023-06-06,1261390,Excellent,5,Diesel,198247,No,145269
Toyota,2020-02-08,1474245,Poor,1,Electric,17949,Yes,174743
Maruti,2016-03-02,2648304,Good,5,Hybrid,104684,Yes,143796
BMW,2018-07-21,934709,Poor,2,Petrol,133327,Yes,50000
Hyundai,2017-05-20,2480074,Good,3,Diesel,181952,No,116226
Toyota,2020-07-13,2144077,Average,3,Hybrid,105655,Yes,211999
Ford,2017-05-24,1404002,Good,2,Electric,126973,No,115578
Ford,2022-01-08,1863136,Good,2,Electric,74354,No,424489
Tata,2021-10-12,2694585,Good,5,Diesel,113271,Yes,326687
Mahindra,2023-04-08,1656805,Average,3,Hybrid,73281,No,331297
Honda,2024-02-05,1765280,Poor,1,Diesel,113410,No,259742
Audi,2021-06-27,2644258,Average,4,Hybrid,146345,No,253392
Toyota,2022-06-06,655264,Good,1,Hybrid,107344,No,134943
Mahindra,2021-11-19,1055367,Poor,1,Electric,180895,Yes,70555
Audi,2021-08-07,880171,Average,4,Diesel,86626,Yes,100645
Audi,2017-01-04,2411771,Excellent,1,Hybrid,160589,No,178683
Maruti,2019-12-30,1550092,Poor,1,Hybrid,67698,Yes,139910
BMW,2019-04-15,2942566,Average,3,Hybrid,44054,Yes,312904
Toyota,2021-07-17,1187539,Poor,1,Diesel,144275,Yes,86630
BMW,2020-09-05,2112136,Excellent,4,Petrol,143500,Yes,213538
Hyundai,2015-08-04,2321195,Good,1,Electric,90885,No,181273
Kia,2023-07-07,1911938,Excellent,3,Hybrid,194987,No,276484
Ford,2022-12-12,817781,Excellent,3,Petrol,112753,Yes,151435
Mahindra,2019-12-10,1279940,Good,2,Hybrid,193540,Yes,83084
Tata,2017-01-16,639045,Poor,5,Hybrid,44673,Yes,50000
BMW,2018-03-28,2098892,Average,2,Petrol,66047,No,176539
Kia,2019-09-25,2343098,Excellent,3,Electric,46546,No,469812
Honda,2018-11-29,2481039,Good,3,Diesel,58908,No,304439
BMW,2019-02-14,858516,Average,2,Petrol,113940,Yes,59679
Audi,2015-10-18,1962771,Poor,5,Hybrid,12834,Yes,88490
Tata,2018-05-05,2153566,Excellent,2,Diesel,17546,No,357462
BMW,2021-09-25,1231960,Good,3,Hybrid,135043,Yes,157141
Hyundai,2024-09-18,1259307,Excellent,4,Electric,93437,No,437052
Honda,2015-01-04,2395748,Excellent,3,Diesel,176776,No,95597
Kia,2022-03-24,1094824,Average,4,Hybrid,170170,No,99970
Audi,2020-10-23,1379702,Excellent,1,Electric,187311,Yes,146585
Hyundai,2016-09-06,2802394,Average,5,Electric,151684,Yes,106790
Maruti,2020-10-16,580669,Poor,5,Petrol,168231,Yes,50000
Toyota,2020-12-31,2761495,Excellent,1,Hybrid,43423,No,720372
Tata,2022-11-09,660623,Poor,1,Electric,183318,Yes,50675
BMW,2018-06-18,884542,Poor,4,Diesel,100872,Yes,50000
Mahindra,2018-09-04,2674974,Average,1,Hybrid,173474,No,157191
Tata,2021-08-13,855079,Good,5,Electric,177159,Yes,75254
Kia,2017-04-10,1302755,Good,2,Hybrid,62541,No,135833
Mahindra,2021-08-07,2388730,Good,2,Electric,41301,No,582608
Toyota,2015-10-21,2590625,Poor,3,Diesel,104203,No,93447
Mahindra,2016-12-27,1922804,Good,3,Hybrid,27003,No,208476
Hyundai,2023-12-04,1522560,Poor,5,Hybrid,143901,Yes,139956
Maruti,2018-05-13,1555729,Average,1,Diesel,185633,Yes,66272
Toyota,2021-01-25,1473587,Average,2,Hybrid,149803,No,144111
Mahindra,2020-06-19,641900,Good,1,Petrol,66750,No,101766
Hyundai,2022-04-16,2645056,Excellent,2,Diesel,144190,Yes,414229
Maruti,2015-01-10,2523086,Excellent,3,Electric,118877,No,168163
Tata,2022-04-19,2908952,Poor,5,Diesel,24020,Yes,340205
Audi,2020-01-09,2500044,Good,3,Electric,124272,Yes,273263
Audi,2019-10-30,1189384,Average,4,Diesel,166214,Yes,63930
Mahindra,2021-05-29,2277190,Average,2,Diesel,188006,Yes,148063
Kia,2020-06-02,2024620,Good,1,Diesel,156001,Yes,189642
Mahindra,2021-04-28,1687023,Good,5,Petrol,89164,No,222328
Toyota,2018-08-16,1821772,Average,5,Electric,93578,No,147205
Maruti,2016-08-01,2981281,Excellent,5,Electric,129711,No,213940
Kia,2021-05-24,2593737,Excellent,2,Petrol,180233,No,279921
Tata,2016-03-21,2618744,Excellent,2,Electric,98143,No,249319
Maruti,2021-12-02,2007652,Poor,3,Diesel,143773,Yes,140617
Kia,2022-06-07,860531,Good,2,Diesel,172905,Yes,93751
Kia,2018-01-04,1581510,Excellent,3,Electric,117153,Yes,155598
Kia,2022-05-16,1987119,Poor,3,Hybrid,50381,Yes,255288
Kia,2024-03-21,1709498,Excellent,3,Hybrid,165553,No,355028
Tata,2021-07-05,2248298,Good,3,Electric,6085,No,581605
Audi,2015-08-25,1563715,Good,5,Hybrid,33804,No,118146
Tata,2017-11-23,1341886,Excellent,3,Electric,199298,Yes,71363
Toyota,2022-01-16,1765530,Poor,4,Electric,70704,Yes,198199
Maruti,2020-06-10,2990213,Average,4,Petrol,36068,Yes,326978
BMW,2015-10-26,1896083,Poor,3,Diesel,191331,Yes,50000
Ford,2019-10-16,2708295,Poor,4,Diesel,108479,No,172582
Audi,2019-06-25,1691263,Excellent,3,Electric,114115,No,238726
Hyundai,2018-10-24,1261014,Poor,4,Hybrid,179956,No,50000
Mahindra,2021-10-22,1245620,Poor,5,Petrol,149442,Yes,68492
Maruti,2022-04-17,1345407,Average,1,Electric,70306,Yes,247144
Kia,2016-09-12,1478613,Average,4,Electric,37501,Yes,106239
Tata,2017-12-13,1310703,Excellent,4,Diesel,7716,No,189006
Hyundai,2021-11-04,2295079,Poor,2,Hybrid,108335,Yes,219295
Hyundai,2024-03-29,657808,Good,1,Electric,75818,No,224903
Ford,2016-05-30,2932500,Average,3,Electric,165344,No,121351
Kia,2021-05-10,599745,Poor,3,Electric,80369,Yes,61062
Audi,2018-08-12,2466549,Poor,3,Diesel,149513,Yes,97182
Toyota,2019-08-13,302487,Average,1,Hybrid,85089,No,50000
Hyundai,2015-07-11,2566197,Poor,5,Diesel,28086,Yes,98275
Kia,2019-09-10,2580268,Poor,1,Hybrid,171013,Yes,123079
Ford,2020-05-12,964539,Excellent,4,Diesel,28568,No,191209
Hyundai,2020-03-25,2289771,Good,5,Diesel,129008,Yes,197582
Audi,2019-03-22,2976367,Good,5,Hybrid,22841,No,418626
Kia,2019-02-06,300694,Good,1,Electric,78230,No,50000
Hyundai,2021-08-06,392891,Excellent,2,Petrol,19681,No,102566
Tata,2021-04-06,1989743,Poor,4,Petrol,128105,Yes,121467
Hyundai,2021-08-15,1159022,Good,1,Diesel,192149,Yes,98864
Toyota,2022-06-27,694125,Excellent,4,Hybrid,33815,No,203346
Hyundai,2015-09-17,416428,Excellent,2,Petrol,79498,No,50000
Tata,2021-02-16,1076232,Excellent,4,Electric,83246,No,218728
Hyundai,2023-09-05,701773,Poor,4,Electric,115603,Yes,82646
Hyundai,2017-12-31,2499551,Average,4,Hybrid,111852,No,166321
Tata,2021-10-06,1384201,Excellent,2,Electric,13909,No,460152
Audi,2019-03-08,2073678,Excellent,5,Electric,19411,No,374133
Toyota,2018-11-08,1399437,Excellent,3,Electric,97421,No,194406
Honda,2015-09-02,2733822,Good,2,Petrol,138043,No,131044
Ford,2021-08-10,1531861,Average,4,Diesel,72546,No,207747
Kia,2017-02-14,1736476,Excellent,4,Hybrid,88830,No,168693
Mahindra,2016-02-10,872259,Average,4,Hybrid,112914,Yes,50000
Ford,2017-03-01,2835440,Poor,3,Petrol,8370,No,177399
Tata,2020-03-31,953138,Excellent,1,Diesel,26041,No,220206
Honda,2024-05-04,2241289,Excellent,3,Diesel,114077,No,615396
BMW,2015-09-12,1226091,Poor,3,Electric,124416,No,50000
Mahindra,2024-10-01,2285869,Poor,3,Diesel,138713,Yes,261934
Audi,2018-03-14,1557144,Poor,5,Hybrid,150332,No,60102
Mahindra,2018-12-18,417523,Poor,4,Electric,146240,Yes,50000
Honda,2016-06-07,497127,Average,4,Hybrid,7667,No,50000
BMW,2021-07-25,780825,Average,2,Petrol,75537,No,108235
Mahindra,2022-02-11,723855,Average,4,Hybrid,59029,Yes,108413
Honda,2023-03-18,1526051,Good,1,Electric,85893,No,421303
Maruti,2019-06-14,2005830,Poor,5,Diesel,116784,Yes,98011
Audi,2024-02-09,1792617,Excellent,2,Petrol,134636,Yes,373745
Maruti,2016-03-08,576299,Excellent,3,Hybrid,29973,No,65065
Kia,2015-04-20,2515696,Good,3,Hybrid,76710,No,169504
Audi,2018-09-07,2420576,Poor,4,Diesel,84045,Yes,130763
Maruti,2018-08-07,2508795,Poor,1,Hybrid,184513,Yes,89705
Tata,2024-11-11,448357,Average,2,Hybrid,45201,No,137879
BMW,2020-04-28,1920506,Poor,1,Electric,143206,No,145705
Hyundai,2016-01-07,1745413,Average,4,Petrol,154469,No,56943
Tata,2024-11-08,2000502,Average,2,Diesel,129157,Yes,347573
Honda,2022-07-02,1778556,Good,5,Diesel,47677,No,363971
Toyota,2022-12-11,1974043,Good,1,Electric,99809,No,488021
Mahindra,2022-05-25,578195,Poor,5,Electric,119557,Yes,50916
Tata,2017-07-07,2566849,Excellent,3,Diesel,79118,No,275934
BMW,2023-10-14,385694,Good,4,Electric,190340,No,50899
Mahindra,2021-10-14,2291910,Excellent,1,Electric,172241,Yes,323484
Toyota,2023-07-22,740462,Poor,1,Petrol,41436,No,129021
BMW,2020-06-03,547969,Average,5,Petrol,17174,No,66938
Mahindra,2021-07-10,1618717,Excellent,2,Electric,107795,No,347630
Toyota,2024-04-03,1788328,Poor,3,Hybrid,148312,No,210729
Maruti,2017-06-25,1397892,Poor,1,Petrol,36192,No,92565
Maruti,2022-09-14,2889550,Good,1,Petrol,125219,Yes,444494
Mahindra,2023-05-25,2382962,Excellent,3,Electric,92153,No,710932
BMW,2024-09-11,1290269,Average,5,Hybrid,26960,No,348460
Maruti,2016-05-10,2084690,Excellent,1,Diesel,128416,Yes,144200
Mahindra,2019-12-01,2971897,Good,5,Diesel,53748,No,389863
Kia,2020-08-10,2167734,Excellent,2,Diesel,176665,Yes,204443
Ford,2018-12-06,1540404,Poor,1,Petrol,95456,No,100093
Tata,2018-11-25,1798800,Poor,4,Electric,145779,Yes,81463
Tata,2021-01-26,2398270,Average,2,Petrol,8822,Yes,358230
Audi,2019-10-16,358808,Average,4,Electric,99589,Yes,50000
Hyundai,2020-11-04,2399044,Poor,1,Hybrid,48399,Yes,269237
Honda,2015-03-30,841310,Average,1,Diesel,196909,Yes,50000
Maruti,2020-08-23,2751418,Poor,2,Electric,91414,No,277920
Honda,2021-11-07,2300462,Excellent,1,Electric,53141,No,704574
Maruti,2019-04-03,1800234,Poor,2,Diesel,124504,No,107667
Ford,2016-06-11,1918969,Excellent,3,Electric,74910,No,200178
Honda,2015-02-01,660316,Poor,3,Petrol,76229,No,50000
Mahindra,2020-07-10,1956057,Poor,2,Diesel,83054,Yes,160025
Kia,2024-06-16,1151230,Average,4,Electric,169953,Yes,144739
Kia,2017-09-16,773128,Poor,3,Petrol,102970,Yes,50000
Ford,2019-09-10,1322663,Poor,4,Petrol,102900,Yes,71703
Ford,2015-02-20,751344,Poor,2,Diesel,91962,Yes,50000
Kia,2017-08-12,921417,Good,5,Hybrid,85898,No,77086
Tata,2020-05-01,2243417,Good,2,Petrol,120674,Yes,228748
Maruti,2019-08-10,2809118,Average,2,Hybrid,149306,No,217303
Honda,2023-03-28,1334247,Poor,5,Petrol,195605,Yes,64181
Tata,2015-08-19,2349429,Poor,5,Electric,129287,Yes,65140
Toyota,2024-05-21,1873121,Excellent,2,Diesel,122422,Yes,470207
Honda,2024-04-08,1969120,Poor,3,Electric,10055,Yes,425063
Toyota,2024-06-14,2547207,Average,3,Petrol,83931,Yes,463550
Honda,2024-09-01,1976577,Excellent,1,Diesel,56084,No,834526
Toyota,2018-12-02,2094157,Poor,2,Hybrid,104017,Yes,127173
Maruti,2017-04-18,951193,Average,2,Electric,173537,No,50000
Maruti,2018-10-30,1844576,Excellent,2,Electric,133210,Yes,199623
Maruti,2020-07-15,896964,Average,1,Petrol,117080,Yes,81228
Toyota,2019-01-09,2925093,Average,1,Petrol,87686,Yes,240357
Kia,2024-03-30,923566,Good,4,Electric,162765,Yes,147939
Honda,2021-10-16,1262258,Average,1,Electric,171140,Yes,119901
Tata,2023-11-01,675521,Poor,2,Diesel,85056,No,104223
Mahindra,2015-02-14,605390,Good,4,Electric,180654,No,50000
BMW,2019-04-18,808505,Poor,1,Petrol,12507,Yes,70510
Tata,2022-06-01,2000951,Average,1,Hybrid,89146,Yes,323995
Mahindra,2023-10-22,2845599,Good,4,Petrol,111163,Yes,481006
Honda,2021-07-05,1445862,Excellent,1,Diesel,78449,No,331691
Hyundai,2015-12-13,2728424,Excellent,1,Petrol,57505,No,258848
Honda,2022-11-07,1106681,Good,2,Diesel,73303,No,255797
Honda,2018-01-19,1624688,Average,4,Hybrid,163052,Yes,71421
Audi,2018-10-01,1267790,Average,2,Petrol,23663,Yes,123200
Mahindra,2021-03-06,1925596,Excellent,2,Petrol,156417,No,240527
BMW,2019-09-03,1442792,Poor,1,Hybrid,21126,Yes,148331
Honda,2022-07-15,1374163,Excellent,3,Electric,83468,No,371371
Honda,2020-03-05,2513572,Poor,2,Electric,128681,Yes,173920
Tata,2016-10-29,556103,Good,2,Electric,157010,No,50000
Ford,2016-10-24,946817,Average,4,Petrol,70453,Yes,50000
Honda,2019-11-04,2184052,Poor,3,Petrol,64645,Yes,153407
Kia,2022-07-13,2395040,Average,5,Electric,116665,Yes,292024
Ford,2020-08-26,2813267,Good,5,Diesel,17581,No,477113
Ford,2022-06-11,2900707,Average,3,Petrol,35803,No,517241
Hyundai,2019-02-03,2877777,Average,1,Diesel,156527,Yes,173126
BMW,2020-12-24,806645,Poor,5,Diesel,165453,Yes,50000
Kia,2020-08-14,1183563,Average,4,Hybrid,23490,Yes,159510
Mahindra,2016-03-06,2490878,Average,2,Hybrid,79381,No,161544
Mahindra,2021-06-11,1168148,Poor,1,Petrol,107822,Yes,96592
Audi,2024-05-15,2805372,Poor,4,Electric,71833,No,508391
Kia,2018-07-27,1549042,Poor,1,Hybrid,32379,No,141916
Kia,2019-03-22,2350943,Poor,2,Hybrid,18914,Yes,215040
BMW,2020-09-29,713284,Poor,3,Diesel,71469,Yes,60373
Ford,2015-11-08,934271,Good,5,Electric,184191,Yes,50000
Hyundai,2019-03-18,1003923,Poor,2,Diesel,51738,Yes,75900
Audi,2021-09-15,1783417,Good,5,Diesel,67158,No,295991
Tata,2023-09-28,395894,Good,4,Hybrid,192404,Yes,50000
Toyota,2017-08-27,421608,Average,3,Hybrid,49829,No,50000
BMW,2015-08-27,1654694,Excellent,5,Hybrid,131370,Yes,85609
Maruti,2021-12-31,2695481,Poor,1,Electric,176554,Yes,190296
Kia,2023-02-13,2101035,Excellent,2,Petrol,24690,No,690005
Hyundai,2021-09-30,418641,Excellent,1,Diesel,148466,Yes,61454
Hyundai,2019-10-03,439643,Excellent,5,Electric,139800,Yes,50000
BMW,2021-08-24,2825757,Excellent,3,Hybrid,159585,Yes,362964
Maruti,2023-03-06,2652225,Excellent,4,Electric,140417,Yes,498326
Mahindra,2015-06-09,1736259,Poor,5,Hybrid,136035,Yes,50000
Tata,2021-05-19,937419,Poor,5,Hybrid,180290,Yes,50000
Ford,2022-07-19,386563,Good,5,Electric,196769,Yes,50000
Hyundai,2024-01-27,1106629,Average,1,Diesel,141032,No,184226
Tata,2020-05-22,488022,Poor,1,Diesel,100776,No,50000
Toyota,2020-12-11,2244322,Excellent,1,Electric,56143,No,585972
Honda,2023-09-20,2560068,Excellent,2,Petrol,66363,No,786573
Hyundai,2018-10-26,844551,Average,5,Electric,56446,Yes,74794
Honda,2022-09-29,998097,Poor,4,Hybrid,79004,Yes,113910
Toyota,2017-10-28,638447,Good,1,Petrol,151514,Yes,50000
Toyota,2021-07-11,1164266,Excellent,4,Diesel,42102,No,264979
Audi,2016-07-11,779682,Good,4,Electric,138629,Yes,50000
Maruti,2023-08-19,1657890,Average,3,Diesel,102049,No,287913
Honda,2020-01-28,1867950,Excellent,1,Diesel,173445,Yes,174459
Honda,2022-08-15,2162585,Excellent,3,Petrol,104709,Yes,396114
BMW,2021-02-10,1738737,Average,1,Diesel,85164,Yes,217563
Maruti,2017-09-25,2498276,Poor,5,Electric,118625,No,115108
Audi,2015-10-18,499470,Poor,4,Hybrid,111129,No,50000
Audi,2015-11-23,1377954,Excellent,4,Electric,36665,No,145226
BMW,2016-04-03,504938,Good,1,Electric,56065,No,51255
Maruti,2022-10-09,2720815,Average,1,Petrol,115382,Yes,357634
Kia,2021-03-29,1714927,Poor,4,Petrol,167523,No,89329
Audi,2023-03-25,513216,Good,2,Diesel,98212,No,112281
Toyota,2017-06-02,2673834,Good,3,Diesel,137779,No,173195
Toyota,2015-02-03,1889360,Good,3,Diesel,131725,Yes,78253
Toyota,2015-03-05,2902566,Average,1,Petrol,193459,Yes,63996
BMW,2023-12-16,2592596,Good,4,Petrol,60442,No,633036
Mahindra,2018-04-08,2726328,Average,5,Electric,10473,No,291610
Audi,2017-11-08,2152590,Good,4,Hybrid,75558,No,208599
Kia,2018-02-01,2920086,Poor,4,Diesel,198783,Yes,67096
BMW,2017-03-24,537552,Average,3,Petrol,49262,Yes,50000
BMW,2017-03-02,820760,Poor,2,Diesel,7604,Yes,52428
Maruti,2024-12-05,1074672,Good,3,Electric,67064,No,384226
BMW,2017-12-25,2920901,Average,2,Petrol,139980,Yes,145101
BMW,2020-02-01,607871,Excellent,2,Electric,8903,No,156498
Honda,2022-05-31,2039334,Good,1,Petrol,43098,No,488717
Honda,2024-08-26,891773,Average,2,Petrol,148871,Yes,123776
Audi,2021-10-30,343206,Good,2,Hybrid,190409,No,50000
Tata,2016-12-18,2256936,Poor,3,Hybrid,135923,Yes,79101
Ford,2023-04-16,2962405,Good,4,Hybrid,17416,No,874750
BMW,2018-12-04,2018228,Excellent,4,Diesel,198000,No,119008
Honda,2021-07-18,411019,Excellent,4,Petrol,117638,Yes,55736
Toyota,2022-01-17,411129,Poor,1,Petrol,187071,Yes,50000
BMW,2021-03-14,2704282,Good,5,Petrol,31054,No,445599
Mahindra,2017-10-19,1977436,Good,4,Diesel,100467,No,158295
Mahindra,2017-06-19,2783223,Good,3,Hybrid,130124,No,202904
Maruti,2024-08-01,2397259,Poor,3,Hybrid,100373,No,392163
Audi,2016-05-19,2345326,Good,4,Petrol,187638,Yes,70515
Hyundai,2019-09-22,2801517,Excellent,1,Hybrid,155500,No,334460
Hyundai,2018-07-08,2127900,Poor,3,Hybrid,11312,Yes,168904
Tata,2022-07-14,627272,Excellent,1,Petrol,158789,No,101115
Kia,2023-06-06,1190830,Average,1,Petrol,59581,Yes,226826
BMW,2021-01-10,2902819,Poor,2,Electric,85709,No,320608
Kia,2018-02-07,854166,Good,2,Diesel,63723,No,95078
Audi,2017-06-08,2178117,Poor,2,Electric,193159,No,66875
Tata,2019-08-03,552489,Good,4,Petrol,19316,No,77660
Maruti,2021-07-25,2940414,Good,2,Petrol,93692,No,468279
Toyota,2024-07-19,1146927,Average,3,Electric,159596,Yes,167280
Audi,2015-02-05,755232,Excellent,5,Electric,196013,Yes,50000
Audi,2021-03-02,1291778,Poor,3,Petrol,34822,Yes,126817
Audi,2018-12-29,2725512,Good,3,Electric,127180,Yes,247815
Honda,2017-05-07,2338032,Average,2,Hybrid,95803,Yes,152760
Hyundai,2019-02-18,2762431,Excellent,2,Electric,129817,No,356102
BMW,2022-06-24,2125200,Average,1,Electric,29484,No,526558
Tata,2019-12-06,555708,Poor,3,Hybrid,46078,Yes,50000
Maruti,2020-09-17,2608797,Excellent,4,Diesel,197170,Yes,186673
Maruti,2023-10-24,454147,Excellent,5,Hybrid,165473,Yes,70652
Maruti,2024-02-01,2155188,Excellent,1,Diesel,88091,No,719005
Audi,2018-10-07,2995938,Good,3,Petrol,148579,Yes,189423
BMW,2021-10-26,1046860,Poor,5,Diesel,132516,No,76367
Hyundai,2019-05-01,2310393,Good,3,Hybrid,81013,No,294037
Tata,2020-09-15,2816026,Poor,5,Hybrid,115583,Yes,181235
Ford,2015-02-14,892230,Average,2,Hybrid,174775,Yes,50000
BMW,2018-08-26,995348,Average,4,Petrol,188205,No,50000
Mahindra,2024-06-14,2011481,Good,3,Diesel,42758,No,648527
Toyota,2018-07-13,2030503,Good,2,Diesel,144805,No,159135
Ford,2020-10-21,1368122,Excellent,4,Diesel,167973,Yes,127610
Hyundai,2021-01-03,647113,Good,3,Petrol,196736,Yes,50000
Honda,2019-10-25,2766291,Good,1,Electric,65986,No,480564
Honda,2023-10-28,2048405,Excellent,3,Hybrid,121651,No,529043
Kia,2024-08-28,2206448,Good,5,Diesel,92042,No,528555
BMW,2020-04-15,2424172,Poor,2,Electric,186412,Yes,113260
Kia,2023-09-09,922216,Excellent,4,Diesel,68530,No,267796
Maruti,2021-08-02,2409617,Average,2,Diesel,150696,No,238891
Audi,2018-02-06,2431856,Good,5,Diesel,142305,Yes,136864
Hyundai,2021-10-26,2332813,Poor,1,Diesel,95845,Yes,233365
BMW,2017-06-24,963967,Average,5,Electric,161063,Yes,50000
Mahindra,2019-12-20,727607,Average,1,Hybrid,70535,Yes,86110
Hyundai,2018-11-04,803095,Poor,2,Diesel,50614,Yes,57459
Hyundai,2020-01-30,929249,Poor,5,Hybrid,35851,Yes,77358
Hyundai,2016-02-21,500738,Good,3,Hybrid,33652,No,50000
Audi,2019-08-05,1965731,Good,5,Petrol,13139,No,266019
Ford,2021-07-10,361686,Average,4,Petrol,132152,No,50000
Tata,2020-01-06,307012,Average,4,Petrol,112308,No,50000
Maruti,2024-05-02,794036,Average,4,Electric,34144,No,222262
Hyundai,2021-07-14,965243,Excellent,4,Electric,42800,No,248632
Kia,2017-03-18,470221,Good,2,Hybrid,198803,Yes,50000
Kia,2021-09-25,2647689,Average,2,Diesel,70924,Yes,371288
Mahindra,2017-06-09,1986406,Poor,3,Electric,101449,No,107423
Tata,2018-12-02,2438336,Good,2,Electric,83267,No,322197
Mahindra,2016-06-26,1169842,Average,3,Hybrid,92098,Yes,64077
Kia,2019-11-01,427061,Good,5,Petrol,60138,No,50255
Hyundai,2016-01-13,1348973,Poor,2,Electric,115458,No,56955
Toyota,2016-07-27,2522033,Average,5,Petrol,117953,Yes,95389
Mahindra,2018-03-18,2956652,Average,2,Hybrid,119829,No,217904
Audi,2020-03-26,2294781,Average,5,Hybrid,87277,Yes,210304
BMW,2016-12-19,622550,Average,1,Diesel,147345,Yes,50000
Audi,2020-12-19,2703343,Poor,4,Hybrid,92518,Yes,216963
Tata,2016-03-15,2459630,Good,4,Diesel,107910,Yes,131592
BMW,2022-05-12,2251227,Average,5,Petrol,168168,No,175690
Audi,2017-04-25,2375684,Good,3,Diesel,159204,Yes,118186
Toyota,2022-06-17,902254,Excellent,1,Petrol,39274,No,265328
Kia,2021-04-26,1274655,Average,1,Hybrid,128204,No,156293
Mahindra,2021-05-05,1390874,Average,4,Petrol,27582,No,201941
Tata,2015-06-04,412523,Poor,4,Diesel,188752,No,50000
Honda,2024-10-05,771392,Average,5,Hybrid,28253,No,209569
Mahindra,2024-12-09,2600612,Good,2,Diesel,38110,No,975363
Honda,2017-09-15,2512044,Good,1,Petrol,63721,No,257541
Mahindra,2018-07-30,683607,Good,1,Hybrid,89402,No,82250
Honda,2020-03-19,2741530,Excellent,2,Hybrid,158283,No,330244
Hyundai,2021-04-07,2464206,Average,3,Diesel,104213,No,288094
Maruti,2018-03-30,608869,Good,1,Hybrid,148152,Yes,50000
Hyundai,2023-06-20,581459,Excellent,2,Electric,114075,No,165704
Kia,2022-02-27,2859210,Average,1,Electric,137761,No,403302
Hyundai,2024-06-16,1344444,Average,1,Electric,65081,Yes,359224
Toyota,2019-07-12,1862478,Excellent,5,Electric,79059,No,279863
Toyota,2021-09-21,2684339,Good,2,Hybrid,113754,No,452597
Kia,2023-09-30,498918,Average,4,Petrol,15751,No,111740
Hyundai,2021-05-05,1545155,Good,5,Electric,41762,No,303806
Hyundai,2015-10-04,553271,Excellent,1,Electric,133990,Yes,50000
Hyundai,2020-04-23,2047092,Excellent,4,Electric,77657,No,373571
Maruti,2017-06-07,2406635,Average,5,Hybrid,124456,Yes,115416
Honda,2019-01-09,1356775,Average,4,Petrol,85257,Yes,95848
Ford,2021-12-17,2395877,Poor,1,Petrol,74493,Yes,252879
Toyota,2016-07-09,1214770,Excellent,3,Electric,167675,No,75430
Toyota,2015-08-10,2582166,Good,3,Electric,17319,No,245992
Maruti,2024-10-11,1622111,Poor,3,Electric,51033,Yes,326629
Honda,2019-11-10,834628,Poor,3,Electric,38842,No,88002
Kia,2016-01-04,1934361,Excellent,5,Hybrid,176499,Yes,77663
Maruti,2022-06-25,2272061,Excellent,1,Diesel,174241,Yes,311876
Toyota,2019-02-23,1266335,Average,3,Electric,199348,Yes,55001
Toyota,2024-09-19,811569,Poor,5,Hybrid,34689,Yes,144270
BMW,2020-06-07,1858854,Poor,3,Hybrid,101347,Yes,138663
Tata,2023-01-10,1455001,Excellent,2,Diesel,60132,No,439360
Kia,2020-10-08,446260,Good,4,Diesel,13131,No,83259
Audi,2020-04-20,1550351,Average,1,Petrol,93398,Yes,152619
Toyota,2022-01-01,1711306,Good,1,Petrol,9538,No,433723
Kia,2022-08-12,1273439,Excellent,1,Hybrid,128263,No,289023
Kia,2016-05-24,2875122,Good,4,Petrol,102609,No,169110
Tata,2020-04-09,1050843,Excellent,3,Petrol,112400,Yes,126189
Maruti,2019-01-27,1295316,Excellent,3,Electric,194519,No,97091
Honda,2016-07-23,2812326,Average,5,Electric,164046,No,106986
BMW,2024-07-22,2389082,Poor,2,Petrol,167294,Yes,215006
BMW,2022-01-13,1613064,Average,3,Petrol,55549,Yes,224148
Hyundai,2018-12-13,2168848,Poor,3,Hybrid,199227,Yes,64474
Honda,2023-08-25,490649,Average,1,Hybrid,169580,Yes,60041
Audi,2015-09-09,948620,Good,2,Electric,176915,No,50000
Ford,2023-11-17,2241326,Average,1,Electric,168735,Yes,304483
Toyota,2020-02-27,745414,Good,2,Diesel,107553,No,94375
Hyundai,2023-07-11,1386264,Good,2,Petrol,166462,Yes,176900
Maruti,2018-08-26,676121,Average,1,Electric,170142,Yes,50000
Tata,2017-09-24,2518976,Average,2,Petrol,30668,No,224626
Audi,2015-05-07,2488709,Good,4,Diesel,63463,No,158475
Toyota,2016-04-03,1125172,Good,5,Diesel,17842,No,93254
Kia,2018-12-29,795932,Good,5,Petrol,85935,No,72910
Tata,2018-05-28,797590,Excellent,3,Petrol,66707,No,97680
BMW,2019-09-20,1808464,Excellent,1,Electric,170054,Yes,185498
Hyundai,2023-08-29,2625634,Average,4,Diesel,57515,Yes,476892
Maruti,2022-09-29,2868878,Average,5,Diesel,6972,Yes,510748
Ford,2017-04-25,2519249,Average,3,Petrol,115471,Yes,122645
BMW,2018-02-20,696816,Poor,3,Diesel,83330,Yes,50000
Kia,2016-11-07,2636984,Excellent,4,Petrol,126988,No,175730
Kia,2021-08-06,351227,Poor,2,Electric,164395,No,50000
BMW,2018-05-05,303049,Good,1,Petrol,196008,No,50000
Toyota,2016-01-05,1352012,Excellent,5,Petrol,199999,No,50000
Ford,2021-04-22,2025951,Excellent,5,Hybrid,45179,No,441374
Ford,2022-11-15,2599509,Excellent,3,Petrol,144909,No,437714
Honda,2022-11-22,1413652,Good,4,Petrol,63916,No,286068
Tata,2024-07-14,2586750,Excellent,4,Hybrid,26169,No,1087665
Audi,2023-06-07,1868574,Good,4,Electric,21806,No,590656
Kia,2018-06-06,1116173,Average,3,Hybrid,170395,No,58092
Toyota,2015-09-08,2530738,Good,2,Hybrid,178207,No,104537
Hyundai,2022-10-05,1455988,Excellent,4,Electric,164160,No,241806
Toyota,2018-05-25,2223325,Average,1,Petrol,101737,Yes,154064
Honda,2024-11-08,1614044,Poor,1,Diesel,145958,Yes,199619
Hyundai,2019-08-21,1820380,Average,2,Petrol,174636,Yes,92707
Audi,2019-03-11,2547412,Excellent,5,Electric,30084,No,442713
Ford,2019-04-02,738251,Good,1,Diesel,124090,Yes,69848
Honda,2019-08-26,1884348,Poor,4,Electric,69296,No,160249
Kia,2021-10-01,1790798,Average,3,Diesel,167689,Yes,137780
Kia,2019-09-16,2432223,Good,2,Petrol,93176,No,287129
Kia,2017-02-25,2381639,Good,3,Diesel,138502,Yes,132380
Ford,2018-01-13,824395,Average,5,Diesel,9342,Yes,67686
Maruti,2015-10-11,1435733,Average,3,Hybrid,20286,No,104756
Honda,2017-09-19,2092712,Good,1,Hybrid,165369,No,139963
Honda,2019-05-26,1346981,Excellent,5,Hybrid,11654,No,243465
BMW,2024-10-13,2934025,Poor,2,Diesel,185587,No,281216
Hyundai,2024-05-26,526285,Poor,5,Diesel,36960,Yes,82581
Audi,2016-01-26,833026,Good,5,Diesel,155120,No,50000
Mahindra,2018-12-07,1621203,Poor,1,Electric,28094,Yes,153107
Ford,2017-04-14,1486014,Good,4,Electric,29655,No,167994
Audi,2019-09-24,366793,Excellent,1,Hybrid,172626,Yes,50000
Hyundai,2024-07-08,2708161,Poor,1,Petrol,52015,No,529367
Audi,2020-12-09,2181686,Good,1,Diesel,93382,No,354561
Hyundai,2015-01-28,2613151,Average,2,Diesel,108443,Yes,103763
Toyota,2015-06-30,1710986,Average,3,Hybrid,118386,Yes,69680
Ford,2019-01-03,2550726,Poor,5,Diesel,27305,Yes,172597
Toyota,2019-11-19,2570870,Good,2,Hybrid,135187,Yes,255950
BMW,2018-08-28,741589,Average,4,Petrol,121148,No,50000
Kia,2017-07-11,324263,Average,2,Hybrid,8914,No,50000
Mahindra,2021-10-17,2667682,Poor,5,Petrol,15339,No,307470
Hyundai,2023-02-04,2880021,Good,4,Electric,92194,No,643792
BMW,2015-02-26,2588441,Good,4,Diesel,154584,Yes,88398
BMW,2015-09-13,385305,Poor,4,Electric,69748,No,50000
Kia,2017-02-04,987451,Poor,4,Diesel,106606,Yes,50000
Tata,2019-01-16,2541273,Poor,3,Hybrid,169903,No,110018
Kia,2024-02-19,866706,Average,2,Hybrid,173134,Yes,106095
Toyota,2022-09-17,2978014,Average,4,Electric,34881,Yes,574539
Audi,2016-01-29,2149977,Poor,3,Hybrid,81532,Yes,86853
Audi,2018-01-26,951196,Poor,1,Petrol,154995,No,50000
Honda,2017-12-24,864380,Good,3,Petrol,30379,No,95155
Kia,2022-03-06,2968909,Average,1,Diesel,131074,No,385939
Honda,2017-12-27,913732,Excellent,1,Hybrid,95616,No,116345
Kia,2019-08-29,2106329,Average,3,Diesel,124989,Yes,152545
BMW,2015-02-04,1308163,Poor,2,Hybrid,132764,No,50000
Ford,2017-04-30,2936104,Good,1,Electric,126455,No,252472
Hyundai,2024-09-18,1212528,Poor,4,Diesel,188136,No,100541
Honda,2017-12-05,2838108,Average,4,Hybrid,164197,Yes,121266
Ford,2023-04-06,1509356,Average,3,Petrol,61362,Yes,249950
Toyota,2015-11-07,353253,Good,1,Petrol,25777,No,50000
Mahindra,2024-12-03,2108892,Poor,5,Hybrid,79489,Yes,322170
Hyundai,2024-08-22,560746,Average,2,Diesel,121074,Yes,98552
BMW,2023-09-23,2295829,Good,5,Diesel,111751,Yes,385113
Tata,2024-04-05,324657,Poor,5,Diesel,39822,No,54730
Ford,2023-04-08,1940205,Excellent,1,Electric,27348,No,826214
BMW,2019-12-19,1477076,Average,3,Hybrid,104828,No,148618
BMW,2023-01-14,2128320,Good,3,Electric,31369,No,645130
Mahindra,2017-01-09,465073,Average,3,Hybrid,53318,Yes,50000
Audi,2019-06-23,2330289,Excellent,4,Electric,174989,Yes,187860
Kia,2015-08-23,2937080,Good,1,Electric,56536,No,269316
Kia,2020-11-12,2573824,Poor,1,Diesel,148972,No,181258
Maruti,2022-05-21,563542,Average,2,Electric,196889,No,50000
Audi,2018-05-09,1078734,Good,2,Hybrid,111164,No,106597
Maruti,2018-12-23,1387733,Excellent,3,Hybrid,84229,No,197166
Ford,2022-07-09,1151953,Average,3,Hybrid,66177,No,210373
Ford,2019-07-27,1561779,Average,3,Hybrid,151005,No,112461
BMW,2016-02-20,1369520,Excellent,3,Electric,182876,Yes,63649
Ford,2021-03-16,1421127,Excellent,3,Petrol,99946,No,235357
Toyota,2016-08-09,2902400,Good,1,Diesel,9496,No,327741
Audi,2023-05-27,1255178,Average,2,Electric,140873,No,201926
Kia,2018-05-12,1704707,Average,3,Diesel,151376,Yes,84896
Honda,2021-07-25,1120767,Good,5,Electric,71848,No,201839
Audi,2016-07-08,1876069,Poor,4,Petrol,118228,Yes,55983
BMW,2022-06-09,2192084,Average,2,Petrol,142249,No,246141
BMW,2016-02-15,1075334,Good,4,Petrol,146633,Yes,50000
Maruti,2021-07-27,2540364,Excellent,2,Diesel,98602,No,508232
Ford,2024-09-19,1284325,Poor,1,Electric,92912,Yes,236682
Ford,2023-04-01,2814594,Poor,3,Hybrid,33945,Yes,444422
Toyota,2016-02-29,2332353,Average,3,Hybrid,199482,Yes,58605
BMW,2020-10-21,1656136,Poor,5,Petrol,154515,No,83070
Maruti,2022-02-18,847504,Good,5,Hybrid,57491,No,167505
Ford,2016-07-10,1147132,Excellent,1,Electric,141575,Yes,85317
BMW,2019-08-22,425659,Excellent,4,Electric,72997,No,71109
BMW,2022-07-25,2371942,Good,2,Hybrid,84499,No,530526
Toyota,2023-09-01,2715893,Poor,2,Petrol,99221,No,355527
BMW,2020-07-20,2597053,Good,4,Petrol,110504,No,288276
Ford,2019-12-27,520872,Average,4,Electric,144264,No,50000
Honda,2018-07-04,1107573,Poor,3,Hybrid,70604,Yes,69734
Toyota,2017-12-17,2871855,Average,2,Diesel,71198,No,241978
Hyundai,2020-03-08,590001,Average,2,Electric,94313,No,72709
Maruti,2017-03-26,2508705,Average,4,Diesel,38029,No,192360
Ford,2018-06-26,1013836,Good,4,Petrol,165242,No,57181
Honda,2016-12-02,2886153,Poor,1,Electric,47310,Yes,182607
Audi,2015-09-02,1743519,Excellent,5,Diesel,75159,No,125620
Audi,2023-01-18,1851876,Average,5,Hybrid,128008,Yes,216869
Audi,2022-05-22,317534,Good,3,Petrol,108656,No,50805
Kia,2017-02-24,428883,Excellent,2,Diesel,185097,Yes,50000
Kia,2023-07-02,411417,Excellent,2,Diesel,27258,No,152571
Kia,2018-03-13,1974703,Average,5,Diesel,104378,Yes,112024
Toyota,2015-09-12,2829003,Average,4,Petrol,194765,Yes,57016
BMW,2024-10-26,1132553,Excellent,3,Diesel,167249,Yes,216024
BMW,2019-04-29,1385093,Poor,3,Electric,76676,Yes,103050
BMW,2016-01-11,1231352,Good,1,Electric,125318,Yes,77633
Honda,2016-10-19,1512474,Good,3,Diesel,149533,Yes,73954
BMW,2016-09-17,863834,Excellent,1,Electric,46123,No,117965
Maruti,2022-04-02,1477966,Average,2,Diesel,40267,No,284028
BMW,2019-05-08,1490143,Good,2,Hybrid,194299,No,96926
BMW,2018-01-28,2736680,Average,5,Diesel,129638,No,147312
Audi,2022-07-21,2736658,Poor,5,Electric,32382,Yes,366610
Hyundai,2024-12-20,1502972,Excellent,3,Electric,172416,Yes,319997
Toyota,2020-09-17,2530936,Poor,2,Petrol,91362,Yes,191650
Mahindra,2022-02-16,2585980,Average,4,Hybrid,21748,Yes,448227
Ford,2017-04-06,1206273,Excellent,3,Electric,86411,No,136407
Toyota,2017-06-19,1452592,Poor,5,Hybrid,71927,Yes,68244
Ford,2019-12-11,1151918,Average,1,Petrol,80992,No,125994
Ford,2018-10-10,934107,Good,5,Petrol,83456,No,83530
Hyundai,2019-04-05,395639,Excellent,5,Petrol,156069,No,50000
Toyota,2017-07-21,834593,Average,2,Diesel,169396,No,50000
Tata,2017-01-04,1479981,Average,5,Hybrid,77507,Yes,83997
Mahindra,2018-01-30,1544835,Average,2,Hybrid,124915,No,108348
Honda,2019-08-30,2851058,Poor,2,Hybrid,116063,Yes,183335
Hyundai,2017-10-25,2510839,Average,5,Hybrid,92807,Yes,151264
Maruti,2021-04-12,1748540,Good,5,Diesel,134560,Yes,173124
BMW,2016-11-13,1054005,Good,5,Electric,139867,Yes,55872
Toyota,2016-02-02,2964145,Excellent,4,Petrol,100087,Yes,181423
Kia,2018-06-03,1706830,Average,1,Electric,90075,Yes,152676
Kia,2019-10-31,2582044,Average,5,Diesel,86120,No,232128
Mahindra,2017-04-27,2040719,Average,1,Petrol,140943,No,105816
Honda,2023-08-23,1226797,Good,4,Hybrid,114101,No,252398
Audi,2015-03-15,365329,Poor,2,Electric,136524,Yes,50000
Mahindra,2022-07-02,990545,Poor,1,Diesel,146359,Yes,83316
Toyota,2016-09-30,1880465,Good,5,Petrol,22538,No,154978
Hyundai,2019-06-30,2269736,Poor,2,Hybrid,19896,Yes,216307
Audi,2020-01-18,1764566,Excellent,4,Electric,99419,No,278340
Tata,2017-02-20,2142007,Poor,3,Hybrid,158593,Yes,66571
Mahindra,2021-08-21,2037510,Average,3,Petrol,107554,No,232176
Kia,2016-02-29,416889,Average,3,Hybrid,23416,No,50000
Hyundai,2019-03-15,379426,Average,5,Hybrid,170033,No,50000
Maruti,2019-06-20,2975490,Excellent,4,Petrol,153564,Yes,231090
Audi,2022-07-28,1046345,Excellent,3,Hybrid,181629,Yes,131703
Toyota,2024-02-07,2916793,Excellent,5,Hybrid,189720,Yes,389961
BMW,2020-03-16,1825302,Excellent,4,Diesel,131657,Yes,196915
BMW,2020-05-22,1865500,Poor,5,Petrol,127999,No,103387
BMW,2023-02-02,430113,Good,5,Hybrid,169668,Yes,50000
BMW,2018-01-19,499856,Poor,4,Petrol,27432,Yes,50000
Tata,2015-01-31,2514284,Average,3,Electric,72373,Yes,127549
Ford,2020-12-13,2737479,Poor,2,Petrol,188320,Yes,115341
BMW,2017-04-06,1933210,Average,4,Diesel,80645,No,124728
Kia,2023-04-27,446919,Poor,3,Diesel,59386,Yes,60528
Kia,2018-01-06,2677020,Poor,4,Diesel,65821,Yes,140676
Honda,2023-12-14,338479,Average,3,Diesel,173252,Yes,50000
Audi,2018-03-05,2116833,Poor,3,Petrol,53498,Yes,118742
Hyundai,2017-07-29,1348206,Good,3,Petrol,36850,No,135617
Mahindra,2024-05-20,719450,Excellent,4,Electric,19752,No,320992
Mahindra,2024-11-08,1812894,Poor,5,Hybrid,147021,No,211119
Maruti,2020-09-29,1213286,Good,5,Diesel,173624,Yes,84132
BMW,2021-09-12,2683168,Average,3,Diesel,145881,Yes,238437
Hyundai,2022-12-02,894373,Good,1,Diesel,50634,No,242044
Tata,2017-04-30,2593872,Average,5,Diesel,70609,Yes,149837
Maruti,2020-04-21,625074,Poor,3,Diesel,22345,No,66481
BMW,2018-01-02,536929,Average,4,Electric,106627,Yes,50000
Audi,2017-08-26,2393089,Excellent,5,Petrol,160370,Yes,124159
Mahindra,2018-03-03,402972,Good,4,Diesel,106791,No,50000
Honda,2022-03-21,2025789,Poor,3,Petrol,98779,No,198945
BMW,2024-11-24,2090675,Average,1,Hybrid,52002,Yes,596271
Honda,2019-07-02,1516574,Average,2,Diesel,59197,Yes,155452
Mahindra,2018-11-28,330132,Good,5,Electric,185921,Yes,50000
Tata,2024-07-24,2347512,Poor,4,Hybrid,94556,Yes,334738
Kia,2021-07-03,675804,Average,4,Hybrid,109957,No,80311
Tata,2019-07-27,1079915,Average,1,Diesel,34661,No,144255
Honda,2018-10-07,684095,Excellent,3,Petrol,143103,Yes,53780
Ford,2018-09-16,1662546,Excellent,1,Electric,92785,No,256369
Audi,2016-03-04,1487859,Excellent,1,Petrol,91241,No,126035
Audi,2022-07-04,1134879,Poor,5,Petrol,41374,Yes,120083
Audi,2015-03-27,2970624,Poor,2,Electric,175047,Yes,67113
Toyota,2019-03-25,590842,Poor,1,Electric,71818,Yes,50000
Mahindra,2019-02-17,1521009,Good,5,Hybrid,132793,Yes,114461
Tata,2022-10-06,361205,Excellent,2,Electric,94478,No,101482
Ford,2018-01-29,2273654,Poor,4,Petrol,17348,Yes,135982
Hyundai,2019-01-15,1849765,Average,2,Hybrid,183569,Yes,90740
Hyundai,2023-12-13,2702713,Average,1,Petrol,129964,Yes,396239
Honda,2022-03-25,1704132,Excellent,5,Petrol,159931,Yes,186726
Maruti,2021-08-04,1099958,Good,1,Diesel,25165,No,264363
Maruti,2016-05-05,1723055,Good,4,Diesel,104211,Yes,96118
Maruti,2022-11-25,1177321,Average,4,Hybrid,27830,Yes,226308
Hyundai,2019-08-10,739338,Excellent,5,Diesel,196921,No,50000
Audi,2018-11-25,825407,Good,4,Diesel,16647,No,112223
Honda,2022-04-27,1220326,Excellent,2,Electric,193637,No,165089
Maruti,2022-03-26,1809803,Excellent,3,Electric,11515,No,620210
Audi,2023-05-12,364620,Average,2,Diesel,120873,No,57874
Kia,2017-08-30,1891343,Good,2,Diesel,15686,No,235806
Honda,2024-01-19,1887297,Good,1,Diesel,82223,No,536110
Maruti,2020-07-11,705109,Good,1,Diesel,157202,Yes,66642
Tata,2016-02-16,1092304,Good,5,Petrol,88986,No,61881
Kia,2021-01-12,1907927,Excellent,5,Hybrid,198280,Yes,142828
Ford,2016-05-29,364775,Poor,3,Electric,54126,No,50000
Hyundai,2017-06-08,2190470,Poor,5,Petrol,163222,Yes,53738
Toyota,2017-05-06,1665994,Average,5,Diesel,26637,No,127769
BMW,2016-10-18,953790,Poor,3,Electric,47422,No,59123
Toyota,2017-03-21,1001954,Excellent,2,Petrol,92344,No,95076
Ford,2024-08-02,551924,Good,5,Hybrid,28976,No,181680
Ford,2024-07-07,654598,Excellent,1,Petrol,51454,No,256374
Honda,2020-11-08,732661,Excellent,5,Hybrid,11057,No,168171
Mahindra,2015-10-04,1889293,Poor,1,Hybrid,182947,Yes,50000
Toyota,2016-08-13,2736248,Average,5,Petrol,86453,Yes,122321
Tata,2022-06-28,2815182,Average,4,Electric,59287,Yes,475658
BMW,2016-01-03,584431,Poor,4,Petrol,122242,No,50000
Tata,2022-10-05,2892013,Poor,1,Electric,31767,No,557885
Honda,2016-05-05,1381613,Average,2,Hybrid,10101,Yes,108836
Mahindra,2017-09-10,2762571,Excellent,1,Diesel,168930,Yes,181397
Toyota,2015-10-26,1081990,Good,3,Diesel,103060,No,65573
Maruti,2019-02-11,468283,Poor,5,Hybrid,189316,Yes,50000
Ford,2024-04-14,1219147,Good,2,Diesel,116724,Yes,258916
Maruti,2017-07-27,2132612,Average,1,Diesel,115775,Yes,128612
Hyundai,2022-06-12,679417,Good,1,Hybrid,95657,No,148802
Mahindra,2018-02-03,757907,Poor,5,Electric,122002,No,50000
Audi,2020-04-04,1360582,Poor,3,Diesel,132943,No,86410
BMW,2019-03-04,550759,Excellent,3,Diesel,195327,Yes,50000
Honda,2016-11-16,1191718,Excellent,3,Hybrid,54047,No,137165
Toyota,2023-10-11,1269669,Poor,1,Diesel,146399,Yes,131384
Hyundai,2021-05-08,1912712,Average,2,Electric,161207,Yes,173048
Hyundai,2020-09-01,1809351,Good,5,Electric,52696,No,305343
Maruti,2017-10-11,1397376,Excellent,3,Hybrid,111380,Yes,128523
Audi,2024-07-02,350184,Poor,1,Electric,89303,No,70432
Mahindra,2019-04-01,2058190,Good,4,Petrol,34036,No,259412
Tata,2022-05-30,350056,Poor,3,Hybrid,158037,No,50000
Audi,2020-03-01,1232013,Good,2,Petrol,110912,Yes,128910
Kia,2015-05-14,2772809,Excellent,2,Hybrid,65845,No,250830
Tata,2021-11-18,1465601,Good,1,Petrol,73323,No,284256
Kia,2015-06-03,1501359,Excellent,4,Electric,108962,Yes,95652
Tata,2021-08-22,2367425,Excellent,3,Hybrid,169143,Yes,283140
Tata,2021-04-06,624228,Poor,2,Hybrid,58360,Yes,68423
Ford,2015-01-30,2442166,Good,5,Electric,176158,No,83177
Toyota,2018-11-10,1707454,Good,4,Electric,49958,No,230624
Toyota,2020-11-20,888531,Poor,2,Diesel,139824,Yes,56943
Audi,2016-05-15,1215022,Poor,4,Electric,158459,Yes,50000
Tata,2022-09-19,1650383,Excellent,4,Diesel,105558,No,343720
Hyundai,2020-06-19,1402033,Poor,4,Electric,59638,No,141849
Mahindra,2018-07-21,937337,Good,3,Diesel,170217,No,58407
Honda,2021-01-09,2081070,Average,3,Electric,166190,No,181213
Honda,2020-01-31,2219701,Good,1,Diesel,127566,Yes,235703
Mahindra,2016-01-06,1896604,Poor,5,Diesel,130477,No,54487
Kia,2016-08-13,2690893,Excellent,3,Electric,88984,No,270637
Tata,2022-06-17,2679087,Good,5,Petrol,30467,No,542973
Honda,2018-04-27,639788,Excellent,5,Petrol,127024,No,50933
Mahindra,2021-01-29,2137687,Average,2,Electric,82967,Yes,289385
Toyota,2017-01-22,1501893,Poor,2,Petrol,172702,Yes,50000
Toyota,2023-01-16,1485974,Average,5,Diesel,179602,Yes,114102
Maruti,2019-07-26,2040504,Good,2,Diesel,116863,No,223303
Hyundai,2021-10-06,1792400,Average,2,Electric,199694,No,139273
Audi,2021-03-12,1348385,Poor,2,Diesel,111365,Yes,106971
Audi,2021-12-25,2297829,Excellent,3,Hybrid,72154,No,562105
Ford,2023-03-22,2027553,Average,1,Electric,15767,Yes,535978
Hyundai,2021-08-10,1073308,Poor,2,Petrol,20721,No,139826
BMW,2019-09-10,921137,Good,1,Diesel,182344,No,69581
Tata,2022-02-16,2967879,Poor,5,Electric,169375,Yes,181120
Mahindra,2024-04-17,1637200,Poor,2,Petrol,7764,No,345429
Tata,2018-05-02,1195551,Poor,4,Petrol,195474,Yes,50000
Hyundai,2016-02-09,859259,Poor,5,Diesel,194801,Yes,50000
Toyota,2024-06-03,327173,Poor,5,Petrol,178276,Yes,50000
Toyota,2021-12-17,1166648,Good,3,Diesel,11685,No,281130
BMW,2020-12-15,1626458,Good,5,Petrol,147981,Yes,131039
Maruti,2019-01-12,2255110,Good,2,Hybrid,126916,Yes,205290
Audi,2015-07-21,1080709,Good,5,Diesel,134616,Yes,50000
Tata,2023-02-24,1344066,Excellent,2,Diesel,102589,Yes,306705
Audi,2020-12-21,2764170,Poor,1,Hybrid,198011,Yes,128407
Hyundai,2018-11-14,1207603,Good,2,Electric,175680,Yes,81720
Maruti,2019-06-23,624331,Poor,4,Electric,154330,No,50000
Toyota,2020-07-31,405924,Average,1,Electric,58532,No,65940
Kia,2022-09-30,1571624,Average,2,Petrol,156677,Yes,151745
Kia,2023-03-27,404336,Excellent,4,Diesel,169867,No,61306
Mahindra,2024-08-18,392894,Average,3,Electric,74220,Yes,93387
Honda,2023-07-01,1997402,Average,2,Diesel,144283,Yes,253628
Honda,2019-12-12,2248355,Good,3,Hybrid,104530,Yes,254094
Audi,2015-01-13,1573741,Good,5,Diesel,36947,No,99699
Toyota,2018-02-03,1104517,Average,4,Electric,89070,Yes,79991
Honda,2019-04-05,2945377,Average,1,Diesel,126552,Yes,220111
Maruti,2024-12-05,777787,Poor,3,Hybrid,90954,Yes,126836
Audi,2017-03-21,1204164,Good,4,Petrol,50822,No,102232
BMW,2018-06-10,634493,Poor,1,Petrol,176046,Yes,50000
Hyundai,2016-11-06,2897872,Poor,2,Hybrid,61629,Yes,152865
Audi,2020-12-24,2345900,Good,4,Diesel,44889,No,402799
Hyundai,2018-06-27,1921019,Good,5,Petrol,121833,Yes,121393
BMW,2017-12-03,488508,Excellent,1,Hybrid,195821,Yes,50000
BMW,2019-09-15,418295,Excellent,2,Hybrid,197461,No,50000
Honda,2023-11-01,2559097,Good,5,Electric,62018,No,695351
Maruti,2016-06-07,1356983,Average,1,Electric,149101,No,70169
Hyundai,2024-09-05,1202114,Good,3,Electric,28703,No,480694
BMW,2017-07-25,513601,Poor,4,Petrol,54831,Yes,50000
Tata,2021-09-04,2109363,Poor,2,Petrol,20876,Yes,249948
Ford,2017-05-29,1668390,Excellent,2,Hybrid,34867,No,238218
Maruti,2020-08-20,1886680,Average,4,Electric,98640,Yes,197263
Tata,2020-01-17,2379730,Excellent,3,Petrol,187578,Yes,165036
Hyundai,2022-12-25,1127719,Average,2,Petrol,142152,No,138445
Toyota,2018-03-22,2569333,Average,3,Electric,83595,Yes,206410
Mahindra,2018-02-13,2864191,Good,4,Petrol,150219,Yes,152304
Toyota,2015-10-17,1814406,Excellent,2,Petrol,17790,No,185540
Audi,2024-03-21,2654463,Average,4,Petrol,158230,No,320256
Ford,2020-07-05,401106,Average,5,Electric,26082,Yes,52605
Hyundai,2023-02-23,707243,Good,5,Petrol,131053,Yes,90422
Kia,2021-06-01,2894896,Average,1,Hybrid,65116,Yes,443838
Ford,2023-11-30,1526004,Average,3,Diesel,52065,No,347503
Ford,2019-12-22,1379908,Poor,1,Hybrid,197540,Yes,54739
Audi,2016-07-20,1992574,Poor,2,Diesel,113659,Yes,73382
Maruti,2015-02-25,776684,Poor,1,Petrol,53138,Yes,50000
Honda,2022-08-06,2280884,Excellent,2,Hybrid,83510,No,618295
Toyota,2023-11-22,2245719,Average,4,Hybrid,63764,Yes,440218
Honda,2015-12-14,2825518,Poor,1,Hybrid,52067,Yes,141013
Toyota,2017-05-13,440037,Excellent,1,Petrol,56356,No,52801
Toyota,2021-12-19,2220325,Average,5,Electric,102281,No,295970
Ford,2017-08-27,2376474,Excellent,1,Petrol,183904,No,142446
Mahindra,2018-04-02,2997760,Average,4,Petrol,160191,No,135119
Mahindra,2018-09-05,1803015,Excellent,5,Hybrid,152260,No,148525
Hyundai,2022-07-29,2548985,Good,2,Electric,137048,Yes,412976
Audi,2024-03-21,1744663,Good,2,Diesel,118227,Yes,363578
Ford,2020-09-23,1715230,Average,4,Hybrid,27829,No,257361
BMW,2024-04-27,1757343,Poor,1,Electric,68464,Yes,339447
Hyundai,2024-03-16,478400,Good,2,Petrol,72566,No,129071
Hyundai,2019-12-09,2579407,Excellent,3,Petrol,185729,Yes,178696
Hyundai,2023-12-16,1171375,Good,4,Electric,18096,No,408697
Kia,2021-09-25,1648286,Good,5,Petrol,192488,Yes,106578
Mahindra,2023-04-22,350740,Average,4,Petrol,183009,No,50000
Ford,2018-04-24,1513886,Poor,1,Diesel,150927,Yes,62514
Audi,2023-12-27,1917111,Average,2,Electric,135952,Yes,314765
Mahindra,2022-05-21,344630,Poor,1,Diesel,127718,No,50000
Toyota,2018-04-30,992180,Excellent,3,Hybrid,25966,No,161101
Kia,2018-03-17,813610,Excellent,4,Diesel,187490,Yes,50000
Audi,2023-03-11,1823059,Poor,1,Diesel,125312,No,216719
Toyota,2018-03-08,1935621,Average,5,Diesel,35488,Yes,148146
Audi,2020-10-18,2909649,Average,2,Petrol,87781,No,336628
Maruti,2020-12-25,2634517,Average,4,Hybrid,28411,Yes,370014
Kia,2019-10-14,504679,Good,5,Electric,86388,No,63711
Ford,2023-09-04,1462658,Excellent,3,Electric,166231,Yes,264504
Toyota,2018-04-03,1044694,Poor,1,Petrol,23127,Yes,74085
Kia,2023-01-24,1013614,Poor,5,Hybrid,170440,Yes,67242
Honda,2015-06-03,447701,Poor,3,Hybrid,49576,Yes,50000
Ford,2018-07-19,2174139,Poor,4,Hybrid,57393,Yes,137643
BMW,2021-01-28,967106,Average,2,Hybrid,179463,No,76003
Maruti,2019-05-28,397060,Average,5,Electric,92953,No,50000
Toyota,2022-07-24,2227107,Poor,4,Hybrid,33432,No,330640
Honda,2022-05-17,1075727,Excellent,3,Hybrid,12370,No,354035
Toyota,2017-08-09,2368305,Poor,5,Petrol,62141,No,115408
Audi,2018-09-06,2653775,Poor,1,Petrol,97096,Yes,147837
Maruti,2022-06-21,897290,Poor,2,Petrol,64303,Yes,102156
Audi,2023-10-22,2586856,Excellent,4,Diesel,66028,No,773977
Tata,2017-12-12,1152785,Excellent,4,Electric,154025,Yes,84645
Toyota,2018-12-13,1825945,Good,3,Electric,124511,Yes,167389
Audi,2016-06-21,1826198,Poor,1,Electric,128079,Yes,73075
Maruti,2020-03-15,1541050,Good,2,Petrol,22204,No,264860
Kia,2021-12-02,1396770,Poor,3,Diesel,95776,Yes,127886
Tata,2016-09-27,2609697,Average,2,Electric,114868,Yes,148792
Hyundai,2024-02-24,968053,Average,1,Hybrid,64549,No,257799
Toyota,2017-09-02,2535539,Good,4,Petrol,96105,No,189572
BMW,2015-06-26,1424202,Poor,2,Petrol,5531,Yes,65028
Kia,2016-08-13,2190217,Poor,4,Diesel,148099,Yes,59464
Kia,2024-08-21,1350429,Poor,3,Electric,18097,Yes,300983
Hyundai,2024-06-14,1886331,Average,4,Hybrid,141842,Yes,271217
Toyota,2017-01-09,617028,Excellent,5,Diesel,135046,Yes,50000
BMW,2023-09-25,2205904,Good,4,Petrol,171363,Yes,250970
Hyundai,2021-11-02,2708940,Good,1,Electric,10717,No,808420
Toyota,2019-03-24,2199762,Average,4,Petrol,73856,Yes,169133
Honda,2016-07-10,2465822,Good,3,Hybrid,94344,No,186721
Hyundai,2016-07-03,1747969,Average,3,Hybrid,114940,No,94989
Toyota,2023-08-15,1855417,Excellent,4,Hybrid,178877,Yes,267659
Kia,2024-01-29,2808341,Good,2,Petrol,157657,No,464389
Hyundai,2024-05-09,2739795,Average,3,Hybrid,148945,No,435593
Kia,2022-08-25,1241591,Poor,2,Hybrid,44131,Yes,180525
Kia,2023-04-16,2570060,Good,4,Electric,134682,No,471720
Ford,2024-03-21,594001,Good,4,Electric,150828,No,114457
Ford,2015-12-07,2890324,Average,5,Electric,195770,Yes,68512
Tata,2017-01-18,1040930,Excellent,1,Hybrid,165956,No,74615
Kia,2020-09-08,2681635,Excellent,4,Hybrid,7544,No,644213
Ford,2021-12-24,1793674,Poor,3,Electric,93941,Yes,189645
Maruti,2019-12-29,2997029,Good,5,Petrol,132588,Yes,227337
Kia,2021-09-02,842080,Good,2,Electric,143433,Yes,113171
Mahindra,2021-12-24,2638931,Average,4,Diesel,8554,No,487200
Honda,2016-08-28,995958,Good,2,Hybrid,121015,No,70811
Maruti,2024-05-04,1293834,Good,4,Petrol,61592,No,334622
Kia,2015-04-11,372868,Poor,2,Diesel,187832,Yes,50000
Mahindra,2017-10-22,1159930,Poor,3,Hybrid,172077,No,50000
BMW,2016-06-20,647043,Excellent,1,Diesel,53822,No,72663
Ford,2023-07-05,2591240,Excellent,4,Diesel,194296,Yes,300300
Audi,2023-01-25,1214827,Poor,2,Electric,29785,Yes,212168
Toyota,2021-02-20,1880261,Poor,5,Diesel,151805,Yes,97809
Honda,2024-01-05,1296088,Excellent,3,Hybrid,148251,Yes,264332
Ford,2018-03-02,1861399,Poor,5,Petrol,147393,Yes,57382
Maruti,2024-05-18,1137164,Average,3,Hybrid,157015,Yes,154640
Kia,2015-04-02,2790829,Average,2,Petrol,32924,Yes,148375
Toyota,2020-10-25,1964219,Excellent,4,Petrol,161560,Yes,179622
Audi,2016-04-24,1436261,Poor,3,Diesel,95340,Yes,52946
Kia,2015-07-11,2221259,Excellent,1,Hybrid,48367,No,233247
Ford,2019-03-26,371068,Good,3,Electric,181419,Yes,50000
Mahindra,2017-05-30,361177,Poor,1,Hybrid,17432,Yes,50000
Honda,2016-03-16,1284002,Poor,4,Hybrid,29995,Yes,61825
Kia,2020-04-06,310532,Good,4,Diesel,96348,No,50000
Hyundai,2021-05-03,2365181,Excellent,4,Hybrid,71171,No,494053
Ford,2016-05-21,2611407,Excellent,5,Diesel,33261,No,250832
BMW,2015-11-08,2953260,Poor,1,Petrol,197542,Yes,52447
Audi,2019-05-29,1159195,Good,1,Petrol,21951,No,184398
Maruti,2015-02-23,554307,Poor,4,Diesel,183492,No,50000
Honda,2024-04-16,745602,Average,3,Electric,145749,Yes,114574
Mahindra,2018-11-21,2313950,Poor,4,Petrol,176816,Yes,68810
Honda,2023-05-30,1739761,Average,1,Diesel,156457,Yes,211328
Honda,2019-03-23,988606,Good,2,Petrol,110373,Yes,89004
Maruti,2018-06-28,1588808,Average,3,Hybrid,82288,No,140274
Ford,2024-07-15,764018,Poor,2,Diesel,122943,Yes,97984
Honda,2016-06-02,1245162,Average,3,Hybrid,159716,No,50590
Maruti,2021-10-04,1337693,Poor,4,Electric,47431,Yes,157926
Toyota,2016-07-17,1318599,Excellent,5,Electric,182690,Yes,58276
Mahindra,2022-01-01,2883336,Poor,2,Electric,87164,Yes,333560
Kia,2020-01-15,670896,Good,5,Electric,96110,No,84257
Tata,2018-08-16,2034405,Average,1,Hybrid,127511,Yes,145444
Kia,2019-03-23,645795,Good,2,Hybrid,180599,Yes,50000
Ford,2018-05-30,2348248,Excellent,1,Diesel,123396,Yes,233465
Kia,2018-03-15,2129918,Excellent,1,Electric,140092,Yes,210074
Mahindra,2023-06-04,2830186,Excellent,3,Hybrid,109635,Yes,657986
Audi,2016-05-06,2948612,Good,5,Petrol,89435,No,172735
Maruti,2017-07-26,1032363,Excellent,5,Electric,174731,Yes,57549
Audi,2021-02-06,1176599,Good,4,Hybrid,80792,No,188830
BMW,2021-02-09,2578450,Excellent,3,Hybrid,26128,No,657777
BMW,2024-09-07,967801,Excellent,2,Electric,36987,No,475653
Hyundai,2018-10-26,2352007,Excellent,2,Hybrid,15766,No,452809
Audi,2023-06-30,1074748,Good,5,Hybrid,198385,Yes,99947
Mahindra,2024-05-29,2027985,Excellent,5,Diesel,129760,Yes,412452
Audi,2023-06-12,343804,Poor,3,Petrol,161757,No,50000
Mahindra,2023-05-31,2715799,Excellent,5,Petrol,82515,No,622273
Audi,2017-11-25,2137489,Poor,2,Petrol,76371,No,122019
Toyota,2015-04-25,1190909,Good,1,Electric,88199,No,90056
Tata,2015-09-12,645412,Good,2,Diesel,107536,No,50000
Mahindra,2015-04-22,2809714,Excellent,1,Petrol,105162,Yes,173606
Toyota,2021-01-22,2760657,Poor,3,Hybrid,109948,No,242407
Tata,2019-01-10,481585,Poor,3,Diesel,102244,No,50000
Kia,2017-12-15,343114,Excellent,5,Diesel,74321,No,50000
Maruti,2019-04-20,556463,Excellent,2,Hybrid,145483,Yes,56687
Honda,2024-02-09,1913183,Good,4,Diesel,55755,No,522955
Audi,2022-04-06,2871869,Average,5,Petrol,21222,No,466412
Hyundai,2018-12-11,2145922,Poor,4,Petrol,183388,No,67721
Hyundai,2020-08-24,1657528,Average,2,Diesel,177469,No,115760
Ford,2020-07-17,2072434,Good,5,Electric,167338,No,183808
Kia,2017-05-25,639922,Good,1,Petrol,110611,Yes,50000
Toyota,2019-04-20,1200540,Good,3,Diesel,54935,No,159514
Tata,2018-01-16,341480,Good,5,Petrol,18939,No,50000
Mahindra,2023-01-28,619315,Good,5,Diesel,143015,Yes,77922
Ford,2017-09-06,1316681,Poor,4,Hybrid,35803,Yes,78861
BMW,2020-05-01,2861781,Poor,2,Diesel,157365,No,165782
Toyota,2022-11-04,1015308,Excellent,4,Diesel,42965,No,285308
Maruti,2024-07-24,2847838,Excellent,5,Diesel,5449,No,1141590
Hyundai,2021-10-18,2667517,Excellent,3,Hybrid,41153,No,719216
Hyundai,2015-08-16,2022673,Excellent,3,Electric,61475,No,195632
Ford,2020-07-18,1586926,Excellent,2,Electric,163904,No,205849
Ford,2019-07-11,429016,Poor,3,Electric,108043,No,50000
Maruti,2024-11-04,792793,Average,1,Diesel,100709,No,187593
Honda,2015-11-25,2124427,Poor,1,Diesel,114585,No,81897
Ford,2019-06-24,2393150,Average,2,Diesel,145726,Yes,156598
BMW,2016-12-26,963512,Average,3,Hybrid,183266,No,50000
Toyota,2015-10-14,2015114,Excellent,1,Diesel,177728,No,100558
Honda,2021-10-13,880448,Poor,2,Electric,122328,No,91168
Tata,2023-07-01,2893859,Excellent,2,Petrol,45707,No,933457
Mahindra,2022-09-05,896785,Average,3,Diesel,189081,No,74739
Ford,2020-11-02,2977904,Average,4,Diesel,180959,Yes,167855
BMW,2016-01-19,1092431,Excellent,1,Hybrid,98987,No,99814
BMW,2015-12-02,2090783,Average,1,Electric,124735,Yes,103939
Toyota,2022-02-19,659713,Average,2,Hybrid,187589,No,57443
Toyota,2024-02-20,2825228,Average,4,Petrol,193268,Yes,227890
Audi,2018-09-10,2054533,Good,5,Diesel,148265,Yes,122490
Toyota,2022-05-12,1403093,Poor,5,Electric,162368,Yes,93699
Mahindra,2019-11-05,546369,Average,4,Diesel,138087,No,50000
Kia,2018-02-02,1231624,Excellent,3,Hybrid,137167,Yes,102883
Kia,2017-07-03,2054093,Poor,3,Electric,16968,No,160049
Mahindra,2023-11-09,1955980,Excellent,2,Petrol,57895,No,636770
Audi,2024-07-28,933288,Average,2,Diesel,98984,Yes,182238
Kia,2015-03-03,1491103,Excellent,3,Electric,28109,No,152680
Maruti,2021-04-11,2065602,Average,5,Petrol,197434,No,105143
Ford,2021-01-16,2195146,Poor,2,Petrol,83691,No,202082
Maruti,2023-08-23,748614,Good,2,Diesel,31649,No,232956
BMW,2018-11-11,2659469,Average,5,Electric,100086,Yes,194705
Audi,2015-06-16,578244,Good,2,Petrol,142207,Yes,50000
BMW,2018-10-16,2444035,Excellent,1,Electric,164315,Yes,225088
Maruti,2017-02-11,2981134,Poor,1,Electric,44452,Yes,196876
Mahindra,2016-01-19,677372,Excellent,4,Diesel,94830,No,50339
Maruti,2023-01-24,841092,Average,1,Diesel,132913,Yes,112436
BMW,2017-05-10,958431,Excellent,5,Petrol,7183,No,110425
Maruti,2020-11-07,503455,Average,2,Petrol,162002,Yes,50000
Kia,2016-02-10,2389892,Average,1,Petrol,132461,No,107211
Ford,2020-12-17,513198,Poor,2,Electric,94220,Yes,50000
BMW,2021-01-31,2656234,Excellent,4,Petrol,154010,Yes,267576
Tata,2017-04-19,2653535,Average,5,Hybrid,50691,No,196479
Ford,2021-07-25,1907052,Average,4,Diesel,82179,No,245918
Hyundai,2024-07-15,2337655,Good,5,Hybrid,135111,Yes,417980
Audi,2024-02-18,2988524,Excellent,5,Electric,69846,No,989253
Tata,2021-12-10,1622696,Excellent,3,Petrol,153035,No,222544
Kia,2020-10-23,1972598,Average,3,Diesel,66910,No,254998
Audi,2022-02-28,2425068,Poor,5,Petrol,39726,Yes,244146
Tata,2020-09-28,619817,Poor,2,Petrol,66869,Yes,52701
Maruti,2020-03-20,781676,Average,4,Diesel,69618,Yes,77073
Kia,2015-07-30,1060020,Poor,5,Electric,58580,Yes,50000
Toyota,2021-07-08,1977819,Average,2,Electric,36013,Yes,349715
Toyota,2020-05-10,305907,Average,3,Petrol,135081,Yes,50000
Honda,2019-06-13,2208064,Excellent,2,Diesel,37184,No,408235
Kia,2018-10-01,1352857,Average,4,Petrol,103557,Yes,83619
Maruti,2021-02-27,2362595,Poor,5,Diesel,61441,No,220509
Ford,2016-08-21,983909,Excellent,1,Electric,114483,No,97010
Kia,2020-09-12,2904878,Average,4,Hybrid,178830,No,193096
Audi,2018-05-18,1212990,Good,5,Petrol,68057,No,108917
Maruti,2024-07-12,958863,Average,3,Petrol,191214,Yes,88957
Mahindra,2015-10-06,2110351,Good,5,Electric,120867,No,116155
Audi,2019-05-30,2741766,Poor,3,Hybrid,192593,Yes,93618
Tata,2020-02-28,1793076,Excellent,3,Electric,171779,Yes,175469
BMW,2016-06-14,1043945,Poor,5,Diesel,41066,Yes,50000
Mahindra,2016-04-03,2709369,Average,3,Hybrid,6666,No,224110
Ford,2020-04-08,1174692,Poor,4,Hybrid,128992,Yes,69364
Ford,2022-09-10,2673762,Average,3,Petrol,19586,Yes,474267
Honda,2016-11-06,921055,Average,2,Petrol,56356,No,64375
Maruti,2024-03-06,1318960,Poor,3,Diesel,59300,Yes,205510
Audi,2016-03-14,1145486,Excellent,4,Diesel,172823,No,54075
Ford,2015-10-13,2529884,Poor,5,Electric,188060,Yes,50000
Honda,2022-08-20,2277952,Poor,1,Diesel,9115,Yes,370756
Maruti,2024-06-05,1137249,Excellent,1,Diesel,24654,No,521198
Tata,2019-10-06,1840354,Good,3,Petrol,157981,Yes,128336
Mahindra,2018-02-07,1017663,Good,1,Electric,89323,No,120496
Audi,2022-09-09,1143739,Good,3,Diesel,180829,Yes,115419
Ford,2016-05-29,1925106,Good,5,Petrol,103177,Yes,95851
Honda,2021-11-02,408242,Good,2,Diesel,91357,No,73655
Audi,2018-08-04,2438623,Good,2,Diesel,82468,No,270525
Tata,2021-02-08,1050046,Poor,1,Hybrid,7016,No,159132
Mahindra,2023-04-24,2538878,Good,5,Diesel,49038,No,589564
Toyota,2015-03-12,2776996,Good,4,Diesel,160493,No,101725
Audi,2023-05-17,605833,Good,2,Hybrid,108304,No,137517
Toyota,2020-09-22,1824368,Good,4,Petrol,165586,No,147795
Kia,2016-08-10,2838766,Poor,3,Petrol,20630,Yes,139893
Honda,2020-07-29,1642521,Average,3,Hybrid,71975,Yes,191915
Ford,2017-12-17,1801434,Average,5,Electric,84795,No,136254
Maruti,2017-04-04,1133735,Average,4,Electric,112230,No,70900
BMW,2022-09-19,927578,Excellent,1,Diesel,63738,No,276156
Audi,2015-04-12,569487,Average,2,Hybrid,22996,No,50000
Mahindra,2020-08-12,2359409,Poor,5,Electric,44983,No,244169
Toyota,2017-09-11,2221252,Poor,5,Hybrid,161571,No,73059
Hyundai,2016-09-22,2257262,Average,1,Electric,77668,No,180368
Mahindra,2023-10-25,2193138,Poor,4,Diesel,149221,Yes,190542
Mahindra,2016-01-08,796431,Poor,3,Diesel,18302,No,50000
Hyundai,2021-01-17,835771,Good,3,Petrol,93974,No,115760
Tata,2020-11-14,1562386,Good,4,Hybrid,12180,No,317141
Maruti,2021-04-17,406096,Poor,1,Hybrid,66312,Yes,50000
Hyundai,2021-02-15,1126028,Good,1,Petrol,140040,Yes,122664
Ford,2024-06-12,474469,Excellent,1,Hybrid,36983,No,222250
Hyundai,2015-11-04,1717940,Excellent,3,Hybrid,188349,No,75856
BMW,2024-05-30,2184005,Poor,2,Electric,162680,Yes,241207
Hyundai,2021-01-28,1770148,Poor,4,Electric,11714,No,237225
Mahindra,2018-10-28,432527,Good,1,Diesel,180217,No,50000
Mahindra,2015-09-04,1190440,Poor,1,Petrol,183930,Yes,50000
Honda,2024-09-07,2474729,Good,4,Diesel,126411,Yes,475309
Ford,2019-11-13,2610873,Excellent,4,Hybrid,185273,No,215282
BMW,2019-04-14,2321073,Excellent,3,Petrol,122476,Yes,224589
Toyota,2016-11-24,2493855,Excellent,4,Diesel,186381,Yes,106041
Mahindra,2015-07-17,2398783,Excellent,3,Diesel,62138,No,201437
Mahindra,2016-12-12,1721105,Average,3,Diesel,96252,Yes,93383
Maruti,2024-07-08,1665779,Average,3,Hybrid,140656,No,286934
Tata,2023-04-12,2406411,Average,4,Hybrid,102678,No,396236
Audi,2021-02-18,1033168,Poor,3,Petrol,21507,Yes,105954
Mahindra,2022-09-12,2259374,Good,2,Hybrid,69106,No,553387
Honda,2021-10-10,2831423,Average,4,Petrol,188669,Yes,162225
Mahindra,2016-09-10,534101,Poor,3,Hybrid,90629,Yes,50000
BMW,2015-11-24,1266481,Excellent,1,Hybrid,52846,No,138776
Maruti,2015-11-18,2081302,Excellent,5,Hybrid,78881,No,162794
Honda,2020-04-25,786616,Poor,2,Hybrid,136943,Yes,50000
Kia,2017-07-30,2784589,Good,2,Hybrid,147144,Yes,176728
Toyota,2020-10-16,1642806,Poor,4,Diesel,144759,No,99873
BMW,2015-07-25,1617317,Good,5,Hybrid,46421,No,114808
Ford,2021-03-04,1010381,Excellent,5,Electric,52159,No,222563
BMW,2022-06-13,2145927,Good,4,Hybrid,190921,Yes,192010
Maruti,2023-07-27,1310767,Average,5,Electric,122542,Yes,183134
Hyundai,2019-07-14,542412,Good,3,Electric,69536,No,79775
Mahindra,2023-02-04,869277,Excellent,5,Diesel,92151,No,193683
Mahindra,2017-07-31,1769650,Good,3,Electric,156617,Yes,106093
Honda,2015-08-07,1237804,Poor,1,Diesel,45813,No,62289
Mahindra,2023-02-10,428351,Good,2,Electric,60763,No,123533
Hyundai,2024-08-19,1264742,Average,5,Petrol,197403,Yes,100042
Ford,2017-03-01,2868461,Poor,1,Diesel,109386,No,139644
Mahindra,2021-01-12,326517,Poor,5,Electric,20041,No,50000
Ford,2016-11-02,1996552,Good,1,Electric,13327,No,261868
Ford,2020-07-15,1781176,Excellent,5,Hybrid,148283,Yes,183479
Honda,2015-05-19,1215376,Poor,3,Hybrid,61108,No,53250
Maruti,2018-12-01,434163,Average,4,Hybrid,154440,Yes,50000
Kia,2021-09-16,1642176,Excellent,1,Hybrid,72936,No,425448
Hyundai,2015-10-08,2360085,Average,1,Hybrid,15828,No,194123
BMW,2018-07-22,2608219,Average,4,Hybrid,173116,No,128112
Mahindra,2023-01-24,978327,Poor,1,Electric,185821,Yes,75964
Maruti,2020-12-30,2207483,Good,3,Diesel,173514,No,199514
Honda,2018-10-12,2126783,Excellent,5,Hybrid,45205,No,307166
Audi,2023-10-21,957030,Average,4,Petrol,95563,No,155607
Tata,2023-10-27,1330681,Excellent,1,Electric,28753,No,616789
Kia,2016-09-10,942203,Excellent,1,Hybrid,24752,No,130884
Mahindra,2019-05-20,939728,Excellent,4,Petrol,8063,No,159452
Tata,2016-07-03,1484146,Excellent,3,Diesel,104789,Yes,107674
Tata,2024-04-19,2728955,Poor,5,Electric,11109,Yes,524289
Audi,2024-04-17,2823984,Poor,4,Diesel,196336,No,202615
Ford,2018-06-30,2704886,Poor,2,Diesel,136266,No,133417
Honda,2020-12-21,653784,Good,4,Petrol,48135,No,103302
BMW,2019-12-03,2055683,Average,2,Petrol,151831,Yes,129599
Kia,2020-11-10,1041577,Good,5,Electric,32453,No,196183
Toyota,2017-07-16,2649655,Average,4,Electric,6042,Yes,244424
Audi,2015-02-02,2858466,Poor,4,Hybrid,157868,Yes,60417
Kia,2017-12-17,2347088,Good,5,Petrol,170643,Yes,98862
Toyota,2021-06-08,906555,Poor,4,Petrol,188541,Yes,50000
Toyota,2022-08-15,1870574,Excellent,3,Hybrid,74773,No,501775
Tata,2021-02-25,2735599,Average,3,Hybrid,52115,No,424109
Tata,2017-07-21,413456,Average,1,Electric,69280,No,50000
Mahindra,2023-05-11,1982958,Average,2,Petrol,39007,Yes,385047
BMW,2021-05-03,1154471,Excellent,3,Hybrid,131857,No,187622
BMW,2017-05-22,704616,Excellent,4,Electric,109945,No,68346
Ford,2018-08-01,2469619,Poor,1,Hybrid,70566,Yes,174963
BMW,2022-05-13,1130381,Average,2,Diesel,113426,Yes,143026
BMW,2018-07-26,2733833,Excellent,4,Hybrid,36504,No,419036
Audi,2018-04-04,2200687,Average,5,Petrol,118491,Yes,109179
Mahindra,2022-04-29,1874357,Good,2,Diesel,9710,No,509313
Tata,2018-01-04,1428097,Good,3,Diesel,123207,No,110990
Ford,2024-03-19,1246982,Excellent,3,Electric,62071,No,486512
Kia,2019-02-25,938882,Average,4,Hybrid,76848,No,89373
Audi,2015-03-29,2283158,Good,1,Diesel,127119,No,122860
Toyota,2015-10-08,487638,Poor,2,Diesel,113732,Yes,50000
Ford,2022-11-28,514510,Poor,2,Diesel,132736,No,53141
Toyota,2024-12-25,1297329,Poor,2,Hybrid,27456,No,326387
Hyundai,2024-03-12,1772961,Average,1,Hybrid,136351,Yes,297594
Maruti,2018-05-25,1404407,Excellent,2,Diesel,160964,No,115774
Ford,2023-04-04,607656,Poor,4,Petrol,132370,Yes,50024
Mahindra,2024-06-07,2924168,Good,1,Petrol,137800,No,614560
Kia,2022-01-10,1869190,Excellent,4,Petrol,138627,No,269538
Honda,2020-07-27,2514415,Good,3,Petrol,128432,No,268397
BMW,2023-03-06,2989185,Poor,4,Diesel,114855,Yes,287470
Mahindra,2016-11-09,2957621,Average,1,Electric,15798,No,308623
Kia,2019-01-27,1604271,Poor,3,Diesel,57516,Yes,109760
Honda,2018-02-28,2415294,Poor,4,Electric,186200,No,79523
BMW,2021-02-25,2811958,Average,1,Diesel,111185,Yes,311309
Kia,2024-05-12,446673,Poor,5,Hybrid,52229,No,77760
Hyundai,2017-09-15,492989,Good,1,Petrol,12339,No,61533
Toyota,2023-10-09,600382,Good,4,Petrol,193332,No,63328
BMW,2024-03-11,776637,Average,5,Diesel,16078,Yes,169549
Mahindra,2022-04-24,1322374,Good,4,Diesel,123469,Yes,175568
Honda,2024-01-14,979392,Average,1,Hybrid,29521,No,294201
Tata,2018-11-27,1026302,Average,3,Diesel,144290,No,65009
Maruti,2024-04-29,1005583,Good,2,Hybrid,166001,No,186296
Hyundai,2024-10-30,935018,Average,1,Diesel,57126,Yes,242129
BMW,2018-05-25,1995280,Poor,2,Petrol,76075,No,123624
Tata,2016-10-23,1828784,Poor,4,Electric,66835,No,99055
Audi,2021-09-08,1882525,Poor,2,Diesel,66939,Yes,199916
BMW,2022-04-20,1509070,Good,1,Hybrid,127754,No,272097
Kia,2016-07-13,962377,Poor,3,Petrol,42935,No,50000
Kia,2024-07-17,720055,Average,1,Hybrid,131171,No,146602
Maruti,2016-07-31,1964460,Excellent,2,Electric,16006,No,279059
BMW,2020-08-13,728535,Average,2,Electric,152925,Yes,61989
Toyota,2020-08-10,2392210,Excellent,3,Electric,135808,Yes,322483
Mahindra,2019-02-04,2334296,Good,4,Electric,170141,Yes,153124
Audi,2022-07-07,2914571,Excellent,5,Hybrid,97187,No,615022
Mahindra,2020-10-05,2614193,Good,1,Electric,116531,Yes,373819
Ford,2017-12-06,2117263,Poor,5,Diesel,44404,Yes,112726
Maruti,2016-05-29,841979,Good,1,Diesel,162536,No,50000
Mahindra,2015-10-14,2718656,Good,4,Petrol,35199,No,194240
BMW,2021-06-03,605414,Good,4,Diesel,195967,Yes,50000
Audi,2016-07-13,1506051,Poor,1,Hybrid,184160,No,50000
Audi,2015-10-11,844628,Excellent,3,Petrol,36639,No,76156
Mahindra,2023-12-14,1769780,Excellent,1,Hybrid,112610,No,544899
Audi,2021-07-26,461718,Excellent,3,Electric,76494,No,110017
Hyundai,2024-01-14,560258,Excellent,3,Diesel,64530,No,185431
Honda,2021-03-10,2520596,Poor,5,Hybrid,176620,No,130420
Maruti,2016-09-05,2959851,Poor,1,Hybrid,177112,No,91580
Maruti,2020-08-04,385039,Good,1,Electric,19480,No,90991
BMW,2020-11-01,741142,Poor,1,Electric,140517,Yes,55943
Audi,2022-10-21,2872540,Good,5,Petrol,71551,No,521915
Maruti,2020-12-20,2977379,Good,3,Petrol,67365,No,459882
Mahindra,2015-07-08,1612229,Poor,1,Diesel,65956,No,73711
Mahindra,2015-07-29,2167105,Good,2,Hybrid,47979,No,181881
Ford,2021-05-19,2189789,Excellent,5,Petrol,42085,No,427612
Ford,2016-06-06,2047029,Good,1,Petrol,46581,No,182913
Mahindra,2017-08-26,1960249,Poor,3,Petrol,105178,Yes,79820
Ford,2019-03-30,2822910,Average,1,Electric,21204,No,425864
Maruti,2017-03-11,2592133,Good,1,Hybrid,105760,Yes,206666
Tata,2024-04-08,1415902,Good,3,Hybrid,137236,No,299043
Toyota,2024-10-13,2451546,Good,2,Diesel,162624,No,470219
BMW,2017-02-19,1590479,Poor,4,Petrol,64974,No,75402
Ford,2023-07-30,807216,Good,4,Electric,111114,Yes,159645
Toyota,2018-06-20,1505053,Excellent,5,Electric,151637,Yes,115044
Honda,2019-07-11,468735,Poor,5,Hybrid,59193,Yes,50000
Hyundai,2021-10-31,2444514,Average,5,Hybrid,140222,Yes,218238
Audi,2019-05-28,2880812,Average,2,Electric,91225,Yes,285664
BMW,2015-09-09,2357201,Poor,5,Diesel,179847,No,50000
Tata,2016-11-14,2454221,Average,2,Hybrid,177224,Yes,89225
Hyundai,2020-04-11,2009190,Good,2,Hybrid,194815,Yes,136114
Hyundai,2018-02-10,1736037,Poor,5,Hybrid,29280,No,119488
Audi,2022-08-09,1106130,Excellent,1,Petrol,37220,No,335674
Mahindra,2021-07-30,1625446,Poor,3,Diesel,116570,Yes,126434
Hyundai,2021-10-21,2012185,Average,5,Electric,176501,No,163194
Mahindra,2018-07-22,581941,Good,3,Electric,83414,No,68613
Honda,2022-09-29,2840612,Poor,2,Hybrid,67315,Yes,381496
Hyundai,2017-01-30,1471801,Good,5,Hybrid,46200,No,133883
Audi,2022-04-15,1659250,Poor,3,Hybrid,32966,Yes,224912
Maruti,2018-12-07,1235801,Excellent,1,Hybrid,79204,No,198215
Honda,2015-08-13,2211689,Excellent,4,Hybrid,169330,Yes,93625
Toyota,2019-10-20,2442754,Average,4,Hybrid,121623,Yes,185903
Kia,2020-07-18,616914,Excellent,3,Petrol,97554,No,92870
Mahindra,2022-07-06,1596566,Average,5,Electric,140966,Yes,168338
Hyundai,2023-04-25,2247464,Poor,3,Electric,86219,No,340250
Kia,2018-09-24,2038421,Excellent,1,Petrol,70959,No,287146
Hyundai,2015-04-27,2106685,Poor,1,Electric,175052,No,56438
Audi,2016-12-16,1968254,Poor,5,Petrol,181983,Yes,50000
Honda,2020-03-01,1294974,Good,1,Electric,77772,No,226164
Ford,2024-09-23,1043131,Average,1,Hybrid,130190,No,220180
Hyundai,2024-11-10,1467397,Excellent,3,Electric,104197,Yes,471011
Tata,2017-03-28,2729200,Excellent,3,Petrol,46347,No,300626
Ford,2017-12-30,2956866,Good,1,Diesel,41122,No,373062
Hyundai,2020-09-24,493169,Poor,5,Electric,182094,No,50000
Toyota,2015-09-22,1104208,Good,4,Diesel,178528,Yes,50000
Kia,2021-12-28,953845,Excellent,1,Hybrid,167586,Yes,135784
Tata,2018-05-30,911901,Poor,1,Petrol,104855,Yes,50000
Mahindra,2019-01-16,2967134,Good,4,Electric,162246,Yes,204731
Tata,2020-03-16,637726,Good,3,Hybrid,12673,No,122797
Toyota,2015-07-28,2465557,Average,1,Petrol,179868,Yes,65383
Honda,2022-03-14,1278038,Average,4,Diesel,9870,No,243404
Maruti,2018-08-01,2773861,Average,2,Electric,86869,No,272985
Kia,2017-06-18,706780,Average,1,Electric,105396,No,55722
Hyundai,2015-10-09,2594549,Poor,4,Diesel,177390,No,55055
Audi,2023-04-22,2597763,Poor,5,Diesel,197479,Yes,132953
BMW,2018-06-15,1485778,Average,2,Petrol,78423,Yes,110336
BMW,2015-06-12,1899739,Excellent,3,Diesel,195484,Yes,62111
Honda,2024-12-30,855764,Poor,3,Petrol,81630,Yes,128982
Tata,2024-12-19,605496,Average,3,Diesel,11689,No,190321
Mahindra,2019-07-12,2074377,Excellent,5,Diesel,76424,No,278313
Audi,2023-03-25,1027023,Excellent,3,Hybrid,98707,No,271801
Toyota,2018-06-28,2411876,Average,1,Petrol,75164,Yes,192420
Maruti,2020-03-05,616408,Excellent,3,Electric,59002,No,126311
Toyota,2016-12-03,1093876,Good,5,Electric,64718,No,95511
Ford,2020-03-26,1486669,Poor,4,Electric,191202,No,65554
Maruti,2015-06-16,2494178,Good,4,Electric,132608,Yes,116704
Hyundai,2022-05-21,2515789,Good,5,Petrol,95222,No,382750
Kia,2016-10-20,1194071,Average,4,Diesel,30538,No,87817
Kia,2024-11-07,932060,Excellent,3,Hybrid,134911,No,263436
BMW,2017-01-17,2646379,Average,4,Petrol,156870,No,100388
Ford,2020-07-09,1369016,Good,1,Petrol,151715,Yes,125293
Hyundai,2023-03-25,2253498,Good,4,Hybrid,153340,Yes,307786
Maruti,2020-11-24,2176251,Poor,2,Petrol,78860,Yes,180036
Mahindra,2022-11-12,2382475,Excellent,3,Petrol,40611,No,670058
Toyota,2016-10-20,1205818,Average,2,Hybrid,119678,No,70748
Audi,2020-06-14,1311443,Average,4,Petrol,34565,Yes,144479
BMW,2020-04-16,2868476,Excellent,5,Diesel,156306,No,280067
Tata,2019-11-07,2461539,Average,3,Petrol,121931,No,194058
Hyundai,2018-11-15,2378855,Average,1,Diesel,48774,Yes,241824
Kia,2022-10-21,631968,Good,5,Diesel,127826,No,92719
Maruti,2019-11-06,2979425,Good,1,Petrol,18278,No,515899
Mahindra,2019-02-17,1034595,Poor,5,Electric,42898,Yes,76318
Honda,2018-12-21,1893333,Good,4,Diesel,104616,No,179568
Mahindra,2020-06-23,1325618,Poor,2,Petrol,179940,Yes,55593
Tata,2016-12-31,612858,Good,5,Hybrid,96719,No,50000
Audi,2022-08-11,1512850,Good,4,Hybrid,10841,No,409325
Maruti,2024-02-12,1698520,Poor,4,Electric,77165,Yes,259577
Maruti,2021-10-23,1034614,Average,2,Diesel,39536,Yes,167034
Hyundai,2024-09-21,2609401,Average,1,Hybrid,46626,No,821095
Kia,2022-05-19,634424,Poor,2,Hybrid,145255,Yes,53405
Audi,2015-05-17,756861,Average,4,Petrol,64224,No,50000
Maruti,2022-02-07,2301084,Average,5,Petrol,20846,No,364676
Audi,2019-10-07,2694496,Average,5,Petrol,52414,No,258937
Maruti,2018-04-20,2843551,Poor,4,Diesel,40899,Yes,173165
Hyundai,2022-12-11,2440669,Good,3,Electric,181933,No,320270
Maruti,2020-04-28,575723,Excellent,2,Hybrid,58342,No,120384
Toyota,2018-05-28,2418178,Average,3,Diesel,140256,Yes,130363
Ford,2020-10-20,1077829,Average,1,Hybrid,97328,Yes,129052
Kia,2019-05-18,2947318,Excellent,5,Petrol,62902,No,381924
Mahindra,2016-07-15,1755093,Good,1,Petrol,73507,No,142619
Toyota,2022-07-30,646626,Excellent,4,Hybrid,78250,No,160145
Honda,2024-06-23,1139284,Average,5,Diesel,107462,No,196289
BMW,2017-06-20,328587,Average,5,Hybrid,36608,No,50000
Mahindra,2024-06-24,1915495,Good,3,Electric,104700,No,533759
Toyota,2017-10-01,2251990,Good,1,Electric,120863,Yes,192665
Honda,2015-06-18,2213497,Average,5,Diesel,95144,Yes,84283
Mahindra,2019-10-17,1639641,Poor,1,Hybrid,12772,No,196726
Hyundai,2015-10-05,2759905,Average,5,Hybrid,133056,Yes,95892
Tata,2023-03-20,409635,Excellent,4,Diesel,39081,No,124144
Tata,2017-10-20,2393185,Average,2,Petrol,103716,No,157339
Audi,2021-10-28,2839719,Poor,5,Electric,71891,Yes,288037
BMW,2018-03-29,992299,Good,3,Hybrid,9366,No,140386
Tata,2020-01-24,2485525,Average,1,Diesel,129795,Yes,207766
Mahindra,2022-05-29,2834008,Good,5,Electric,21498,No,714588
BMW,2015-11-06,2400236,Excellent,1,Hybrid,16005,No,299800
Audi,2019-08-08,2818045,Good,4,Hybrid,19705,No,453087
Kia,2024-08-20,2282343,Poor,5,Hybrid,27829,No,456327
Tata,2016-10-01,821212,Poor,1,Petrol,136890,Yes,50000
Kia,2020-11-21,2850514,Excellent,4,Hybrid,121312,Yes,389170
Hyundai,2017-03-07,736596,Average,1,Electric,162048,No,50000
Kia,2016-03-02,1465878,Average,3,Diesel,119810,No,68840
Honda,2015-05-19,999878,Good,4,Hybrid,141345,No,50000
Audi,2022-02-12,877655,Excellent,3,Diesel,25596,No,247753
Kia,2019-11-25,2349801,Poor,3,Hybrid,104247,Yes,158363
Toyota,2023-04-28,1594420,Excellent,3,Diesel,52792,No,493235
Ford,2021-09-21,2237699,Poor,4,Diesel,48704,No,256208
BMW,2024-01-04,462872,Poor,1,Petrol,21452,No,93551
Audi,2024-07-09,2308411,Average,3,Diesel,44371,Yes,538469
Honda,2018-03-21,2738706,Good,3,Electric,53404,No,348056
Ford,2018-12-18,981709,Excellent,3,Hybrid,45432,No,164193
Hyundai,2017-08-10,1595279,Average,2,Diesel,57228,No,134661
BMW,2016-01-08,824653,Excellent,5,Petrol,86528,No,55739
BMW,2016-02-24,1870794,Average,2,Diesel,96324,Yes,94048
Kia,2024-03-14,1571395,Average,4,Hybrid,172016,No,194991
Kia,2015-07-30,1485146,Excellent,5,Petrol,38856,No,114253
Ford,2019-01-28,2250652,Average,3,Electric,195740,Yes,100092
Tata,2021-03-08,1546319,Good,4,Diesel,21359,No,299712
Honda,2015-01-04,2799861,Average,5,Petrol,67762,Yes,104812
Kia,2023-02-26,2409595,Good,1,Electric,72977,No,699102
Kia,2019-02-19,845485,Excellent,1,Diesel,176484,No,73503
Tata,2015-06-11,1176977,Poor,2,Diesel,67227,No,50235
Honda,2023-05-16,2917977,Average,1,Diesel,6729,No,799626
BMW,2022-02-17,2330414,Average,3,Diesel,72585,No,364277
Ford,2020-11-15,408627,Good,5,Diesel,78132,No,56441
Honda,2017-01-26,666857,Good,4,Diesel,154898,Yes,50000
BMW,2015-08-13,2554132,Poor,1,Hybrid,122885,Yes,86206
Toyota,2016-10-16,1189700,Excellent,3,Electric,48111,No,146960
Honda,2023-04-28,1590248,Average,5,Diesel,132331,Yes,177953
Toyota,2021-01-16,1863468,Poor,5,Petrol,14501,No,190670
Kia,2022-08-01,1163984,Good,1,Electric,142296,Yes,192373
Audi,2024-08-05,1163243,Average,2,Petrol,93234,No,243155
Toyota,2019-08-06,571409,Good,2,Diesel,120431,Yes,55453
Honda,2022-01-30,669044,Average,2,Hybrid,48604,No,129128
Tata,2018-02-14,1486319,Good,4,Diesel,147994,No,95530
Audi,2018-05-07,496532,Good,3,Petrol,149126,Yes,50000
Hyundai,2017-06-07,1618034,Average,1,Diesel,41049,No,149044
Toyota,2019-06-03,2606208,Average,1,Petrol,79022,Yes,237758
Tata,2016-11-02,1447667,Excellent,2,Hybrid,76794,No,158623
Ford,2015-11-12,1068219,Good,1,Petrol,40775,No,89041
Toyota,2015-07-12,1771618,Average,2,Electric,14390,No,142150
Kia,2017-04-03,1502543,Good,2,Electric,170901,Yes,81194
Ford,2017-01-25,1748434,Poor,3,Diesel,28294,No,107508
Ford,2023-03-09,2012568,Excellent,2,Diesel,132767,Yes,391306
Mahindra,2019-11-13,446686,Good,5,Hybrid,86063,No,53868
Mahindra,2023-09-16,2460936,Poor,5,Petrol,113445,No,253755
Mahindra,2022-08-14,1770406,Excellent,3,Petrol,179663,Yes,199730
Hyundai,2016-08-16,1911360,Average,4,Petrol,160308,Yes,59467
Ford,2018-07-22,2326729,Poor,2,Electric,126697,No,139023
Tata,2022-02-24,1047964,Poor,3,Diesel,151719,Yes,72321
Kia,2015-05-17,2827741,Poor,2,Petrol,122621,No,84890
Mahindra,2022-08-27,2674814,Good,4,Electric,179047,Yes,291549
Maruti,2016-02-23,2662154,Poor,4,Hybrid,40742,No,135425
Kia,2018-04-05,2311891,Average,2,Diesel,144640,Yes,124963
BMW,2020-01-07,646368,Poor,3,Electric,179404,Yes,50000
Toyota,2024-04-06,2401606,Good,1,Diesel,100398,Yes,582632
Honda,2016-06-29,1643655,Excellent,5,Electric,56424,No,166252
Tata,2018-12-11,2163184,Good,1,Hybrid,36661,No,345461
Honda,2023-12-14,1277144,Good,2,Diesel,45955,No,395653
Toyota,2024-04-26,693101,Average,5,Electric,88348,Yes,130482
Maruti,2022-12-27,808331,Good,2,Electric,141598,Yes,136159
Mahindra,2021-12-03,594549,Good,5,Hybrid,86993,No,99736
Toyota,2016-07-27,749076,Good,4,Electric,117346,Yes,50000
Maruti,2023-03-24,2306176,Excellent,2,Petrol,140911,Yes,400787
BMW,2015-08-04,1927745,Excellent,2,Petrol,162301,Yes,83761
Ford,2023-11-15,1653982,Average,1,Petrol,77341,No,348442
Honda,2021-05-20,981669,Excellent,3,Electric,181022,Yes,108770
Mahindra,2016-03-30,1900048,Good,2,Electric,77875,No,166548
Toyota,2024-08-30,1303607,Average,4,Petrol,7685,Yes,313692
Ford,2024-06-05,2488235,Poor,3,Electric,148108,No,320823
Maruti,2023-03-15,2204427,Good,5,Electric,162036,Yes,281973
Toyota,2016-05-04,726743,Poor,2,Hybrid,63912,Yes,50000
Honda,2023-02-28,2207451,Average,2,Hybrid,178062,Yes,221651
Tata,2016-10-25,1079849,Good,5,Hybrid,131120,No,62599
Tata,2017-08-11,2826769,Poor,1,Electric,180343,No,105275
Hyundai,2017-04-22,2621927,Excellent,2,Electric,170725,Yes,171698
Audi,2015-05-24,2506167,Average,2,Electric,79688,Yes,136590
Kia,2015-07-26,307335,Poor,2,Diesel,94979,No,50000
Maruti,2022-10-05,2298004,Good,3,Petrol,140037,Yes,293911
Tata,2019-08-29,2959760,Excellent,3,Petrol,109812,Yes,326118
Maruti,2016-05-14,475954,Poor,1,Electric,188796,No,50000
Toyota,2017-06-01,2481567,Average,1,Hybrid,63319,Yes,200037
Maruti,2020-04-15,2688514,Average,4,Hybrid,20919,Yes,346522
Hyundai,2021-09-26,458890,Average,1,Petrol,154805,Yes,50000
Kia,2018-05-17,1632752,Good,3,Hybrid,117790,Yes,133213
Honda,2020-11-01,1798266,Good,2,Electric,114396,Yes,250119
Hyundai,2020-01-20,1839871,Excellent,1,Diesel,143929,Yes,211159
Hyundai,2021-03-11,781442,Good,2,Diesel,115237,Yes,101157
Mahindra,2019-03-16,1414905,Poor,1,Petrol,30059,Yes,114171
Mahindra,2019-06-02,842846,Average,5,Petrol,73564,No,70004
Hyundai,2021-11-26,2914940,Poor,5,Electric,106438,No,282388
Audi,2024-11-11,909804,Poor,4,Electric,162209,Yes,97089
Honda,2021-08-25,2392365,Poor,2,Hybrid,20663,No,358652
Kia,2019-05-27,1192608,Poor,3,Hybrid,37920,No,110257
Mahindra,2024-09-14,674950,Poor,5,Diesel,81195,Yes,92561
Kia,2022-10-24,1798814,Good,3,Petrol,74395,No,363590
Toyota,2016-04-24,1378811,Average,1,Diesel,24810,No,112501
Audi,2022-11-14,891498,Poor,2,Hybrid,37454,No,153210
Ford,2021-06-01,2547428,Average,3,Petrol,43019,No,373895
Toyota,2017-07-23,2618759,Average,5,Petrol,164611,No,96119
BMW,2021-08-01,1320163,Excellent,4,Diesel,185890,Yes,120772
Kia,2017-01-03,2209761,Average,3,Hybrid,77570,Yes,140990
Tata,2018-06-25,1511362,Average,1,Diesel,93080,Yes,118736
Toyota,2021-02-25,2229690,Good,3,Diesel,139743,No,261889
Hyundai,2023-07-31,2278377,Poor,4,Diesel,196244,Yes,131097
Kia,2020-07-11,1763220,Poor,4,Hybrid,62663,Yes,150676
BMW,2021-06-17,1745635,Average,1,Hybrid,115032,Yes,212267
BMW,2020-12-21,1187326,Average,5,Electric,175726,Yes,76169
Toyota,2019-02-19,2361406,Average,4,Diesel,128870,Yes,145059
Mahindra,2020-08-29,935071,Poor,2,Diesel,19252,Yes,101224
Mahindra,2019-07-13,1354197,Poor,5,Diesel,29755,Yes,98870
Audi,2024-02-14,2531954,Average,3,Petrol,146055,Yes,311073
Ford,2024-12-10,2153249,Good,2,Petrol,85338,No,618090
Audi,2016-07-10,927123,Excellent,2,Electric,81915,No,100195
Maruti,2017-06-02,1792946,Poor,5,Petrol,30565,No,96018
Hyundai,2020-12-15,1256488,Good,5,Hybrid,88484,No,178859
Hyundai,2022-10-04,511213,Poor,4,Petrol,27606,Yes,63063
Mahindra,2024-06-10,1949858,Poor,5,Hybrid,96228,No,282795
Toyota,2023-07-22,2214330,Good,4,Hybrid,197940,No,246574
Ford,2019-08-29,2519429,Good,1,Diesel,152494,No,237325
Kia,2022-03-04,2103917,Poor,5,Petrol,5907,No,266403
Honda,2024-09-17,1256093,Excellent,3,Diesel,164814,Yes,239783
Maruti,2021-10-16,1650337,Good,1,Hybrid,195336,No,166444
Honda,2015-02-08,381299,Poor,4,Electric,11738,No,50000
BMW,2020-07-29,1150131,Good,3,Petrol,70717,No,164214
Mahindra,2021-12-21,2032232,Good,3,Petrol,38320,No,415580
Ford,2016-01-28,1815159,Good,2,Diesel,175521,Yes,68878
Tata,2023-06-02,2419086,Excellent,4,Petrol,103306,Yes,479794
Mahindra,2019-06-18,2871456,Poor,4,Hybrid,157959,No,137222
Honda,2024-02-10,2107163,Good,1,Diesel,76253,No,621029
Hyundai,2024-04-26,529607,Poor,5,Petrol,139443,Yes,50000
BMW,2022-06-26,2745260,Good,5,Hybrid,110360,No,449185
Toyota,2020-12-04,2379578,Average,2,Petrol,136747,Yes,194633
Toyota,2020-09-24,648397,Poor,1,Diesel,185127,Yes,50000
Audi,2019-01-04,1560118,Excellent,4,Electric,128020,Yes,160412
Hyundai,2015-12-25,2585132,Poor,4,Diesel,152651,Yes,61400
Tata,2024-11-10,1043374,Excellent,5,Electric,98130,No,341021
Ford,2020-12-27,2635639,Good,4,Hybrid,111192,Yes,321964
Maruti,2023-06-27,2228986,Excellent,4,Electric,154095,Yes,402666
Audi,2019-08-15,855827,Excellent,2,Diesel,25151,No,170180
Ford,2023-07-07,385450,Average,1,Electric,139122,Yes,60486
Mahindra,2019-03-31,2054798,Average,2,Hybrid,11622,No,286818
Tata,2023-06-26,1882770,Poor,3,Diesel,129592,Yes,185480
Honda,2016-12-09,2566001,Excellent,5,Diesel,182217,Yes,107168
Mahindra,2018-02-05,781566,Poor,2,Petrol,92099,Yes,50000
Ford,2015-07-10,1634025,Average,1,Diesel,46206,Yes,97301
Kia,2022-06-19,1212031,Poor,3,Petrol,85936,No,131803
Ford,2024-02-19,2567379,Poor,3,Diesel,181746,Yes,195136
Mahindra,2018-09-01,2079021,Good,2,Diesel,17464,No,303310
Hyundai,2023-06-26,976290,Average,5,Electric,66031,Yes,177374
Ford,2016-03-07,2966793,Poor,3,Electric,146373,Yes,91074
Maruti,2021-06-16,2136765,Good,2,Petrol,177680,Yes,178457
Audi,2024-03-06,1255478,Poor,3,Diesel,149245,Yes,122520
Maruti,2017-07-19,1208675,Average,1,Hybrid,13946,Yes,120298
Mahindra,2019-03-15,1488008,Excellent,3,Hybrid,61447,No,242427
Audi,2018-01-13,1862726,Excellent,5,Petrol,64189,No,193011
Mahindra,2016-07-05,2190352,Poor,3,Diesel,164857,Yes,55055
Hyundai,2016-11-05,1247226,Average,3,Electric,191253,Yes,50000
Honda,2019-06-26,1174746,Good,2,Electric,155996,No,113046
Hyundai,2023-08-22,842277,Excellent,2,Diesel,63228,No,277387
Toyota,2023-08-06,2128286,Excellent,1,Petrol,159976,Yes,363911
Honda,2016-08-14,835341,Average,2,Electric,58820,No,67602
Mahindra,2020-11-29,1612215,Poor,4,Electric,94124,Yes,135206
Maruti,2024-12-03,2982289,Good,3,Electric,132035,No,768169
Tata,2017-02-07,1116482,Poor,4,Electric,149727,Yes,50000
Audi,2019-03-23,1864948,Excellent,4,Petrol,71282,No,241596
Kia,2017-07-01,807758,Good,4,Hybrid,157021,Yes,50000
Kia,2021-08-15,841136,Good,5,Electric,14291,No,191477
Hyundai,2022-05-01,1568143,Average,3,Petrol,130728,Yes,158324
Toyota,2022-01-06,2301048,Poor,1,Hybrid,143332,No,216178
Hyundai,2022-03-11,1842201,Average,5,Diesel,62461,Yes,242994
Ford,2018-08-30,2075146,Average,2,Petrol,98901,No,160751
Ford,2022-10-08,1492557,Poor,4,Petrol,147706,Yes,103125
Kia,2016-02-09,1027680,Good,3,Petrol,31559,No,83064
Audi,2021-05-17,2024750,Good,2,Hybrid,171554,Yes,200246
Tata,2024-01-04,2024739,Average,2,Diesel,194088,No,211168
Kia,2020-01-04,2451198,Average,5,Electric,176868,Yes,133202
Audi,2016-11-29,1047641,Excellent,1,Hybrid,17149,No,154974
Maruti,2024-11-09,670165,Poor,1,Petrol,183478,Yes,58542
Toyota,2016-05-09,2740555,Good,4,Petrol,138209,No,131244
Maruti,2015-09-04,2168260,Excellent,5,Electric,19691,No,220928
Toyota,2017-11-07,2296256,Average,3,Hybrid,138661,Yes,121890
Mahindra,2024-03-01,2226393,Poor,3,Hybrid,50356,No,425470
Toyota,2018-01-15,394317,Poor,3,Hybrid,59250,No,50000
BMW,2017-04-27,2595072,Average,3,Hybrid,13841,Yes,224105
Mahindra,2015-09-04,881640,Excellent,5,Diesel,66985,No,65890
Honda,2023-04-26,749448,Poor,5,Petrol,120605,No,69728
Toyota,2024-11-13,2789158,Excellent,5,Diesel,164826,Yes,485401
Mahindra,2016-08-06,604148,Poor,2,Electric,87187,Yes,50000
BMW,2017-12-27,2625775,Average,1,Petrol,94963,No,195655
Maruti,2016-01-25,2580128,Average,4,Hybrid,142086,Yes,94704
Kia,2016-07-05,2120315,Poor,5,Diesel,39416,No,101494
Ford,2015-01-17,996142,Average,4,Petrol,26142,Yes,50000
Kia,2019-04-26,2104947,Excellent,1,Petrol,133300,Yes,213647
Kia,2017-03-03,456002,Average,4,Diesel,112270,Yes,50000
Mahindra,2022-04-22,2962706,Good,3,Electric,179772,No,356876
Tata,2021-08-23,2128393,Excellent,2,Petrol,56262,No,486793
Kia,2019-05-02,1777581,Good,1,Diesel,101730,Yes,192110
Kia,2017-09-23,2542676,Average,2,Hybrid,103517,Yes,170061
Mahindra,2018-11-03,2325969,Good,5,Petrol,153970,Yes,127593
Tata,2017-11-15,451040,Good,3,Hybrid,23654,No,57160
Toyota,2017-04-07,628572,Average,2,Petrol,182934,Yes,50000
Hyundai,2021-04-15,2242956,Excellent,4,Diesel,159148,No,268208
Audi,2019-06-04,1694920,Excellent,2,Electric,182126,No,158647
Mahindra,2021-08-16,2044871,Poor,1,Diesel,47829,No,272010
Tata,2019-03-14,2759470,Poor,4,Hybrid,153878,Yes,116984
Hyundai,2020-04-15,1812604,Excellent,1,Diesel,37585,No,403813
Toyota,2023-04-29,2584796,Good,3,Petrol,163700,No,343052
Hyundai,2017-07-15,366764,Excellent,4,Diesel,159381,Yes,50000
Maruti,2019-05-19,1762683,Good,4,Diesel,14394,No,261137
Toyota,2018-04-26,926698,Average,4,Diesel,127341,No,55861
Audi,2020-11-15,784755,Average,4,Electric,198511,Yes,50000
Audi,2024-11-02,2666958,Poor,2,Diesel,45691,Yes,515927
Audi,2022-04-27,385367,Average,1,Diesel,145939,Yes,50000
Maruti,2016-02-20,2328566,Good,2,Hybrid,115544,No,156779
Honda,2019-11-24,988033,Excellent,3,Petrol,81433,No,144501
BMW,2022-03-28,1893418,Average,4,Petrol,59558,Yes,252600
Tata,2024-01-02,550794,Poor,3,Diesel,80109,Yes,76198
BMW,2020-04-02,2281314,Good,3,Electric,55679,No,399889
Kia,2016-10-28,2145634,Poor,2,Electric,85725,Yes,107669
Mahindra,2015-11-13,1956736,Average,3,Electric,159400,Yes,69640
BMW,2019-10-24,915009,Good,1,Diesel,196882,No,61776
Toyota,2017-07-30,390507,Average,1,Hybrid,187581,Yes,50000
BMW,2020-08-16,1445982,Excellent,3,Electric,81976,No,288364
Maruti,2016-08-27,1759414,Excellent,3,Electric,158320,Yes,107597
Toyota,2024-12-28,2221554,Good,3,Electric,56835,No,837685
Honda,2023-10-20,1827305,Poor,3,Hybrid,14687,Yes,338534
Honda,2021-08-15,1887229,Poor,5,Electric,50538,No,225065
Mahindra,2017-10-26,1303202,Poor,2,Diesel,98191,No,70976
Honda,2017-02-25,353425,Good,5,Hybrid,115287,Yes,50000
Kia,2020-05-11,1995025,Excellent,3,Petrol,88276,No,304729
Audi,2023-07-12,1536171,Excellent,5,Petrol,81925,No,359601
Kia,2016-09-19,1273013,Excellent,1,Electric,117276,Yes,112709
BMW,2022-04-03,2496836,Good,5,Petrol,85153,No,390117
Ford,2019-09-05,1584426,Poor,3,Petrol,87848,No,108526
Kia,2019-12-02,2380316,Good,5,Hybrid,73017,No,307149
Kia,2023-04-13,371083,Excellent,4,Petrol,174465,No,51043
Honda,2015-07-26,1005054,Excellent,4,Diesel,51483,No,83615
Maruti,2020-09-07,1388411,Good,3,Hybrid,109995,No,191117
Kia,2021-07-05,1842708,Poor,4,Electric,164358,Yes,112195
Hyundai,2022-04-07,1628027,Good,5,Electric,26419,No,394020
Audi,2019-05-25,1888664,Average,5,Petrol,118590,Yes,112705
Maruti,2016-12-13,2029093,Average,1,Petrol,104817,Yes,109420
Ford,2021-02-06,2104660,Poor,5,Diesel,112190,Yes,137887
Hyundai,2020-02-28,2174970,Excellent,2,Hybrid,182569,Yes,193656
Hyundai,2017-05-16,2949014,Average,4,Hybrid,11219,Yes,244788
Ford,2022-05-25,2050078,Excellent,5,Petrol,41044,No,474143
Kia,2019-02-10,441379,Good,5,Diesel,166482,Yes,50000
Kia,2022-09-29,2245837,Good,4,Diesel,53558,No,496221
Maruti,2023-02-03,2196387,Good,4,Petrol,91718,No,405077
Honda,2019-07-08,1121595,Excellent,4,Hybrid,89797,No,160059
Kia,2021-03-22,1604759,Average,5,Petrol,152064,Yes,105097
Audi,2020-12-16,2987135,Poor,4,Petrol,53788,No,276220
Tata,2023-10-24,1303827,Excellent,5,Electric,52516,No,440529
Maruti,2015-12-01,2923692,Excellent,2,Diesel,17237,No,327454
Audi,2015-10-22,697843,Poor,4,Petrol,75081,No,50000
Tata,2016-01-06,2434196,Good,2,Hybrid,170327,Yes,101637
Tata,2015-02-08,464568,Poor,3,Petrol,10739,Yes,50000
Ford,2019-09-02,1869975,Good,1,Diesel,72121,No,272612
BMW,2017-01-20,1867533,Good,3,Petrol,22063,No,182317
Mahindra,2018-05-18,2549162,Poor,3,Electric,89894,Yes,152955
Honda,2015-08-03,1872435,Poor,3,Petrol,74227,Yes,63159
Mahindra,2018-08-26,1968579,Average,2,Hybrid,180264,Yes,93225
Audi,2019-04-29,485877,Good,2,Hybrid,198051,No,50000
Honda,2021-09-01,2581266,Poor,1,Hybrid,154785,Yes,191176
Audi,2023-05-10,2045574,Poor,4,Electric,186755,Yes,140375
Toyota,2023-12-12,2308276,Poor,4,Petrol,21800,Yes,352816
Ford,2017-03-11,1461826,Excellent,2,Electric,71472,No,184544
BMW,2023-03-03,1633840,Average,3,Hybrid,116602,Yes,234069
Tata,2017-05-19,1654890,Average,1,Electric,136543,No,108135
Ford,2021-06-12,2517688,Poor,5,Diesel,189544,No,114008
Mahindra,2018-03-10,1258480,Poor,4,Hybrid,55660,No,84106
Kia,2019-06-14,2680880,Excellent,3,Hybrid,94778,No,391282
Maruti,2020-03-18,408689,Good,2,Petrol,74241,No,57159
BMW,2023-09-06,1563535,Good,5,Hybrid,142537,Yes,232243
Toyota,2020-06-02,2998240,Average,1,Hybrid,164497,Yes,225510
Toyota,2019-06-18,1696765,Good,5,Hybrid,9770,No,259891
Honda,2017-10-17,970150,Average,3,Hybrid,35870,No,92803
Hyundai,2017-12-15,2438045,Poor,5,Hybrid,58363,Yes,131423
Mahindra,2021-08-18,1521025,Excellent,1,Diesel,145200,Yes,223764
Hyundai,2024-12-25,1297085,Good,2,Hybrid,61259,No,476420
Kia,2021-07-21,1563944,Good,3,Electric,35732,No,366363
Toyota,2018-10-09,686946,Poor,5,Diesel,191474,Yes,50000
Honda,2023-06-21,1099555,Average,5,Hybrid,117876,No,162255
Ford,2015-10-13,1954462,Average,1,Diesel,65900,Yes,111989
Ford,2018-10-13,1922907,Poor,4,Electric,122506,Yes,98325
Kia,2021-04-07,2660820,Poor,5,Hybrid,158287,Yes,144105
Audi,2017-11-24,1708349,Average,1,Hybrid,119388,No,126280
BMW,2024-11-19,1375820,Average,4,Hybrid,13237,Yes,384809
Ford,2017-03-20,789531,Good,5,Hybrid,25091,No,79509
BMW,2017-08-20,615753,Poor,1,Electric,37699,Yes,50000
Kia,2022-08-14,1398905,Average,2,Diesel,68616,No,254216
Kia,2024-06-26,660546,Poor,1,Diesel,32843,No,148241
Honda,2024-12-27,2943974,Poor,4,Electric,79386,Yes,513412
Ford,2017-03-29,2447526,Good,2,Hybrid,20762,No,298495
Ford,2020-06-04,1951834,Average,5,Electric,87780,Yes,195607
Honda,2024-11-14,2891075,Excellent,1,Diesel,189664,Yes,513587
Maruti,2019-01-03,2134703,Excellent,1,Electric,80182,No,366563
Maruti,2022-11-17,2193786,Average,3,Diesel,43900,Yes,392480
Tata,2015-02-17,2541611,Poor,4,Hybrid,40856,Yes,98601
Honda,2023-08-26,1188707,Good,2,Diesel,170816,No,178310
Honda,2021-10-04,2341862,Poor,2,Hybrid,80024,No,281442
Audi,2023-10-05,1955510,Poor,2,Electric,159459,No,220902
Kia,2021-04-18,1124551,Good,3,Electric,30617,No,257524
Toyota,2021-03-28,2339782,Excellent,2,Electric,183675,Yes,261313
Honda,2023-01-07,2673650,Poor,3,Petrol,48672,Yes,336139
Toyota,2022-05-29,1639416,Average,3,Petrol,6070,Yes,291020
Kia,2018-12-25,954369,Poor,1,Diesel,116233,Yes,54180
Tata,2020-07-16,1223665,Poor,5,Electric,42929,No,126128
Hyundai,2015-12-05,1086830,Good,5,Diesel,73971,No,68403
Audi,2016-04-24,2742305,Excellent,4,Hybrid,120611,Yes,178531
Kia,2020-10-14,483063,Good,4,Diesel,23109,No,87223
Toyota,2024-07-24,1140530,Poor,3,Electric,73061,No,224558
Honda,2021-03-21,2087985,Average,2,Diesel,27263,No,356237
BMW,2015-01-08,1731556,Excellent,4,Hybrid,43382,No,145214
Tata,2018-04-11,777596,Average,1,Electric,67949,Yes,75094
Kia,2019-03-10,1463095,Excellent,3,Diesel,120296,Yes,151171
Kia,2021-11-06,2483226,Poor,1,Petrol,121660,Yes,203528
BMW,2021-05-06,2630882,Excellent,2,Diesel,57918,No,609984
Honda,2024-06-01,1356315,Average,1,Petrol,44014,Yes,323043
Hyundai,2021-07-29,2159402,Poor,3,Diesel,117907,No,185188
Mahindra,2018-06-16,886802,Poor,2,Hybrid,47337,No,71550
Mahindra,2020-05-19,495481,Good,3,Hybrid,13007,No,98051
BMW,2024-08-12,2017376,Good,5,Hybrid,37611,No,645785
Kia,2024-01-19,1784277,Excellent,4,Hybrid,58672,No,611084
Kia,2018-09-05,1830276,Good,5,Diesel,55720,No,194759
Toyota,2023-11-27,1420180,Excellent,4,Petrol,138263,No,278575
Tata,2015-03-08,730272,Good,3,Hybrid,138010,Yes,50000
Tata,2023-07-02,2519271,Good,3,Diesel,11359,No,780566
Honda,2021-10-18,2141179,Average,4,Petrol,116909,Yes,202471
Tata,2016-09-30,1910327,Good,4,Electric,153317,Yes,96645
Honda,2015-11-11,653951,Poor,1,Petrol,41119,No,50000
Audi,2020-09-12,1822705,Excellent,4,Electric,49664,No,398943
Toyota,2021-04-18,2858963,Average,2,Petrol,96308,No,344272
Audi,2018-11-01,1133642,Excellent,4,Electric,168221,Yes,86805
BMW,2022-02-06,1606830,Good,5,Diesel,48950,No,306578
Maruti,2016-07-02,1030610,Good,1,Petrol,82797,No,79849
Kia,2019-06-03,1152057,Poor,4,Hybrid,154286,No,56102
Maruti,2019-11-20,517453,Excellent,2,Electric,153629,Yes,58359
Audi,2023-05-10,1785278,Average,4,Diesel,34805,No,375029
Honda,2019-10-16,2346835,Good,1,Petrol,192443,No,153699
Ford,2024-06-04,502814,Poor,5,Diesel,38362,Yes,78792
Audi,2024-03-06,1711414,Average,4,Electric,109996,Yes,300412
Mahindra,2016-09-02,759558,Poor,2,Electric,139586,No,50000
Hyundai,2017-12-24,2497641,Poor,5,Hybrid,13007,Yes,160549
Tata,2021-03-06,301910,Excellent,4,Diesel,20857,No,70284
Maruti,2015-09-08,2068055,Excellent,2,Electric,53722,No,220241
Honda,2024-09-03,2686333,Poor,3,Electric,49430,Yes,535271
Audi,2017-05-03,1919075,Good,2,Electric,131999,Yes,136766
Mahindra,2021-04-25,1118680,Average,5,Electric,49286,No,170076
Maruti,2023-12-04,2176068,Average,4,Electric,164091,No,291269
BMW,2016-07-30,1109258,Good,4,Hybrid,177059,Yes,50000
Ford,2016-03-14,380383,Excellent,3,Electric,45165,No,50000
Toyota,2015-04-30,1093052,Good,2,Hybrid,131703,Yes,52969
Audi,2023-06-12,2804264,Good,5,Hybrid,148601,No,428279
Ford,2023-07-14,1396550,Excellent,2,Diesel,31020,No,513495
Hyundai,2020-06-11,2355235,Poor,1,Diesel,55801,No,250414
Tata,2020-07-16,2169902,Excellent,2,Hybrid,59474,No,467771
Tata,2018-10-06,1839208,Average,2,Electric,116347,No,160620
Honda,2017-11-26,1565107,Average,5,Electric,150847,Yes,73153
Tata,2019-09-18,2291394,Poor,4,Diesel,103337,Yes,133270
Honda,2023-11-26,1284190,Excellent,1,Petrol,83946,No,395703
Honda,2021-09-12,1178736,Excellent,3,Diesel,82153,No,246766
Kia,2022-12-26,2810092,Average,2,Hybrid,196998,Yes,231649
Audi,2022-02-03,2808686,Average,3,Diesel,199664,Yes,173251
Ford,2020-06-03,2496551,Good,1,Petrol,6640,No,494266
Maruti,2017-09-27,667580,Average,1,Electric,144678,No,50000
Ford,2015-02-15,2051658,Excellent,3,Hybrid,64728,No,169877
Maruti,2018-12-02,1052522,Poor,1,Hybrid,32793,Yes,91732
Honda,2022-04-15,835641,Good,4,Hybrid,23147,No,205393
BMW,2024-10-01,1685453,Good,2,Diesel,17405,No,661470
BMW,2017-02-05,817161,Good,2,Diesel,102707,No,64501
Mahindra,2024-06-22,360209,Average,3,Hybrid,65495,Yes,81599
Hyundai,2023-10-23,2539718,Poor,1,Hybrid,78050,No,452487
BMW,2023-05-16,2825587,Average,5,Electric,27079,No,653324
Tata,2018-09-04,1276120,Good,3,Petrol,45911,No,148240
Tata,2021-01-18,1818489,Good,5,Petrol,82185,No,236805
BMW,2016-10-03,831767,Excellent,2,Diesel,89909,No,79354
BMW,2021-03-23,2054502,Excellent,3,Electric,14585,No,591298
Mahindra,2016-09-09,705621,Average,3,Electric,130700,No,50000
Kia,2019-01-22,381925,Good,2,Electric,5500,No,70150
Toyota,2019-04-13,2067497,Poor,2,Petrol,96523,No,134406
Tata,2023-11-22,1973455,Good,4,Electric,169773,Yes,283226
Toyota,2021-11-14,1034992,Excellent,3,Hybrid,100582,Yes,195827
Maruti,2016-01-03,2787316,Good,4,Hybrid,141656,Yes,126984
Audi,2017-04-11,1466553,Poor,3,Petrol,25794,Yes,79076
Kia,2015-06-01,1975366,Average,3,Petrol,116132,Yes,70350
Mahindra,2015-10-09,308756,Average,4,Petrol,159260,No,50000
Tata,2016-08-14,408145,Average,2,Electric,49681,No,50000
Mahindra,2021-09-05,1034653,Excellent,5,Petrol,177826,Yes,90420
Honda,2016-03-20,1114680,Poor,5,Electric,91697,Yes,50000
Kia,2021-02-20,2441144,Poor,1,Hybrid,193429,No,135288
Maruti,2020-04-28,1777637,Good,3,Petrol,9774,No,308376
Tata,2019-10-11,637887,Average,2,Hybrid,167459,Yes,50000
Kia,2015-11-14,1608008,Average,3,Electric,146786,Yes,62391
Toyota,2018-03-25,504268,Good,5,Hybrid,162882,No,50000
Tata,2021-11-27,2484306,Excellent,4,Electric,34426,No,702004
Audi,2021-11-29,1032798,Excellent,3,Petrol,14411,No,273902
Kia,2021-05-11,1993448,Poor,4,Petrol,56707,Yes,174944
Hyundai,2022-08-21,1851633,Average,5,Electric,156772,Yes,179467
Tata,2024-03-13,1985118,Poor,2,Petrol,73620,No,319433
Honda,2020-12-07,411986,Poor,1,Diesel,11484,Yes,50441
Kia,2016-10-14,1282617,Good,1,Hybrid,152356,Yes,72772
Honda,2018-10-12,1542914,Poor,2,Hybrid,81878,No,113267
Hyundai,2019-09-13,2039218,Poor,3,Electric,46579,Yes,182992
Tata,2018-01-29,2509442,Average,3,Hybrid,36393,No,250929
Kia,2024-11-01,1267077,Average,5,Hybrid,116833,Yes,211349
Kia,2022-09-08,873992,Average,1,Hybrid,118029,Yes,127636
Hyundai,2020-12-05,1390883,Excellent,1,Petrol,95008,No,250728
Ford,2023-01-03,1736661,Average,4,Electric,131618,Yes,223278
Hyundai,2017-05-27,2113397,Poor,4,Diesel,86217,Yes,91761
Kia,2023-05-01,363261,Good,4,Electric,132349,Yes,61261
Mahindra,2020-06-04,444714,Average,3,Hybrid,105891,No,50000
Maruti,2023-08-26,1788339,Good,5,Hybrid,124853,No,326694
Tata,2021-08-19,332045,Average,4,Diesel,68863,No,50000
Kia,2015-05-25,2443767,Excellent,1,Hybrid,78505,No,221199
Mahindra,2023-11-27,394460,Poor,1,Petrol,199781,Yes,50000
Ford,2020-08-19,2185016,Good,3,Diesel,85446,No,315723
Hyundai,2022-10-30,722885,Poor,5,Petrol,163583,Yes,50000
Ford,2019-04-30,1867980,Excellent,1,Petrol,176083,No,156875
Audi,2020-11-01,1910535,Poor,4,Petrol,56126,Yes,154366
Maruti,2017-04-14,535032,Good,2,Hybrid,173805,Yes,50000
Tata,2023-01-28,2380485,Good,1,Electric,139590,Yes,433569
BMW,2018-06-10,1941787,Good,4,Petrol,156323,Yes,104344
Kia,2021-03-07,2070511,Average,2,Electric,23274,No,403688
Kia,2021-06-28,856942,Average,1,Electric,170465,Yes,77916
Hyundai,2020-11-28,2116986,Excellent,4,Hybrid,32842,No,481635
Hyundai,2017-08-16,2401328,Average,2,Hybrid,153245,No,131051
Toyota,2023-01-27,918556,Good,1,Electric,180831,Yes,124233
Toyota,2017-05-25,2337884,Excellent,2,Electric,87349,No,283961
Maruti,2018-12-26,1374430,Excellent,1,Hybrid,34271,No,267568
BMW,2018-03-28,2814502,Good,5,Petrol,89278,No,224445
Tata,2017-05-24,2860883,Excellent,2,Diesel,109747,No,274188
Audi,2021-09-05,1328214,Good,2,Electric,137593,No,206013
BMW,2015-06-04,2087361,Poor,4,Diesel,139113,Yes,50000
BMW,2019-07-08,1558194,Poor,5,Petrol,143676,Yes,61283
Tata,2021-10-24,1591372,Average,1,Petrol,88726,Yes,204834
Ford,2023-02-27,1033038,Poor,1,Electric,180641,Yes,85130
Hyundai,2017-06-06,885088,Average,5,Diesel,139970,No,50000
Toyota,2021-02-22,842366,Average,1,Electric,12384,No,178646
Hyundai,2018-09-07,2915578,Poor,4,Electric,113751,No,171055
Mahindra,2019-08-19,1445346,Average,4,Diesel,56375,Yes,137007
Ford,2022-03-11,2775199,Average,3,Diesel,85876,No,412471
Kia,2023-05-15,1147450,Good,4,Hybrid,114560,Yes,202712
Kia,2024-11-21,947260,Excellent,1,Diesel,121974,No,302622
Kia,2024-10-01,343357,Average,3,Electric,114809,Yes,68265
Hyundai,2024-05-29,940213,Good,2,Electric,26561,No,382738
BMW,2016-05-16,1915841,Average,5,Electric,31986,Yes,125453
Audi,2022-12-26,709930,Excellent,3,Diesel,177764,Yes,92525
Maruti,2018-09-22,2925196,Average,2,Hybrid,58505,Yes,282774
Audi,2020-05-26,456060,Good,1,Hybrid,160358,Yes,50000
Maruti,2020-05-21,2555147,Average,3,Hybrid,27810,Yes,345590
Maruti,2015-08-02,2414821,Poor,1,Electric,183351,No,63062
Audi,2022-05-27,2382716,Good,3,Electric,20807,No,676969
Honda,2024-10-05,303893,Excellent,4,Diesel,96203,No,92511
Toyota,2016-09-11,326432,Poor,2,Electric,40084,No,50000
Audi,2017-12-23,992787,Average,5,Petrol,125404,Yes,50000
Toyota,2016-06-01,1792233,Good,2,Diesel,58250,No,155154
Mahindra,2017-01-25,1906516,Average,4,Petrol,78620,No,112260
Toyota,2022-03-21,2526582,Excellent,4,Diesel,100904,Yes,447172
Mahindra,2021-12-23,1836760,Poor,4,Petrol,23530,Yes,202567
Audi,2019-04-07,910676,Good,3,Hybrid,87170,No,111443
Kia,2016-12-30,586072,Excellent,4,Petrol,100649,Yes,50000
Maruti,2015-08-30,2720438,Good,4,Petrol,155793,Yes,93375
Audi,2020-05-20,333761,Average,4,Petrol,188712,Yes,50000
Hyundai,2019-12-31,2489565,Poor,5,Electric,186496,Yes,93365
Tata,2015-03-07,610844,Average,4,Petrol,79848,Yes,50000
BMW,2016-03-25,1516903,Good,3,Hybrid,148507,Yes,72609
Tata,2015-06-23,373701,Average,4,Diesel,176051,Yes,50000
BMW,2018-03-26,2397045,Excellent,1,Hybrid,199415,No,156280
Mahindra,2024-03-31,1917725,Poor,1,Electric,156312,No,252371
Ford,2016-09-09,1802396,Excellent,1,Electric,142002,No,152636
Mahindra,2024-07-27,1261210,Poor,4,Hybrid,54936,No,238676
Maruti,2016-10-26,1326458,Poor,5,Hybrid,156083,Yes,50000
Tata,2018-02-20,583105,Good,4,Diesel,113149,Yes,50000
Kia,2016-10-07,1647697,Good,1,Electric,188781,Yes,74591
Kia,2021-02-05,559293,Good,3,Diesel,146963,Yes,55958
Tata,2022-02-13,1195244,Good,4,Hybrid,33178,No,275550
Maruti,2022-03-06,346046,Poor,2,Electric,11838,Yes,55767
BMW,2015-04-14,330473,Average,1,Electric,23427,No,50000
Mahindra,2015-06-07,2688804,Average,4,Petrol,190059,No,60246
Honda,2017-01-05,2590455,Excellent,1,Petrol,39881,No,313473
Toyota,2015-03-17,2605406,Good,5,Petrol,179691,No,72461
Hyundai,2022-05-27,1820096,Good,2,Electric,31628,No,524692
Toyota,2022-09-11,1961386,Good,2,Electric,196398,Yes,206033
Toyota,2024-07-03,1235114,Poor,5,Petrol,38341,No,203340
Mahindra,2015-03-19,1260550,Poor,4,Petrol,171222,Yes,50000
Mahindra,2024-01-10,865151,Poor,2,Petrol,11977,No,172223
Mahindra,2017-10-10,1382594,Good,5,Petrol,129786,No,82605
Honda,2023-05-29,2250674,Excellent,3,Petrol,113162,Yes,448167
Ford,2019-04-26,1580373,Average,3,Diesel,11562,Yes,178421
BMW,2024-06-10,1446335,Average,5,Hybrid,27575,Yes,336528
Toyota,2021-05-08,1989463,Poor,3,Hybrid,40590,Yes,224969
Ford,2019-08-10,2681380,Excellent,4,Petrol,195697,Yes,151737
Toyota,2018-09-09,1651185,Excellent,5,Hybrid,60147,No,221217
BMW,2023-08-16,2998351,Average,5,Petrol,79868,Yes,431778
Maruti,2020-07-31,1984719,Good,3,Petrol,149290,No,186431
Toyota,2021-01-29,1649593,Good,3,Hybrid,112926,No,238371
Maruti,2016-05-20,1922631,Good,4,Hybrid,69427,No,150699
Ford,2016-05-29,1843342,Good,4,Hybrid,110093,Yes,107531
Toyota,2024-08-27,2756354,Good,2,Diesel,83169,No,817180
Honda,2023-08-02,2253094,Average,1,Petrol,48696,No,511251
Ford,2022-02-21,2476277,Average,5,Hybrid,72004,Yes,331741
BMW,2017-05-06,731099,Average,2,Electric,114929,No,51087
Honda,2017-10-30,2232239,Good,2,Electric,153762,Yes,150032
Honda,2017-01-15,772294,Good,5,Electric,72989,No,66320
Mahindra,2023-04-10,2649168,Average,2,Petrol,36931,No,568216
Honda,2020-01-11,736680,Poor,1,Hybrid,188068,No,50000
Toyota,2023-11-12,1888672,Excellent,1,Electric,143630,No,508278
Tata,2016-10-06,647685,Good,2,Diesel,85737,No,52586
Toyota,2019-06-29,2722442,Average,1,Diesel,183342,Yes,142115
Maruti,2022-02-24,928272,Average,3,Diesel,125280,Yes,100645
Toyota,2018-07-15,2025739,Average,3,Electric,75119,No,197777
Ford,2016-03-23,628462,Excellent,4,Diesel,97821,No,50000
Toyota,2024-02-09,2918702,Excellent,5,Diesel,107817,No,708988
Mahindra,2018-07-20,1184815,Good,4,Petrol,47735,No,126438
Mahindra,2021-11-16,2729524,Excellent,2,Electric,94379,No,664173
BMW,2021-02-19,904441,Good,4,Petrol,55563,No,142448
Tata,2021-01-10,911360,Average,2,Diesel,160228,No,77240
BMW,2016-11-15,976738,Excellent,5,Diesel,150831,No,56793
BMW,2016-06-18,2835613,Poor,4,Electric,132121,Yes,94054
Hyundai,2016-06-29,414126,Good,4,Electric,29247,No,50000
Kia,2022-02-14,688261,Poor,5,Petrol,58826,Yes,63807
Hyundai,2015-11-21,1444008,Excellent,3,Electric,86167,No,130732
Mahindra,2020-09-27,548882,Average,1,Hybrid,142278,No,56247
Toyota,2017-02-06,1351797,Excellent,5,Electric,8120,No,180870
Audi,2024-08-25,1859012,Excellent,5,Petrol,159844,No,335701
Hyundai,2024-08-30,1669300,Average,2,Electric,10812,Yes,539319
Ford,2024-06-04,2522982,Excellent,4,Electric,196959,Yes,374989
Hyundai,2020-08-30,2503637,Excellent,2,Diesel,25940,No,588196
Audi,2024-01-10,2650320,Poor,5,Petrol,157614,No,219637
Kia,2016-02-28,1754974,Average,5,Electric,40282,No,119512
BMW,2018-11-09,1388684,Average,1,Hybrid,19462,No,186332
Mahindra,2015-01-11,2068836,Poor,3,Petrol,130466,No,53168
Audi,2024-01-22,1633217,Average,1,Petrol,199470,Yes,144109
BMW,2024-11-30,1059687,Poor,1,Electric,187943,No,121236
Mahindra,2024-05-16,1690665,Excellent,3,Electric,10306,No,824136
Ford,2024-07-08,2936159,Average,2,Hybrid,156193,Yes,433624
Tata,2023-10-15,2535448,Average,3,Diesel,78680,No,504947
Honda,2017-01-30,1077314,Poor,1,Petrol,23222,Yes,63120
Honda,2019-02-05,2074808,Good,3,Petrol,44149,No,259917
Toyota,2016-03-17,654384,Poor,2,Hybrid,87840,No,50000
Audi,2023-04-02,877537,Poor,3,Electric,116196,Yes,101754
BMW,2015-10-03,762883,Poor,3,Diesel,147628,Yes,50000
Ford,2024-10-12,1165422,Excellent,2,Electric,19713,No,619985
Audi,2016-05-14,1679526,Poor,2,Petrol,72704,Yes,68348
BMW,2020-12-26,1021776,Good,1,Electric,32598,No,245412
Tata,2023-01-11,641959,Average,3,Electric,94997,No,118640
Honda,2020-06-16,1160028,Good,1,Hybrid,146029,Yes,124702
Tata,2020-12-10,2228536,Poor,1,Hybrid,60908,No,268342
BMW,2018-06-05,1071806,Good,5,Hybrid,24382,No,131751
Mahindra,2016-09-01,792710,Average,1,Petrol,128899,Yes,50000
BMW,2020-01-13,1259591,Excellent,4,Diesel,93885,No,179747
Ford,2016-02-17,1594292,Poor,2,Electric,135408,No,60979
Tata,2021-04-30,970164,Good,2,Electric,52217,No,216864
Audi,2021-01-30,1093004,Poor,2,Diesel,146190,No,77137
Maruti,2021-04-11,1158506,Excellent,1,Diesel,157584,Yes,148045
Honda,2024-02-28,466731,Average,2,Diesel,105093,No,91800
Audi,2021-08-02,383610,Good,3,Electric,178090,No,50000
Honda,2018-12-27,2034840,Poor,2,Petrol,14565,No,176931
Ford,2023-11-17,1745167,Good,1,Electric,128645,Yes,386860
Maruti,2017-02-27,2838680,Excellent,1,Hybrid,160492,No,215580
BMW,2022-05-26,1532328,Good,4,Diesel,129672,No,221235
Honda,2024-02-23,2728134,Excellent,5,Hybrid,130423,Yes,564866
BMW,2020-03-29,658506,Average,5,Petrol,12375,No,79437
Audi,2019-06-20,1666302,Average,4,Diesel,123380,Yes,111491
Mahindra,2020-11-22,1347781,Poor,2,Diesel,86028,No,128320
Honda,2022-09-03,2625513,Good,1,Diesel,167008,Yes,327655
Ford,2019-05-19,1232497,Good,4,Petrol,175615,No,74219
Kia,2020-10-12,2831773,Good,1,Petrol,127779,Yes,314006
Audi,2023-04-13,1146447,Average,1,Diesel,175483,No,131442
Tata,2020-11-11,1157038,Poor,1,Petrol,179206,Yes,54719
Maruti,2016-01-06,2209872,Excellent,3,Hybrid,171416,Yes,104016
Mahindra,2018-09-09,2853177,Average,5,Petrol,59575,No,223513
Honda,2017-01-17,2781871,Excellent,2,Electric,190369,Yes,148091
Hyundai,2024-04-28,1370960,Excellent,3,Hybrid,74968,No,484686
Maruti,2022-05-05,1661038,Poor,3,Petrol,175922,Yes,92360
Hyundai,2017-01-30,1230403,Average,4,Hybrid,159303,No,52739
Maruti,2019-06-04,2451464,Average,5,Petrol,82158,Yes,176452
Honda,2019-09-27,2807638,Good,5,Diesel,149316,No,218946
Maruti,2016-08-04,2834259,Average,3,Diesel,13016,Yes,204421
Hyundai,2023-06-13,1469145,Poor,1,Petrol,140429,Yes,139736
Audi,2023-10-20,1634346,Poor,4,Diesel,99349,Yes,188540
Audi,2018-04-17,874872,Good,3,Diesel,103822,No,78990
Toyota,2021-07-14,2859737,Good,1,Electric,16843,No,795067
BMW,2023-09-16,2704067,Poor,3,Electric,22979,Yes,509043
Mahindra,2020-08-02,369240,Good,1,Hybrid,49334,No,73319
Honda,2017-09-27,1119059,Excellent,1,Petrol,138580,Yes,85103
Hyundai,2021-07-07,898474,Average,5,Electric,101106,No,111944
Toyota,2016-06-21,1944281,Average,4,Petrol,77677,Yes,93902
Tata,2017-01-10,397619,Excellent,1,Petrol,32433,No,50000
Tata,2016-11-03,2746935,Excellent,3,Diesel,181554,No,141920
Ford,2021-02-12,383365,Excellent,4,Hybrid,34718,No,89587
Kia,2022-11-02,2000731,Good,1,Hybrid,190064,No,251243
Ford,2016-11-03,1602609,Poor,3,Diesel,86193,Yes,67257
Kia,2022-08-31,1757259,Average,2,Diesel,28755,Yes,339476
Hyundai,2019-09-13,375923,Average,1,Petrol,68223,Yes,50000
Toyota,2015-11-11,828483,Good,4,Diesel,191278,Yes,50000
Audi,2022-07-28,1175664,Poor,4,Electric,70291,Yes,144082
Tata,2019-09-06,1510327,Average,4,Petrol,176694,No,75749
Ford,2021-06-16,2036435,Poor,1,Petrol,90474,No,204444
BMW,2024-04-06,928258,Excellent,4,Hybrid,26953,No,372409
Maruti,2021-12-06,527317,Poor,5,Hybrid,66023,Yes,52539
Hyundai,2019-10-11,854669,Good,2,Electric,140736,Yes,85859
Hyundai,2021-06-12,1636097,Poor,4,Electric,76673,No,180377
Honda,2021-05-03,2226298,Good,2,Hybrid,78385,No,419473
Mahindra,2019-07-20,2961275,Poor,1,Electric,168879,No,165637
Ford,2016-03-23,577792,Poor,3,Hybrid,133724,Yes,50000
Hyundai,2016-06-24,1230765,Excellent,1,Petrol,170614,Yes,61129
Toyota,2021-07-09,2599503,Excellent,3,Electric,142099,Yes,390863
Hyundai,2018-08-17,702642,Excellent,3,Petrol,116400,Yes,63188
Tata,2024-08-05,857074,Poor,5,Electric,29357,Yes,161860
Maruti,2016-12-31,1685151,Excellent,1,Hybrid,168664,Yes,105667
BMW,2024-12-09,1432263,Average,3,Hybrid,47949,Yes,376152
Ford,2021-06-08,2752411,Good,4,Petrol,174066,Yes,211001
Ford,2023-04-13,1436932,Poor,3,Diesel,104505,Yes,157134
Kia,2019-02-04,2301146,Poor,5,Diesel,59728,Yes,139164
Mahindra,2021-09-06,1809819,Good,3,Hybrid,184481,No,178112
BMW,2024-11-07,1623894,Good,3,Petrol,67692,No,470935
Tata,2020-03-27,656186,Poor,1,Petrol,148706,No,50000
Kia,2024-02-26,1203343,Average,2,Diesel,109831,Yes,207651
Mahindra,2018-11-18,525217,Average,1,Diesel,114195,Yes,50000
Honda,2015-03-14,1302236,Good,2,Electric,71810,No,98922
Honda,2017-12-24,2082657,Excellent,2,Petrol,33694,No,286837
Audi,2020-07-27,2535933,Poor,3,Hybrid,30326,No,291759
Hyundai,2017-05-03,542544,Average,5,Hybrid,48305,Yes,50000
BMW,2020-04-10,2611850,Good,2,Diesel,134245,Yes,261289
Hyundai,2024-02-15,677012,Poor,5,Electric,15283,Yes,124587
Honda,2015-07-18,2990419,Poor,2,Petrol,169579,Yes,61069
Ford,2017-04-28,1376751,Excellent,5,Diesel,16788,No,163502
Honda,2016-06-06,2622019,Excellent,4,Electric,168755,Yes,135258
Kia,2015-07-04,2067614,Poor,2,Petrol,57272,Yes,78096
Ford,2018-07-17,847199,Good,2,Diesel,27015,No,116999
Kia,2023-08-03,1851813,Good,1,Diesel,163804,Yes,274616
Toyota,2017-11-14,1857678,Poor,1,Hybrid,114703,Yes,94671
Maruti,2021-05-04,1613949,Good,1,Petrol,180814,No,150700
BMW,2016-06-18,827665,Excellent,1,Electric,26703,No,116840
Tata,2023-07-04,2936469,Good,5,Electric,40881,No,823556
Tata,2020-05-25,1666442,Excellent,4,Hybrid,138964,No,210273
Audi,2024-07-22,2364765,Good,3,Diesel,111985,No,566760
Kia,2018-10-03,2037134,Average,2,Diesel,59227,Yes,184970
Honda,2021-03-12,2318478,Excellent,5,Petrol,189950,Yes,168677
BMW,2021-09-12,1910852,Good,4,Petrol,85481,No,289363
Tata,2016-01-08,2169548,Excellent,3,Hybrid,196624,Yes,82172
Ford,2021-09-22,2093364,Poor,4,Petrol,127201,No,153894
Audi,2017-03-17,1116192,Good,3,Petrol,56970,No,97688
Mahindra,2021-04-12,1499952,Good,3,Petrol,125657,Yes,164328
Maruti,2018-10-14,2037498,Poor,1,Hybrid,85440,Yes,139513
Toyota,2016-10-15,1467045,Poor,1,Hybrid,5656,Yes,99609
Honda,2023-06-18,452352,Good,1,Electric,83806,No,131372
Maruti,2015-09-01,530015,Good,3,Electric,187246,No,50000
Hyundai,2019-09-28,1532615,Good,3,Diesel,79538,No,196808
BMW,2016-03-31,2661814,Excellent,1,Petrol,156589,No,156771
Tata,2023-06-08,1434234,Poor,1,Hybrid,117427,Yes,177980
Honda,2022-05-21,2283699,Excellent,5,Electric,154774,Yes,323136
BMW,2023-03-09,876567,Good,1,Hybrid,64678,No,249329
Toyota,2024-04-10,1488528,Excellent,4,Hybrid,99133,No,440102
Maruti,2021-03-01,2646235,Average,5,Petrol,12842,Yes,333269
Kia,2017-05-09,2969741,Good,2,Electric,118165,No,255205
Mahindra,2015-03-23,2622338,Average,3,Diesel,137166,Yes,85896
Audi,2016-06-11,1803204,Poor,2,Electric,72082,No,100523
Ford,2018-05-16,2903420,Excellent,5,Diesel,181391,No,171256
BMW,2020-07-19,1025139,Poor,4,Electric,131409,Yes,66353
Audi,2024-12-02,917829,Excellent,2,Diesel,33380,No,419231
Hyundai,2024-07-13,1254460,Good,3,Hybrid,92861,No,351905
Hyundai,2021-06-19,2533331,Poor,2,Petrol,146289,Yes,159738
Hyundai,2019-01-13,337658,Average,2,Petrol,13039,Yes,50000
Hyundai,2018-12-29,2407693,Poor,3,Diesel,17560,Yes,189411
Audi,2023-07-09,2309888,Good,5,Diesel,30683,No,595432
Hyundai,2024-02-22,979009,Excellent,4,Diesel,100214,Yes,237777
Audi,2023-04-22,2248680,Average,2,Electric,35498,No,592015
BMW,2018-06-23,1472369,Average,2,Electric,69940,Yes,138346
Ford,2024-03-20,2320289,Good,3,Electric,96250,No,646305
Toyota,2020-08-28,569315,Good,3,Electric,96076,No,88968
Audi,2015-10-10,1748798,Poor,4,Diesel,8790,Yes,79358
Audi,2018-09-25,2409471,Excellent,3,Petrol,182065,Yes,141624
Maruti,2015-04-05,2178225,Good,4,Electric,84097,No,141455
BMW,2017-10-18,2768458,Poor,4,Electric,106045,Yes,131779
Ford,2024-08-22,2055977,Average,5,Petrol,52422,Yes,392971
BMW,2020-05-17,1311181,Average,5,Petrol,193196,No,60029
Maruti,2021-08-28,1417515,Poor,2,Hybrid,164010,Yes,93234
Honda,2022-12-01,2044682,Excellent,1,Hybrid,177518,Yes,312965
Maruti,2016-11-16,2856110,Poor,3,Electric,199832,Yes,64012
Mahindra,2017-01-25,2698953,Average,2,Diesel,171151,Yes,99686
BMW,2023-02-15,1927712,Average,1,Diesel,118741,No,313670
Ford,2019-08-29,2852528,Poor,5,Diesel,48355,No,220035
Audi,2021-07-23,1552573,Excellent,1,Hybrid,175315,No,215530
Hyundai,2019-02-01,733800,Excellent,4,Diesel,121201,Yes,70081
Ford,2017-08-05,1931250,Excellent,2,Hybrid,29618,No,289853
Toyota,2020-11-25,1279063,Average,4,Diesel,193002,Yes,65470
Tata,2015-05-20,414219,Poor,4,Petrol,150437,Yes,50000
Mahindra,2021-12-05,2123897,Average,4,Electric,159918,Yes,190617
Kia,2024-05-11,1106498,Good,1,Petrol,6308,No,416038
Hyundai,2020-01-26,2691340,Excellent,4,Electric,107013,No,409914
Tata,2017-03-03,2714493,Poor,2,Hybrid,159036,Yes,89207
Ford,2023-05-02,782855,Average,3,Electric,70803,Yes,152954
Tata,2021-08-23,1339030,Poor,3,Petrol,178406,No,72370
Hyundai,2024-03-12,2501422,Average,2,Petrol,93192,Yes,441060
Maruti,2017-03-31,2325738,Poor,3,Electric,39128,No,160180
Audi,2018-02-23,1539129,Poor,4,Electric,57902,No,107568
Tata,2017-02-24,420272,Average,3,Diesel,17072,No,50000
Mahindra,2023-09-12,2823162,Excellent,4,Electric,135976,Yes,593336
Honda,2018-01-08,626843,Average,5,Electric,70251,No,51114
Mahindra,2022-12-21,2112878,Excellent,2,Hybrid,15991,No,798644
Honda,2022-03-27,1328589,Good,5,Diesel,76694,No,230450
Tata,2024-06-01,1172632,Poor,5,Diesel,90896,Yes,146663
Mahindra,2024-06-24,1503787,Poor,3,Electric,130222,No,218565
Toyota,2018-05-07,977172,Average,5,Electric,100075,No,73110
Ford,2023-08-03,1892085,Poor,4,Hybrid,128140,Yes,192610
Mahindra,2016-12-06,2000437,Good,5,Petrol,68882,No,141487
Audi,2024-10-30,2180059,Average,5,Electric,40922,Yes,545999
Audi,2017-09-11,2194964,Poor,3,Diesel,46924,Yes,125284
BMW,2017-01-21,2332083,Excellent,2,Petrol,174182,Yes,117543
BMW,2019-02-26,710159,Excellent,4,Electric,176952,Yes,53491
Hyundai,2015-03-15,1416235,Good,1,Diesel,191865,Yes,50000
Ford,2022-04-21,595015,Excellent,1,Diesel,55948,No,171089
BMW,2015-09-13,2780892,Excellent,1,Diesel,27681,No,304830
Honda,2023-07-26,2984847,Poor,3,Hybrid,170948,Yes,240728
BMW,2016-04-06,1629741,Excellent,2,Petrol,67219,No,148408
Honda,2015-04-19,2478876,Good,2,Hybrid,70203,No,181359
Toyota,2018-04-24,1860976,Good,4,Hybrid,128949,Yes,133244
Honda,2020-07-19,1791288,Average,4,Diesel,182567,Yes,95013
BMW,2024-11-02,1274092,Excellent,1,Petrol,5543,No,623066
Hyundai,2020-10-19,1045342,Good,4,Diesel,11621,No,197019
Honda,2017-05-05,1056501,Excellent,1,Diesel,112060,Yes,93961
Toyota,2022-07-14,2080045,Excellent,5,Electric,110342,No,437468
Honda,2022-07-20,2684490,Average,4,Diesel,197696,Yes,171767
Kia,2021-05-18,1990034,Good,2,Petrol,165225,Yes,180777
Toyota,2016-06-20,2099166,Good,4,Petrol,29232,No,171416
Tata,2016-04-15,528358,Good,4,Hybrid,52977,No,50000
Kia,2023-02-10,463837,Poor,4,Electric,42682,No,77239
Honda,2016-04-08,1543268,Poor,1,Diesel,148197,Yes,50000
Mahindra,2016-03-22,1179390,Good,4,Diesel,197279,No,50000
Hyundai,2023-09-21,2833671,Excellent,3,Petrol,10239,No,1023405
Honda,2017-01-04,370065,Poor,4,Petrol,165054,Yes,50000
Tata,2017-11-06,1175786,Excellent,3,Hybrid,77087,No,143657
Kia,2017-02-17,2060598,Good,4,Hybrid,177240,Yes,87395
Maruti,2016-08-03,2812131,Excellent,1,Diesel,187604,Yes,132334
Mahindra,2021-04-23,2830825,Excellent,3,Petrol,46810,No,603470
Ford,2016-04-22,2444564,Poor,3,Petrol,94355,No,93819
Maruti,2024-09-11,2851049,Excellent,1,Petrol,70713,No,1060817
Maruti,2015-06-06,2720802,Poor,2,Petrol,146266,Yes,64282
Toyota,2024-03-19,2822913,Excellent,5,Electric,35785,No,1087147
Hyundai,2015-06-04,2819263,Excellent,1,Diesel,113803,Yes,181809
Honda,2016-09-27,2482102,Poor,1,Hybrid,94939,No,129413
Honda,2023-04-11,2155228,Good,5,Electric,172072,No,287464
Kia,2024-01-04,1317513,Good,5,Hybrid,51494,No,362003
Hyundai,2016-07-11,707515,Excellent,1,Hybrid,16545,No,98501
Kia,2023-02-04,2802346,Excellent,1,Diesel,21862,No,1044428
Hyundai,2015-04-30,2295525,Poor,3,Petrol,178961,No,50000
Kia,2023-05-07,2667981,Good,1,Petrol,72837,No,658055
Hyundai,2022-06-16,2732852,Poor,3,Hybrid,101655,No,314281
Tata,2015-07-11,1810530,Good,2,Hybrid,174506,No,75062
Toyota,2022-08-18,1854957,Excellent,1,Diesel,152765,Yes,305358
Ford,2020-02-10,1039033,Good,5,Electric,57749,No,156848
Audi,2020-07-25,2616465,Excellent,3,Diesel,88408,No,442462
Toyota,2015-05-06,1345001,Good,4,Hybrid,173985,Yes,50000
Maruti,2017-01-18,2072757,Poor,4,Electric,119346,No,90421
Mahindra,2023-10-28,1141813,Excellent,4,Petrol,77060,No,304629
Audi,2020-06-19,1674872,Average,1,Hybrid,133858,Yes,155632
Honda,2017-06-11,935725,Average,2,Petrol,77035,No,65921
Audi,2020-02-07,1053810,Average,1,Petrol,58312,Yes,117475
Honda,2020-02-08,1209977,Excellent,4,Electric,53992,No,236285
Mahindra,2021-11-30,955208,Excellent,3,Electric,48718,No,270777
Audi,2019-01-29,2798577,Good,4,Diesel,112188,Yes,233646
BMW,2024-07-08,2469993,Good,3,Diesel,168600,No,411152
Tata,2019-01-21,1332257,Excellent,5,Hybrid,46441,No,200289
Hyundai,2016-12-11,1882644,Poor,4,Hybrid,87677,Yes,80390
Ford,2022-06-07,1099488,Average,5,Petrol,21745,No,183218
Kia,2019-09-24,2551488,Good,3,Petrol,147927,No,210564
Hyundai,2020-03-02,2773351,Poor,3,Diesel,170073,No,134988
BMW,2020-10-18,853340,Excellent,5,Electric,17633,No,201483
Tata,2020-03-11,952293,Excellent,4,Diesel,112947,No,126553
Honda,2021-05-24,1909286,Poor,2,Hybrid,165306,Yes,119178
Ford,2018-05-01,2762651,Poor,5,Diesel,111508,Yes,115757
Mahindra,2020-09-02,598592,Good,5,Hybrid,198089,No,50000
Kia,2019-02-06,2855802,Poor,4,Petrol,5600,Yes,210038
BMW,2024-08-08,2640243,Good,5,Electric,45883,No,868138
Audi,2020-04-15,2086157,Poor,5,Electric,153253,No,117821
Toyota,2016-07-23,509689,Good,4,Diesel,83493,No,50000
Toyota,2016-01-12,1379974,Average,2,Hybrid,165693,Yes,50000
Hyundai,2015-04-06,2781721,Good,3,Petrol,63390,No,172703
Audi,2019-01-28,1970169,Excellent,1,Hybrid,190582,No,160267
Hyundai,2016-05-17,580060,Average,2,Electric,45568,No,50000
Audi,2018-05-15,2687943,Excellent,4,Diesel,99531,No,284591
Toyota,2018-07-02,2322311,Average,1,Diesel,181720,Yes,104616
Ford,2017-06-20,1570350,Poor,5,Hybrid,101462,Yes,64252
Toyota,2020-08-02,1406709,Excellent,5,Electric,185714,Yes,116910
Ford,2016-07-30,1843775,Poor,1,Electric,124530,Yes,76621
Honda,2018-03-07,1747931,Average,2,Diesel,147949,Yes,91281
Honda,2020-05-28,1680337,Poor,1,Electric,119948,Yes,133526
Tata,2020-02-10,927907,Excellent,4,Petrol,18202,No,171087
Tata,2019-12-20,2402431,Average,1,Petrol,50337,Yes,270681
Toyota,2015-06-29,1448597,Average,5,Hybrid,11931,Yes,83140
Mahindra,2019-01-05,2256572,Average,5,Petrol,68396,Yes,161529
Honda,2022-11-24,2844418,Excellent,1,Electric,119918,Yes,678012
Ford,2017-09-25,2528938,Good,4,Diesel,37138,No,263861
BMW,2017-03-11,1068171,Poor,5,Hybrid,192315,Yes,50000
Hyundai,2018-08-03,2824688,Excellent,4,Electric,129146,No,299348
Mahindra,2017-05-22,2435190,Good,1,Petrol,108396,No,192265
Ford,2024-02-10,1006537,Poor,1,Electric,5034,Yes,239336
BMW,2023-03-03,1318423,Good,1,Electric,163308,No,230829
Ford,2023-05-19,2449485,Poor,5,Electric,103891,Yes,275067
Toyota,2020-02-08,2341793,Good,5,Petrol,186703,No,136033
Maruti,2024-07-09,2015862,Poor,3,Hybrid,111187,Yes,277856
Hyundai,2022-07-26,742573,Poor,1,Petrol,92243,Yes,79674
Tata,2021-11-12,2612144,Poor,1,Diesel,107400,No,275991
Honda,2017-08-03,2203448,Average,2,Diesel,34324,Yes,182622
Mahindra,2018-04-02,2344192,Good,1,Electric,104392,No,263983
Hyundai,2015-06-19,1750194,Excellent,1,Hybrid,10849,No,209125
Hyundai,2020-09-02,975743,Average,4,Petrol,173457,No,59006
Hyundai,2022-03-30,673924,Average,4,Hybrid,94390,No,97716
Tata,2021-02-17,1732838,Good,5,Electric,27885,No,346916
Mahindra,2019-03-27,2558220,Excellent,1,Electric,127173,No,358383
Audi,2015-01-11,1166646,Good,3,Hybrid,137378,Yes,50000
Kia,2023-05-04,2973255,Average,3,Electric,125163,Yes,443530
Audi,2019-09-03,1064954,Poor,1,Hybrid,118964,No,78972
Honda,2023-03-04,2096482,Excellent,1,Diesel,39640,No,740587
Hyundai,2021-02-17,1448925,Poor,4,Electric,25499,Yes,167890
BMW,2024-08-30,1746385,Good,3,Electric,196807,Yes,238424
Audi,2017-03-02,487848,Good,4,Hybrid,30692,No,50727
Mahindra,2016-01-08,1102670,Poor,5,Electric,77118,Yes,50000
Honda,2020-02-15,2149909,Excellent,5,Petrol,128985,Yes,204225
Honda,2017-08-19,1738047,Excellent,2,Petrol,22902,No,235381
Mahindra,2015-01-31,338623,Poor,4,Hybrid,21355,Yes,50000
Honda,2024-04-10,321568,Poor,3,Petrol,127876,No,50000
Maruti,2017-03-27,2241652,Average,3,Petrol,36130,No,171168
BMW,2020-11-23,1497457,Poor,3,Hybrid,105265,Yes,118059
Hyundai,2022-11-29,2805830,Average,4,Hybrid,70982,No,505158
Ford,2018-06-08,2844370,Excellent,1,Diesel,167646,Yes,212785
Toyota,2022-09-24,705384,Poor,3,Electric,16129,Yes,116074
Tata,2016-05-09,2011950,Good,4,Diesel,175682,Yes,71391
BMW,2019-11-15,1572261,Good,3,Diesel,137682,No,151862
Kia,2017-02-15,2606323,Excellent,3,Electric,16107,No,383113
Kia,2016-11-08,846614,Poor,4,Diesel,72371,No,50000
Audi,2018-10-26,1082412,Poor,5,Electric,146302,Yes,50000
Audi,2020-12-30,2686236,Average,1,Electric,14880,No,551329
Tata,2018-11-17,2644599,Good,5,Diesel,54091,No,292647
Tata,2017-04-19,1235277,Poor,3,Electric,22665,Yes,82093
Audi,2019-05-24,2818215,Good,2,Petrol,36466,No,402760
BMW,2023-07-30,490358,Excellent,4,Petrol,163020,Yes,69502
Audi,2015-10-02,1145926,Good,2,Hybrid,34926,No,104127
Audi,2018-01-03,474312,Excellent,4,Diesel,157967,Yes,50000
Toyota,2024-07-10,2844514,Good,3,Petrol,139164,No,541410
Kia,2017-10-08,1299311,Excellent,5,Petrol,111287,No,103187
Kia,2024-05-11,2022165,Poor,5,Hybrid,71358,Yes,292239
Maruti,2022-01-22,1222502,Average,3,Electric,147428,Yes,129263
Tata,2021-11-13,2327519,Poor,4,Electric,159699,No,172649
Hyundai,2016-06-26,1042035,Excellent,3,Electric,166652,No,64828
Tata,2019-02-05,1088705,Good,1,Petrol,170373,Yes,69099
Tata,2016-04-11,953590,Excellent,3,Petrol,149226,Yes,50000
Hyundai,2024-02-15,944582,Average,5,Diesel,71301,No,182518
Audi,2016-03-08,1217590,Average,4,Diesel,130984,Yes,50000
Audi,2015-10-06,1120821,Good,2,Petrol,95060,No,69021
Hyundai,2022-09-22,2863822,Good,3,Petrol,66322,No,591089
Maruti,2024-02-07,1898542,Excellent,3,Hybrid,135069,No,474516
Honda,2015-03-13,1150951,Good,5,Diesel,141688,Yes,50000
Toyota,2023-06-20,2882464,Good,3,Petrol,39551,No,748134
Kia,2024-02-06,1613100,Poor,3,Petrol,46844,No,270622
Audi,2024-10-16,2743868,Poor,2,Diesel,76454,No,514530
Kia,2019-06-03,658541,Poor,1,Petrol,58829,No,54639
Mahindra,2021-02-15,2644241,Excellent,2,Hybrid,174673,No,326707
Mahindra,2021-12-14,1829671,Excellent,2,Petrol,174627,Yes,203722
Tata,2020-04-27,423991,Excellent,4,Hybrid,99137,No,65904
Mahindra,2022-07-20,2167737,Poor,1,Diesel,11268,Yes,345405
Mahindra,2017-07-29,512742,Poor,1,Petrol,135039,No,50000
Tata,2016-12-09,1752484,Good,1,Diesel,26714,No,196555
BMW,2015-05-27,1349770,Good,1,Electric,64637,No,115051
Maruti,2019-11-07,2191604,Poor,5,Hybrid,76960,No,164885
Maruti,2023-01-23,1839879,Poor,1,Hybrid,188195,Yes,131603
Audi,2019-04-10,2608531,Average,1,Diesel,145912,Yes,173565
Kia,2021-12-17,516595,Excellent,1,Petrol,195969,Yes,50307
Kia,2024-05-10,1679461,Excellent,2,Petrol,134862,Yes,364134
Ford,2020-10-23,2292524,Poor,5,Diesel,97468,Yes,154501
Mahindra,2019-01-12,2383451,Excellent,5,Diesel,122608,Yes,210670
Maruti,2018-12-10,1534345,Good,4,Electric,121407,Yes,135012
BMW,2022-10-06,1925276,Average,4,Hybrid,141827,No,233711
Tata,2017-10-14,2018749,Good,1,Hybrid,198659,Yes,92492
Audi,2017-05-31,433622,Good,3,Electric,36397,No,51680
Audi,2018-04-01,1339336,Average,1,Electric,110482,Yes,105166
Ford,2022-08-14,1461587,Excellent,2,Diesel,120936,Yes,277490
Ford,2017-04-20,2650945,Excellent,3,Electric,37159,No,371204
BMW,2017-11-04,623286,Average,1,Electric,118009,No,50000
Ford,2020-03-06,2712008,Average,5,Petrol,24010,Yes,279651
Tata,2023-06-19,2872658,Average,4,Petrol,17080,Yes,550498
Tata,2023-07-27,2355935,Good,3,Hybrid,170275,Yes,318470
Ford,2018-05-08,2420787,Average,4,Electric,55308,Yes,212073
Ford,2019-09-27,1047555,Excellent,2,Diesel,66023,No,180756
Kia,2022-08-04,2583908,Average,1,Diesel,106458,Yes,370441
Ford,2017-02-12,2785621,Excellent,3,Hybrid,54061,No,333414
Audi,2015-03-05,1691642,Average,3,Hybrid,64822,No,94092
Toyota,2015-12-01,2411399,Average,2,Electric,43373,Yes,166677
Tata,2016-07-18,2381700,Poor,3,Diesel,163262,Yes,60922
Hyundai,2021-03-14,1380743,Excellent,5,Hybrid,80130,No,255082
Mahindra,2023-10-02,369380,Average,1,Diesel,195841,No,50000
Hyundai,2024-03-18,2298295,Average,5,Petrol,195415,No,192266
Honda,2019-05-18,2338450,Poor,2,Petrol,150387,No,113533
Maruti,2016-07-21,985834,Poor,3,Petrol,142692,No,50000
Ford,2022-12-17,2852460,Poor,5,Hybrid,9899,Yes,416601
Mahindra,2020-02-20,1303889,Excellent,4,Diesel,8601,No,267547
BMW,2024-06-13,1129387,Average,3,Diesel,170167,Yes,132262
Mahindra,2018-04-29,622050,Good,2,Electric,166886,Yes,50000
BMW,2016-03-04,1142803,Good,5,Hybrid,145962,Yes,50000
Hyundai,2020-10-01,477463,Excellent,4,Electric,68227,No,97577
Maruti,2021-03-08,2017906,Average,3,Electric,9016,Yes,352893
Toyota,2015-10-05,455520,Poor,1,Petrol,166364,No,50000
Audi,2017-07-20,1300288,Good,1,Diesel,133665,Yes,88226
Tata,2024-02-19,2449327,Good,1,Hybrid,59446,No,831160
Tata,2016-12-07,2970531,Poor,4,Electric,32390,Yes,169563
Audi,2016-02-01,307607,Excellent,2,Diesel,170120,Yes,50000
Kia,2015-08-24,927035,Excellent,3,Diesel,94008,No,68567
Maruti,2024-03-11,2651681,Excellent,4,Diesel,29961,No,975002
BMW,2015-07-22,837868,Good,2,Electric,99444,No,59273
Toyota,2016-01-20,948488,Excellent,4,Hybrid,155057,Yes,50000
Ford,2017-05-03,325979,Average,4,Diesel,108342,Yes,50000
Hyundai,2017-02-10,1417919,Good,4,Diesel,108286,Yes,87773
Honda,2018-05-22,1520480,Poor,5,Hybrid,22049,Yes,101150
Kia,2021-05-30,1548458,Average,5,Petrol,5558,Yes,208137
Maruti,2015-03-20,2334711,Average,2,Diesel,59220,No,132451
Ford,2021-09-23,2470686,Excellent,1,Hybrid,132509,Yes,426269
Mahindra,2017-01-19,1537678,Good,5,Diesel,54417,No,126268
Kia,2020-05-12,1815846,Poor,4,Diesel,150864,Yes,89002
Honda,2022-01-12,1763197,Excellent,5,Electric,148182,No,273614
Maruti,2020-11-07,910471,Excellent,2,Diesel,161848,Yes,100072
Toyota,2018-04-26,2263738,Excellent,5,Electric,93930,No,260585
Maruti,2021-08-24,761258,Poor,5,Petrol,104036,No,58966
BMW,2016-08-04,841071,Good,1,Electric,152536,Yes,50000
Honda,2016-12-10,1886468,Average,4,Hybrid,138486,No,90741
Kia,2024-11-04,2336264,Poor,3,Petrol,103254,Yes,309443
Toyota,2023-12-08,2045928,Excellent,1,Hybrid,96507,No,682229
Hyundai,2017-03-19,1202715,Average,5,Electric,185645,Yes,50000
Maruti,2021-03-06,1845340,Excellent,2,Petrol,184092,No,186074
Tata,2023-07-03,763810,Average,2,Hybrid,86621,No,157654
Mahindra,2021-11-23,2324315,Poor,1,Electric,81960,No,316634
Toyota,2017-12-24,2639128,Average,3,Petrol,113936,Yes,144354
Mahindra,2023-01-23,2811584,Excellent,4,Electric,40195,No,937888
Maruti,2019-06-27,2591235,Excellent,4,Diesel,102580,Yes,291602
Audi,2019-05-13,1716784,Good,3,Diesel,83355,No,203730
Hyundai,2018-09-08,2897822,Good,4,Petrol,159477,No,176140
Maruti,2023-02-13,1292458,Excellent,4,Hybrid,126511,No,273509
Honda,2019-03-13,1050110,Excellent,3,Electric,116660,No,139580
Toyota,2015-02-10,2482632,Poor,1,Hybrid,28409,Yes,118383
Ford,2015-10-19,2577956,Average,4,Electric,118659,Yes,110524
Honda,2024-02-29,2940069,Poor,1,Electric,171854,Yes,306298
Ford,2018-03-03,2092889,Poor,2,Electric,131524,Yes,102753
Kia,2018-05-21,2555811,Average,4,Hybrid,182094,Yes,102131
Audi,2022-10-13,540282,Good,4,Electric,35841,No,145926
Hyundai,2017-07-22,2920287,Good,2,Diesel,182456,No,147935
BMW,2023-08-29,1676701,Average,3,Hybrid,177033,Yes,174420
Honda,2020-09-07,1209998,Poor,3,Diesel,150561,Yes,66318
BMW,2022-12-04,398538,Good,5,Diesel,127825,No,59628
Kia,2016-10-20,2408247,Poor,2,Electric,163769,No,85065
Hyundai,2021-03-24,1279078,Excellent,4,Hybrid,165115,Yes,139241
Maruti,2017-03-05,364094,Average,2,Petrol,13023,No,50000
Honda,2023-07-24,2625259,Excellent,3,Diesel,79463,No,753123
Ford,2023-05-16,1466367,Good,5,Electric,171983,Yes,178914
Ford,2019-02-26,2528005,Good,3,Petrol,22481,No,346738
Tata,2016-05-14,1907476,Poor,2,Petrol,155062,No,54998
BMW,2017-12-22,1734339,Good,2,Electric,28622,No,246092
Ford,2015-05-20,1992428,Poor,1,Hybrid,20624,Yes,102135
Mahindra,2017-07-30,2846966,Excellent,1,Petrol,85402,No,311526
Kia,2019-05-02,1705082,Good,5,Electric,6083,No,275193
Hyundai,2021-02-04,1071213,Excellent,3,Petrol,75857,No,195260
Audi,2024-09-11,686506,Average,4,Hybrid,186614,No,81804
Mahindra,2020-03-31,1931510,Excellent,1,Petrol,79075,No,335867
Maruti,2016-04-16,2704776,Average,1,Diesel,83616,No,172914
Honda,2022-09-17,2066519,Average,2,Diesel,28366,Yes,402830
Tata,2019-07-02,358220,Average,4,Electric,133907,Yes,50000
Ford,2016-09-03,1974922,Average,3,Petrol,161408,No,72295
Ford,2018-03-05,2388598,Poor,4,Diesel,111757,No,115042
Kia,2017-03-29,1411429,Excellent,5,Petrol,90506,No,114188
Audi,2023-06-10,1790212,Poor,1,Hybrid,5860,No,398032
Tata,2015-05-02,1123880,Excellent,3,Electric,97127,No,88191
Kia,2023-11-24,1060856,Average,5,Petrol,196285,Yes,75254
Mahindra,2019-09-12,2567555,Poor,2,Petrol,147413,Yes,120539
Honda,2020-05-18,1488825,Poor,3,Petrol,19586,Yes,135958
Mahindra,2017-07-26,2731992,Poor,3,Hybrid,91678,No,148981
Honda,2015-03-22,795556,Poor,3,Diesel,110347,No,50000
Honda,2023-06-06,371020,Excellent,3,Diesel,141992,Yes,67181
Honda,2015-03-05,1190880,Average,4,Petrol,71379,No,53212
Kia,2024-04-23,2750725,Average,2,Petrol,187801,Yes,268103
Tata,2015-12-27,1509730,Average,3,Diesel,125872,No,66530
Hyundai,2024-04-02,1684853,Average,5,Hybrid,180587,Yes,166639
Kia,2024-08-29,730298,Excellent,4,Electric,91925,No,253047
Honda,2019-07-31,2596358,Poor,2,Electric,85787,Yes,203849
Kia,2018-07-26,1250503,Average,3,Petrol,183652,Yes,50000
Ford,2020-10-14,1049223,Good,2,Petrol,173664,Yes,81152
Toyota,2023-05-08,1440072,Average,4,Diesel,106237,No,220832
Toyota,2019-11-03,1612653,Average,4,Electric,174773,Yes,92117
Kia,2024-04-10,915524,Poor,3,Diesel,50797,Yes,150009
Tata,2019-03-10,2261344,Excellent,5,Electric,41896,No,375632
Mahindra,2024-10-01,1665738,Good,2,Diesel,185541,No,264780
Mahindra,2022-02-17,643324,Poor,4,Hybrid,133207,Yes,50153
Honda,2023-04-06,301415,Good,4,Hybrid,132824,No,52420
Hyundai,2015-11-30,994735,Poor,4,Diesel,88661,Yes,50000
Ford,2020-09-11,1301149,Average,1,Diesel,143183,Yes,111064
Audi,2022-04-03,2589762,Average,1,Hybrid,30684,Yes,521714
Tata,2017-06-28,2563593,Average,5,Petrol,87075,Yes,131709
Hyundai,2023-12-05,1857818,Good,2,Diesel,28590,No,612425
BMW,2021-10-27,2615817,Average,5,Diesel,172983,Yes,173735
BMW,2018-03-03,1615322,Good,2,Electric,139870,No,139588
Toyota,2019-10-10,1293330,Good,3,Electric,52460,No,212475
Mahindra,2015-01-20,707235,Poor,3,Petrol,17736,Yes,50000
Kia,2022-06-08,1506092,Poor,2,Petrol,159215,Yes,101829
Hyundai,2024-03-13,1492426,Excellent,5,Electric,99712,No,434531
Kia,2015-04-22,1756393,Average,4,Hybrid,174810,No,50176
Kia,2023-05-06,1846387,Poor,2,Diesel,152178,Yes,162813
BMW,2018-09-08,2167354,Good,3,Electric,16392,No,341848
Audi,2023-03-04,320413,Poor,2,Hybrid,169259,Yes,50000
Tata,2017-03-31,2151431,Excellent,4,Electric,17064,No,303559
Honda,2020-03-01,2447105,Average,4,Electric,142026,No,206590
Toyota,2020-10-02,1250494,Poor,3,Diesel,139737,No,82582
Ford,2018-07-28,396441,Poor,3,Diesel,183930,Yes,50000
BMW,2022-02-19,1031753,Good,3,Electric,15064,No,286522
Ford,2019-04-13,1104078,Good,4,Petrol,76016,No,117820
Maruti,2023-01-03,951018,Excellent,3,Diesel,172277,No,144413
Maruti,2016-04-22,1948527,Good,1,Electric,187317,Yes,82929
Kia,2021-12-05,2844064,Poor,4,Hybrid,198259,Yes,130862
Audi,2024-09-28,525118,Poor,1,Hybrid,64082,No,115750
Tata,2019-10-12,2230267,Poor,1,Petrol,154882,Yes,106230
BMW,2021-04-12,2638739,Good,2,Hybrid,122713,Yes,354631
Hyundai,2020-04-22,2217381,Excellent,1,Petrol,189054,Yes,175984
Kia,2024-09-13,865250,Poor,3,Petrol,64839,Yes,133845
Hyundai,2016-04-02,1176834,Good,5,Hybrid,33076,No,98378
Maruti,2021-05-30,349554,Poor,5,Hybrid,187493,No,50000
Ford,2019-12-25,2472699,Excellent,1,Hybrid,98027,No,430254
Toyota,2020-01-13,720026,Good,1,Hybrid,149862,Yes,70442
Toyota,2021-05-20,2311907,Average,1,Hybrid,138742,Yes,242052
Maruti,2024-08-13,988547,Good,5,Petrol,90085,No,221614
Honda,2017-03-11,2212675,Average,3,Petrol,89254,No,133983
Toyota,2021-08-30,2353256,Good,1,Electric,103087,No,464603
Ford,2024-01-27,809644,Excellent,1,Petrol,14279,No,339159
Honda,2021-08-13,2759234,Poor,2,Petrol,66316,Yes,271060
BMW,2021-09-19,1344384,Excellent,4,Diesel,76681,No,273336
Maruti,2023-08-03,525316,Good,3,Hybrid,146031,No,93939
Kia,2022-07-06,2266419,Poor,2,Diesel,179327,Yes,142493
Toyota,2024-07-20,503634,Excellent,3,Petrol,46547,No,182080
Audi,2024-06-24,1710431,Excellent,1,Hybrid,175025,Yes,344463
Toyota,2023-02-26,661703,Average,3,Petrol,97608,Yes,91335
BMW,2018-10-19,1840855,Excellent,1,Electric,141275,Yes,198591
Ford,2022-08-25,2031606,Good,4,Diesel,65111,No,421227
Maruti,2015-01-05,466704,Poor,1,Petrol,63028,No,50000
Honda,2024-06-10,2157775,Average,3,Electric,88175,No,518475
Audi,2016-07-17,2649955,Poor,2,Hybrid,96320,No,126259
BMW,2019-03-10,2129278,Excellent,2,Electric,190911,Yes,159768
Maruti,2021-08-02,1429870,Poor,3,Diesel,126049,Yes,105615
Audi,2021-09-03,2357989,Average,5,Diesel,59593,Yes,289378
Honda,2024-02-05,923102,Poor,1,Hybrid,69983,Yes,160739
Ford,2023-11-12,2284364,Average,5,Diesel,193163,Yes,177894
Mahindra,2018-08-12,1090913,Excellent,4,Hybrid,83454,No,138462
Mahindra,2019-04-28,2620568,Average,5,Hybrid,184730,Yes,112204
Honda,2020-12-08,2113855,Average,4,Petrol,147890,No,160441
Maruti,2023-05-14,2148627,Poor,2,Hybrid,99614,Yes,274937
Honda,2019-11-01,2534119,Good,2,Diesel,176890,Yes,175264
Honda,2021-09-03,1549997,Average,1,Hybrid,94171,Yes,217146
Honda,2022-05-28,1655253,Good,3,Petrol,190385,No,152124
BMW,2020-06-08,2417627,Poor,2,Electric,86779,No,241324
Kia,2019-11-07,772687,Poor,3,Electric,45880,No,79170
BMW,2016-06-29,2281342,Average,4,Diesel,109151,No,113001
Tata,2018-07-29,2586430,Good,1,Petrol,177319,Yes,142696
Honda,2020-04-20,2091089,Poor,5,Electric,99003,Yes,145907
Toyota,2020-09-14,1689763,Average,5,Petrol,140341,No,121993
Maruti,2019-11-19,764495,Good,4,Hybrid,141111,Yes,65651
Hyundai,2022-09-19,1961933,Excellent,2,Petrol,172670,Yes,251205
Honda,2020-10-30,691526,Average,5,Hybrid,107129,Yes,63317
Hyundai,2018-12-08,1509332,Good,3,Petrol,188268,Yes,72387
Ford,2015-12-13,871013,Excellent,1,Electric,167026,No,55022
BMW,2020-07-01,2588943,Poor,4,Petrol,57682,Yes,196768
Tata,2022-11-14,1237672,Excellent,4,Diesel,99683,No,272259
Maruti,2023-06-26,2002813,Average,2,Diesel,105517,No,352135
Maruti,2016-12-08,683504,Excellent,5,Diesel,10166,No,78015
Honda,2020-10-24,2408040,Poor,1,Hybrid,16577,Yes,302940
Toyota,2018-04-03,1765866,Good,1,Hybrid,177361,Yes,105654
Audi,2021-05-12,408180,Good,4,Diesel,127298,Yes,50000
Ford,2024-11-07,2988778,Average,5,Electric,101256,No,640303
Ford,2016-05-20,1596473,Poor,1,Diesel,119521,Yes,58336
Hyundai,2019-07-29,470352,Excellent,3,Hybrid,83792,No,73787
Audi,2023-07-03,2140730,Poor,2,Hybrid,59411,Yes,336288
BMW,2018-08-05,1220209,Good,4,Petrol,38344,No,136028
Audi,2020-11-24,945343,Poor,2,Petrol,108602,No,75208
Ford,2020-02-12,2289177,Good,1,Petrol,155758,Yes,190799
Toyota,2021-04-30,2949528,Average,1,Petrol,29678,No,498827
Mahindra,2018-06-20,1828168,Good,2,Electric,109217,Yes,177825
BMW,2020-04-23,2104133,Excellent,5,Petrol,129972,No,227591
Toyota,2023-07-16,1055293,Poor,1,Hybrid,111525,Yes,137496
BMW,2017-05-22,2830939,Average,4,Electric,119469,Yes,156501
Tata,2020-02-01,544761,Good,2,Petrol,70139,No,76002
Kia,2017-06-19,2340171,Excellent,5,Petrol,86932,No,199716
BMW,2016-06-20,1544681,Average,3,Petrol,186346,Yes,50000
Honda,2024-01-05,1646500,Average,4,Electric,132888,Yes,247385
Ford,2023-02-06,323255,Poor,1,Diesel,179070,No,50000
Audi,2023-07-17,1214943,Poor,1,Hybrid,32429,Yes,224829
Hyundai,2016-06-02,1595145,Excellent,5,Hybrid,92333,No,127920
Toyota,2022-07-16,985397,Good,4,Hybrid,118672,Yes,148739
Tata,2019-09-08,2986947,Good,1,Electric,55145,No,531692
Honda,2023-09-28,2958418,Average,4,Electric,90501,Yes,533214
Ford,2015-05-12,342659,Average,4,Petrol,137433,No,50000
Toyota,2018-10-01,430713,Good,4,Diesel,166545,Yes,50000
BMW,2021-05-02,975842,Poor,5,Hybrid,151558,Yes,55979
Honda,2020-03-30,520189,Poor,1,Petrol,74918,No,50000
Honda,2023-03-10,1388214,Good,5,Diesel,13128,No,361180
Audi,2021-10-20,2571519,Poor,2,Diesel,54833,No,325214
Audi,2022-06-14,2636816,Excellent,2,Hybrid,139770,Yes,465020
Hyundai,2022-09-29,603606,Poor,4,Petrol,40420,No,78667
Toyota,2024-03-17,1945013,Excellent,5,Petrol,94110,No,480268
Toyota,2015-03-23,1143710,Poor,3,Electric,194396,Yes,50000
Honda,2017-07-26,2809810,Poor,3,Hybrid,112933,No,137591
Kia,2021-05-15,1796936,Excellent,4,Hybrid,93927,No,339838
Kia,2023-10-05,1893414,Excellent,1,Electric,74148,No,723624
Mahindra,2023-10-06,1108877,Poor,3,Hybrid,116992,Yes,130953
Audi,2021-06-27,1710107,Good,1,Petrol,151476,No,203827
Hyundai,2017-04-12,1834599,Excellent,3,Hybrid,63555,No,216728
Mahindra,2017-10-31,657828,Average,2,Hybrid,174007,No,50000
Maruti,2017-09-17,1829717,Excellent,4,Petrol,172407,No,103417
Audi,2024-04-18,787415,Average,4,Diesel,90844,No,152050
Mahindra,2015-06-16,397904,Poor,3,Petrol,194911,No,50000
Audi,2023-09-11,879716,Excellent,5,Electric,157331,No,168098
Ford,2022-11-20,2575359,Good,4,Petrol,128173,Yes,341072
Mahindra,2019-09-07,562974,Excellent,5,Hybrid,72883,No,83948
BMW,2019-08-05,2396945,Excellent,1,Hybrid,26309,No,530542
Honda,2019-07-05,1241728,Poor,5,Electric,99651,Yes,75901
BMW,2022-05-03,2068563,Average,1,Petrol,163497,No,208107
BMW,2019-06-14,1749220,Good,5,Electric,40740,No,253842
Tata,2022-03-12,1642905,Poor,5,Petrol,66012,Yes,149493
Mahindra,2020-04-08,2882439,Poor,1,Petrol,68917,No,263069
Tata,2021-02-04,892205,Poor,3,Petrol,123317,No,64097
Toyota,2018-10-03,857551,Average,3,Hybrid,96565,No,73869
BMW,2019-07-28,2841277,Average,3,Petrol,153983,No,175521
Ford,2024-03-05,1306914,Good,3,Electric,128521,Yes,273903
Tata,2017-03-28,1249255,Average,1,Electric,143255,Yes,68837
BMW,2017-10-18,1530426,Average,4,Electric,19133,No,156285
Honda,2022-05-10,2846645,Excellent,4,Hybrid,49844,No,767145
Tata,2020-11-25,779810,Excellent,5,Electric,129723,Yes,101634
Tata,2016-11-23,2437000,Excellent,2,Petrol,118849,Yes,172266
BMW,2016-01-23,2502229,Poor,2,Petrol,30316,Yes,114941
Hyundai,2021-10-05,2178964,Good,5,Petrol,90632,No,306217
Tata,2020-06-16,767523,Excellent,5,Hybrid,81549,No,124865
Ford,2023-09-01,2791097,Excellent,5,Electric,23401,No,1029401
BMW,2022-11-01,1033506,Good,1,Hybrid,110248,No,223909
BMW,2016-10-22,2161406,Good,5,Electric,181665,Yes,83843
Audi,2018-07-01,813735,Excellent,5,Hybrid,131847,No,74084
Ford,2017-12-27,763588,Excellent,3,Petrol,143050,Yes,52917
Honda,2024-01-06,512010,Excellent,3,Electric,82688,No,176616
BMW,2015-10-08,447945,Average,1,Petrol,192743,Yes,50000
Tata,2019-03-06,1389296,Average,1,Electric,154762,Yes,97221
BMW,2024-02-21,504022,Average,1,Petrol,171995,Yes,57389
Audi,2019-02-23,687540,Excellent,5,Electric,23771,No,121413
BMW,2024-09-03,1713717,Good,5,Hybrid,145519,Yes,293539
Honda,2022-08-23,1715203,Average,3,Hybrid,188400,Yes,137275
Audi,2024-09-09,2064962,Average,3,Petrol,83576,Yes,391273
Hyundai,2019-03-02,384262,Good,3,Hybrid,63889,No,51338
Maruti,2015-09-10,1718504,Good,4,Hybrid,72218,No,118892
Audi,2020-08-26,2018998,Average,3,Petrol,65043,Yes,215358
Tata,2015-09-04,1003349,Excellent,3,Electric,23933,No,113272
Tata,2015-11-24,1462252,Excellent,1,Diesel,105444,No,118245
Hyundai,2017-05-01,694177,Average,4,Diesel,66361,Yes,50000
Maruti,2016-02-08,1249446,Good,3,Hybrid,15502,No,122265
Hyundai,2017-02-09,838867,Good,1,Petrol,67409,No,76828
Toyota,2015-09-02,2691814,Poor,5,Petrol,140159,Yes,57908
Hyundai,2018-11-28,703240,Average,1,Petrol,55385,Yes,65343
Ford,2021-10-31,1506580,Poor,1,Diesel,151346,Yes,109984
Maruti,2022-11-15,2230373,Average,2,Hybrid,138876,Yes,282406
Maruti,2024-06-14,1942789,Poor,5,Electric,55266,Yes,324182
Mahindra,2019-02-22,2394966,Poor,5,Electric,184608,Yes,79468
Honda,2018-11-23,2848513,Good,2,Electric,97539,No,350204
Maruti,2023-09-05,2581061,Good,1,Diesel,124108,Yes,501638
Honda,2017-05-24,553649,Excellent,4,Petrol,40826,No,60363
Toyota,2015-04-15,1809609,Poor,1,Hybrid,102332,Yes,64618
Hyundai,2024-05-01,1968351,Average,5,Hybrid,161378,Yes,228931
Tata,2021-11-25,1336618,Good,2,Hybrid,185737,No,142321
Kia,2023-01-12,1916509,Excellent,3,Petrol,69805,No,491513
Honda,2017-11-12,815076,Good,3,Diesel,113333,No,65325
Hyundai,2024-05-02,1349560,Excellent,2,Petrol,31401,No,526928
Toyota,2019-05-29,466941,Excellent,5,Electric,186540,Yes,50000
Toyota,2016-03-26,1810751,Poor,5,Electric,83751,Yes,70141
Kia,2017-02-13,2695791,Excellent,2,Electric,146905,Yes,202828
Kia,2018-08-22,845129,Average,3,Petrol,71378,Yes,63233
Mahindra,2022-04-17,1502374,Excellent,1,Diesel,155867,No,254671
Toyota,2020-07-06,1876739,Good,5,Electric,176177,Yes,139142
BMW,2024-10-09,1376225,Good,1,Hybrid,38445,No,563292
BMW,2016-10-01,2587209,Excellent,5,Diesel,19105,No,277662
Audi,2021-05-12,2528582,Poor,3,Electric,49726,Yes,293627
Mahindra,2019-06-20,692736,Poor,5,Diesel,44702,Yes,50000
Honda,2022-05-18,302778,Excellent,4,Diesel,37322,No,80612
Ford,2016-03-24,2791437,Poor,4,Electric,93519,No,121778
Audi,2015-01-15,1038890,Average,3,Petrol,192187,No,50000
Hyundai,2016-11-01,506255,Good,2,Petrol,158016,Yes,50000
Hyundai,2016-11-06,1544435,Poor,5,Hybrid,43862,Yes,73720
Audi,2019-05-13,1456914,Good,5,Electric,129733,No,136886
Audi,2019-07-17,1179403,Average,4,Petrol,76058,No,105017
Tata,2019-02-18,1839282,Excellent,3,Petrol,148337,No,164851
Ford,2021-08-07,1698476,Average,2,Electric,138558,No,206814
Toyota,2024-07-01,2384184,Poor,1,Hybrid,163765,Yes,262522
Ford,2023-11-21,1724374,Average,3,Petrol,133578,Yes,220519
Ford,2019-11-20,386924,Excellent,3,Petrol,108367,Yes,50000
Ford,2023-07-04,879550,Poor,1,Electric,27020,Yes,175413
Toyota,2016-08-17,1988822,Average,4,Diesel,129379,Yes,81011
Honda,2019-04-22,1439794,Good,3,Diesel,121456,Yes,125550
Ford,2016-05-31,2230718,Average,2,Petrol,63867,Yes,126700
Audi,2021-03-04,2585990,Excellent,2,Petrol,45406,No,572247
Toyota,2022-10-22,2495477,Good,5,Diesel,46317,No,539692
Mahindra,2022-09-15,713382,Excellent,2,Diesel,195153,Yes,80441
Audi,2024-04-11,2686426,Good,2,Hybrid,80967,No,807028
Kia,2021-04-27,2042241,Poor,3,Petrol,139586,Yes,124346
Audi,2023-12-21,1636833,Average,2,Diesel,84265,Yes,311010
Tata,2020-05-19,365428,Poor,2,Hybrid,42059,Yes,50000
BMW,2024-09-04,1528139,Average,3,Hybrid,37772,No,444516
Hyundai,2017-05-20,945834,Average,5,Electric,101356,No,60112
Hyundai,2019-02-20,2488091,Excellent,3,Hybrid,26159,No,460583
Kia,2024-12-14,608483,Poor,3,Hybrid,142743,Yes,74944
Audi,2015-05-04,2995809,Excellent,5,Diesel,25911,No,249325
Mahindra,2019-05-08,1033127,Poor,1,Diesel,72985,No,85455
Tata,2024-04-26,2021407,Excellent,2,Electric,54451,No,873790
Hyundai,2021-03-19,1708114,Average,1,Diesel,16243,No,318875
Tata,2016-09-29,2859239,Poor,4,Hybrid,79751,Yes,122599
Kia,2018-04-26,1985611,Poor,2,Hybrid,190290,No,68002
Ford,2016-11-18,421648,Average,3,Diesel,160304,Yes,50000
Toyota,2023-12-15,2303351,Poor,3,Hybrid,148788,No,257634
Mahindra,2015-05-26,2263001,Good,1,Hybrid,113494,No,143797
Audi,2017-08-23,768035,Excellent,5,Electric,59363,No,92529
Audi,2016-01-24,2363229,Excellent,3,Diesel,120420,Yes,146812
Kia,2015-06-27,960175,Poor,2,Electric,171477,No,50000
Hyundai,2023-03-08,1773961,Excellent,2,Petrol,36231,No,563913
Audi,2016-07-25,733867,Average,5,Hybrid,186377,Yes,50000
Audi,2021-01-04,348770,Average,4,Diesel,98008,No,50000
Hyundai,2017-08-03,960630,Good,5,Hybrid,28255,No,101596
Toyota,2017-04-13,2581966,Good,2,Electric,92831,No,249885
Kia,2021-07-29,2374423,Average,3,Hybrid,56178,Yes,349002
Honda,2016-06-03,2039480,Excellent,5,Diesel,183555,No,86015
Tata,2019-08-15,1137555,Excellent,2,Diesel,142379,Yes,116750
Mahindra,2015-01-10,2326175,Excellent,4,Petrol,182963,No,77919
Hyundai,2024-02-05,1594598,Good,5,Hybrid,186768,Yes,182251
Audi,2022-08-27,2933978,Excellent,3,Petrol,68154,No,712687
Tata,2019-12-04,1506196,Good,5,Diesel,63501,No,190016
Kia,2024-07-01,1079706,Average,1,Electric,168464,Yes,162613
Audi,2021-09-24,1545540,Excellent,1,Petrol,97499,No,313574
Mahindra,2018-04-16,2448058,Excellent,1,Petrol,152873,No,206195
BMW,2016-02-09,636694,Poor,3,Electric,140387,No,50000
Tata,2021-08-15,443355,Average,4,Hybrid,111315,Yes,50000
Toyota,2021-02-19,1427627,Poor,1,Electric,41210,Yes,183640
Tata,2016-02-20,1410598,Excellent,2,Electric,88455,No,138874
Maruti,2019-08-27,2429102,Good,3,Hybrid,62520,No,353337
Hyundai,2016-06-04,1990159,Poor,1,Electric,108553,Yes,88013
Toyota,2024-03-06,2141766,Average,2,Diesel,130241,No,368052
BMW,2024-03-22,745181,Excellent,3,Petrol,72821,No,228915
Tata,2019-12-24,2482061,Good,4,Electric,166559,Yes,193187
Honda,2017-05-11,1462549,Excellent,5,Diesel,198927,No,62347
Hyundai,2024-06-05,2297729,Poor,2,Petrol,150960,Yes,227427
Maruti,2024-01-10,367057,Excellent,5,Hybrid,130819,No,82612
Maruti,2022-03-17,1568509,Good,2,Diesel,108014,Yes,248877
Maruti,2020-04-03,1809447,Excellent,3,Diesel,60697,No,329083
Audi,2023-01-26,1759253,Good,2,Hybrid,12616,No,569794
Mahindra,2022-03-06,2427969,Poor,5,Diesel,151614,No,166346
Toyota,2022-02-09,2298885,Poor,5,Petrol,48950,Yes,221359
BMW,2021-02-08,2728468,Poor,2,Petrol,8787,No,341639
Toyota,2023-09-11,954046,Average,1,Electric,183921,Yes,111244
Mahindra,2023-12-16,781252,Poor,1,Electric,97607,Yes,124327
Tata,2017-10-15,2443175,Good,3,Hybrid,181311,No,131158
Toyota,2017-04-27,1838984,Poor,4,Hybrid,149981,Yes,58973
Toyota,2018-09-26,373404,Average,4,Diesel,179677,Yes,50000
Tata,2015-12-22,2263526,Average,1,Petrol,125803,Yes,92928
Audi,2016-07-07,1749582,Average,2,Electric,30744,Yes,139879
BMW,2022-06-17,2380854,Excellent,2,Diesel,73837,No,618175
Tata,2015-04-24,2997749,Average,3,Hybrid,135749,Yes,107167
Audi,2020-12-09,2880101,Average,3,Petrol,155200,Yes,198389
Kia,2020-11-20,2043717,Average,5,Petrol,97466,Yes,173554
Mahindra,2015-01-17,1859535,Average,2,Diesel,86345,Yes,81954
Maruti,2019-08-13,2949691,Average,2,Petrol,110783,No,251029
Mahindra,2015-10-21,2174892,Poor,3,Diesel,184297,No,50000
Maruti,2019-02-28,1073970,Average,3,Hybrid,57332,Yes,106083
Honda,2018-10-03,1738434,Good,4,Hybrid,133214,No,144938
Audi,2017-05-26,2982061,Poor,2,Electric,18522,No,239824
Kia,2024-10-29,2114731,Excellent,3,Electric,162883,No,525349
Tata,2015-11-08,2821232,Excellent,4,Hybrid,177794,No,129004
Maruti,2024-05-21,2581778,Good,1,Hybrid,163761,No,516935
BMW,2016-09-24,2838901,Poor,5,Hybrid,113542,No,107527
Maruti,2024-12-02,1868851,Good,1,Petrol,108022,Yes,452898
Audi,2024-08-22,1127567,Poor,2,Petrol,170573,No,111493
Maruti,2019-08-26,1148601,Good,5,Petrol,133297,No,91178
Mahindra,2023-12-20,1880904,Average,5,Hybrid,176420,No,204232
Ford,2017-10-07,1815611,Poor,2,Electric,73332,Yes,112331
Tata,2020-04-18,1072757,Good,5,Hybrid,113056,Yes,109109
Kia,2017-11-01,2967051,Poor,2,Electric,43038,Yes,210433
Tata,2017-09-24,1153713,Excellent,1,Hybrid,153175,Yes,91085
Toyota,2021-02-04,1608498,Good,4,Hybrid,67200,No,273907
Hyundai,2016-07-05,2195360,Excellent,3,Petrol,174553,No,106238
Hyundai,2019-03-26,2000347,Good,4,Diesel,164027,Yes,123961
BMW,2016-05-14,1624513,Poor,5,Petrol,124106,Yes,50000
Toyota,2015-10-26,1648193,Excellent,5,Petrol,114808,No,93512
Audi,2021-12-27,2923019,Average,1,Diesel,98793,No,438891
Toyota,2020-01-20,405202,Average,5,Petrol,142902,No,50000
Mahindra,2022-06-24,2745105,Excellent,1,Electric,48490,No,948548
Tata,2021-07-22,2240120,Good,5,Electric,61844,No,420552
Kia,2017-10-03,649772,Poor,5,Diesel,115677,Yes,50000
Maruti,2015-10-11,624576,Excellent,5,Hybrid,110632,Yes,50000
Kia,2021-04-18,1264262,Excellent,5,Electric,183614,Yes,120082
Kia,2020-11-29,904305,Good,3,Diesel,31847,No,170898
BMW,2020-06-21,2560279,Average,4,Electric,43535,Yes,331962
BMW,2016-05-21,1967379,Good,5,Electric,190734,Yes,65798
Hyundai,2022-03-03,1743653,Excellent,5,Hybrid,61336,No,409357
Toyota,2021-10-02,2328784,Good,3,Electric,42317,No,549512
Maruti,2021-09-09,481778,Good,3,Electric,116209,Yes,72231
Toyota,2016-06-17,2721549,Excellent,1,Petrol,36245,No,305216
Kia,2019-01-21,1058328,Average,5,Electric,158479,Yes,56612
Ford,2016-12-29,360432,Average,2,Electric,110928,No,50000
Honda,2017-07-25,2758315,Excellent,4,Petrol,158922,No,168283
Kia,2015-08-28,2219520,Average,5,Diesel,38347,Yes,111411
Mahindra,2015-10-25,700595,Excellent,3,Hybrid,196366,Yes,50000
Hyundai,2023-08-07,1151949,Poor,2,Electric,108253,Yes,155644
Honda,2023-04-25,2301104,Excellent,4,Electric,83961,No,664984
Honda,2015-09-24,950936,Good,4,Electric,98251,No,62299
Audi,2019-12-14,676146,Average,2,Electric,129761,Yes,59763
BMW,2017-03-16,405193,Good,5,Petrol,127507,Yes,50000
Ford,2023-05-30,594079,Poor,1,Diesel,155932,Yes,54319
Honda,2022-09-16,1614541,Good,4,Hybrid,177149,Yes,169733
Ford,2021-01-19,2295398,Average,3,Petrol,169349,No,161435
Toyota,2015-05-27,1994343,Good,1,Hybrid,53198,No,167770
Toyota,2015-01-23,2168404,Excellent,2,Diesel,100818,Yes,133997
Honda,2016-08-03,2667993,Average,3,Hybrid,68509,Yes,165494
Hyundai,2015-08-16,2664696,Average,4,Electric,72148,Yes,139511
Kia,2018-11-28,876352,Excellent,1,Electric,51325,No,167532
Maruti,2024-08-08,2635281,Excellent,5,Diesel,189191,Yes,360063
Tata,2024-03-27,784609,Excellent,1,Diesel,184936,Yes,131089
Mahindra,2024-01-12,2085429,Poor,2,Electric,120149,Yes,283551
Honda,2019-04-08,434929,Good,5,Diesel,139712,Yes,50000
Mahindra,2018-12-29,1647840,Poor,2,Petrol,150587,No,75068
Kia,2017-08-31,619160,Excellent,5,Petrol,80254,No,56297
Hyundai,2018-05-17,1347266,Poor,2,Electric,92873,Yes,84082
Toyota,2016-03-25,1084288,Excellent,5,Diesel,66092,No,89041
Audi,2019-10-08,2341835,Good,4,Diesel,109801,Yes,221509
Hyundai,2017-10-29,1971603,Excellent,5,Petrol,43074,No,215179
BMW,2023-01-07,2500301,Good,1,Petrol,129010,No,440048
Hyundai,2024-08-28,2554759,Average,2,Diesel,143042,Yes,394930
Ford,2017-04-21,2417855,Excellent,5,Electric,131818,Yes,173385
Tata,2016-08-07,1524464,Excellent,2,Electric,18098,No,215631
Honda,2024-10-14,2046507,Excellent,1,Diesel,125609,No,629706
Kia,2018-05-28,1794196,Average,4,Diesel,176601,Yes,70566
Hyundai,2022-01-30,2024130,Excellent,5,Diesel,35505,No,486737
Honda,2024-02-06,694285,Excellent,2,Electric,100239,Yes,212049
Maruti,2018-10-07,1703479,Good,1,Diesel,111699,No,177166
Audi,2017-07-09,1635046,Poor,4,Petrol,190604,No,50000
Ford,2018-02-03,2002949,Excellent,5,Electric,157645,No,153565
BMW,2024-03-24,2633277,Average,2,Hybrid,49046,Yes,647361
BMW,2017-05-24,2789867,Excellent,4,Diesel,132034,No,211211
Hyundai,2020-06-08,1219577,Good,3,Electric,167949,Yes,107138
BMW,2022-08-20,416548,Excellent,2,Petrol,90935,No,96010
Toyota,2015-11-01,1964942,Poor,4,Hybrid,150175,No,54906
Toyota,2021-04-27,1086911,Good,1,Petrol,123721,Yes,134673
Mahindra,2021-05-24,2558464,Average,1,Diesel,55705,No,423462
Honda,2018-03-14,2286398,Good,3,Hybrid,138527,Yes,160668
Mahindra,2022-08-26,1049359,Good,4,Hybrid,146691,No,151540
Tata,2021-01-14,2885923,Poor,5,Petrol,58173,Yes,224906
Tata,2019-03-08,1400476,Excellent,5,Hybrid,71144,No,193965
Maruti,2018-06-09,2571953,Average,1,Hybrid,141627,Yes,163792
Maruti,2021-03-13,1390655,Poor,5,Petrol,38763,Yes,120138
Ford,2022-01-30,2023272,Poor,3,Electric,9022,No,341219
Mahindra,2023-06-08,1190194,Average,5,Diesel,74768,Yes,182206
Toyota,2016-09-04,1561844,Good,5,Electric,130963,Yes,84714
Maruti,2017-08-14,1884083,Poor,2,Electric,27615,Yes,136750
BMW,2016-09-18,2534602,Good,5,Diesel,31784,No,215199
Audi,2019-06-06,856835,Average,4,Hybrid,157482,No,54487
Audi,2020-10-05,631951,Average,2,Hybrid,18849,Yes,99053
Mahindra,2023-04-17,924177,Excellent,3,Petrol,86834,No,228966
Hyundai,2018-09-15,2543068,Average,1,Hybrid,93742,No,244808
Hyundai,2016-10-28,460574,Good,3,Diesel,137002,Yes,50000
BMW,2023-02-27,1421145,Poor,4,Diesel,192969,Yes,78763
Kia,2023-12-24,1404152,Good,1,Electric,26268,No,561658
Mahindra,2019-10-14,606015,Excellent,3,Electric,26228,No,132367
Audi,2023-07-18,454279,Average,1,Petrol,96998,No,82713
Maruti,2015-07-03,2987329,Excellent,5,Electric,36592,No,278120
Mahindra,2020-10-15,2936889,Poor,1,Hybrid,121531,Yes,231722
Maruti,2017-03-09,340335,Excellent,4,Petrol,87440,No,50000
BMW,2017-05-14,2177666,Poor,4,Diesel,19247,No,137171
Tata,2024-06-20,1777230,Average,1,Hybrid,33116,Yes,508646
Tata,2016-04-18,542611,Poor,3,Diesel,63034,No,50000
Ford,2017-04-15,1451665,Excellent,2,Petrol,141392,Yes,95751
Honda,2016-08-06,467850,Excellent,1,Electric,103131,No,50000
Mahindra,2015-06-16,1153907,Excellent,1,Diesel,80503,No,97990
Tata,2017-07-09,2904267,Average,4,Petrol,49765,Yes,187232
Kia,2021-12-26,1641408,Poor,1,Electric,40976,Yes,242609
Hyundai,2022-03-17,1650796,Good,4,Electric,78795,No,340038
Mahindra,2019-05-28,1606001,Good,1,Petrol,114581,No,170288
Kia,2022-03-03,2627776,Poor,3,Petrol,129544,Yes,195177
Maruti,2021-08-06,2061008,Excellent,1,Petrol,189334,No,223589
BMW,2023-09-17,961226,Excellent,5,Diesel,100374,No,227372
Honda,2022-06-30,875003,Poor,1,Hybrid,192720,Yes,54766
Toyota,2022-08-04,803553,Poor,5,Electric,93824,Yes,83450
Mahindra,2020-04-24,1066681,Excellent,3,Electric,144862,Yes,129486
Kia,2018-07-06,2501007,Average,4,Electric,117968,Yes,167332
Ford,2024-01-16,677660,Average,4,Diesel,146397,Yes,82982
Ford,2021-02-05,1740842,Average,2,Petrol,79696,Yes,197615
Honda,2019-01-20,2107910,Excellent,2,Petrol,159274,No,182669
Audi,2024-10-23,1449658,Average,3,Hybrid,182160,No,193677
Kia,2017-01-03,420487,Poor,2,Electric,61947,Yes,50000
Ford,2021-08-22,1657550,Average,2,Diesel,100498,No,221544
BMW,2015-10-19,1888335,Average,4,Petrol,88431,No,86427
Tata,2016-06-21,1286770,Excellent,3,Diesel,187760,Yes,53390
Maruti,2022-03-05,374418,Excellent,5,Hybrid,59329,No,88720
Mahindra,2017-08-04,1709980,Good,5,Electric,147853,Yes,96868
Maruti,2020-08-24,2695445,Average,4,Hybrid,38753,No,383053
Tata,2022-09-20,1801962,Average,4,Petrol,27161,Yes,295028
Maruti,2018-08-23,1087966,Excellent,4,Diesel,58133,No,145305
Hyundai,2020-05-09,1958996,Poor,4,Hybrid,193824,Yes,72819
Toyota,2019-07-20,879578,Average,2,Petrol,52462,Yes,87198
Mahindra,2017-10-18,1777559,Average,3,Electric,76748,Yes,137496
Ford,2019-01-09,481982,Good,1,Petrol,177209,No,50000
BMW,2022-04-18,2610683,Average,4,Hybrid,26490,Yes,457043
Toyota,2015-12-14,2216777,Poor,3,Diesel,182130,Yes,50000
Ford,2015-01-05,653138,Average,5,Petrol,126625,No,50000
Audi,2016-12-14,1661274,Poor,2,Diesel,97326,Yes,71045
Honda,2018-02-28,1864976,Good,2,Petrol,102195,Yes,147357
Hyundai,2023-11-02,2927182,Average,3,Diesel,192385,Yes,257167
Hyundai,2016-02-07,2380521,Excellent,3,Hybrid,56328,No,239315
Audi,2022-09-03,2617365,Excellent,1,Electric,193063,Yes,357198
Audi,2017-01-03,2484529,Excellent,3,Hybrid,20564,No,331914
Honda,2017-11-18,821051,Poor,4,Diesel,13158,No,57453
Tata,2015-11-21,555578,Poor,5,Hybrid,162509,Yes,50000
Hyundai,2022-08-10,2655096,Poor,5,Electric,194371,Yes,141644
Toyota,2019-03-25,1797227,Excellent,1,Diesel,104075,No,251621
Audi,2019-07-15,1325385,Good,3,Electric,7746,No,247305
Audi,2023-04-19,1188097,Average,5,Electric,61700,Yes,213295
Audi,2015-06-18,759304,Excellent,1,Hybrid,50211,No,78341
BMW,2024-02-08,2787913,Excellent,2,Petrol,79520,No,860716
Maruti,2017-09-03,2140950,Good,4,Hybrid,64229,No,211632
Maruti,2023-02-07,2792627,Average,4,Hybrid,95327,Yes,417204
Toyota,2024-11-11,1143981,Excellent,4,Hybrid,17194,No,524047
Tata,2016-06-26,1497070,Poor,2,Petrol,106329,No,58793
Maruti,2016-10-17,2244838,Poor,1,Diesel,32318,Yes,130065
Kia,2024-07-29,2676238,Average,3,Hybrid,113401,Yes,490419
Tata,2020-01-16,342353,Good,5,Petrol,45211,No,50000
Mahindra,2016-11-07,2155917,Good,5,Petrol,111058,Yes,110752
Kia,2017-03-16,2479185,Poor,4,Petrol,42315,Yes,117278
Ford,2021-02-26,2696153,Average,5,Petrol,172707,Yes,150319
Toyota,2015-06-27,1886968,Average,5,Petrol,13065,Yes,94306
Kia,2023-05-28,485989,Average,2,Hybrid,61953,Yes,99115
Kia,2023-07-29,950809,Average,2,Hybrid,91946,No,193583
Tata,2022-08-04,957796,Average,3,Diesel,90790,Yes,133587
Maruti,2016-09-06,1592014,Excellent,3,Hybrid,99019,No,145074
BMW,2017-12-30,440120,Excellent,2,Diesel,42984,No,62847
Ford,2024-07-18,1086849,Good,4,Hybrid,163421,No,190284
Toyota,2020-01-22,2138122,Excellent,2,Petrol,115757,Yes,257082
Maruti,2015-10-10,1927237,Poor,1,Electric,157886,Yes,56906
Tata,2024-07-12,2406992,Poor,2,Electric,30027,No,591929
Mahindra,2023-04-14,1545826,Excellent,4,Petrol,196737,No,174984
Tata,2021-05-04,385287,Average,1,Hybrid,61832,Yes,59155
Audi,2019-09-02,2623353,Good,1,Diesel,98876,No,337541
Ford,2022-10-15,2781313,Poor,4,Petrol,136846,Yes,206516
Ford,2017-11-17,2360318,Excellent,3,Petrol,91743,No,236903
BMW,2018-01-05,1037042,Excellent,4,Electric,194439,Yes,55656
Toyota,2017-03-10,812051,Excellent,4,Diesel,110157,No,67202
Toyota,2022-11-02,1209055,Poor,2,Electric,123975,Yes,132505
Tata,2017-06-23,1928323,Poor,3,Hybrid,90498,Yes,93787
Tata,2021-11-09,1483708,Average,5,Electric,18082,No,277025
Toyota,2020-12-01,2551317,Average,4,Diesel,88836,Yes,258416
BMW,2018-07-30,2380625,Good,2,Diesel,179990,No,145372
Honda,2021-11-14,2959630,Average,2,Hybrid,159067,No,309435
Mahindra,2016-03-17,971295,Poor,3,Petrol,93572,Yes,50000
Kia,2022-02-17,1504123,Good,5,Petrol,178847,Yes,116905
Maruti,2019-12-09,1761061,Poor,2,Diesel,110210,No,127314
BMW,2015-10-24,2318687,Poor,2,Petrol,95424,No,86208
Ford,2017-12-28,2365361,Good,1,Electric,180068,Yes,140896
Honda,2021-02-04,1103445,Poor,5,Petrol,159310,Yes,50499
Hyundai,2022-06-10,1054004,Poor,5,Hybrid,43958,Yes,124843
BMW,2022-11-30,335439,Poor,2,Petrol,106953,No,50000
Tata,2016-04-24,1759886,Poor,4,Petrol,28382,Yes,75896
Ford,2024-11-24,520206,Poor,5,Hybrid,195727,Yes,50000
Ford,2023-01-05,836563,Poor,5,Diesel,41595,No,114328
Ford,2024-08-21,847026,Average,4,Petrol,78876,Yes,153567
BMW,2018-04-15,2274281,Excellent,2,Petrol,147978,No,187951
Hyundai,2015-10-22,1940736,Excellent,5,Hybrid,141990,Yes,96460
Audi,2017-07-19,1190474,Good,1,Electric,119975,Yes,99036
Toyota,2022-08-26,2291061,Poor,5,Hybrid,73348,Yes,248597
Mahindra,2023-01-12,2784730,Excellent,4,Electric,26535,No,972994
Ford,2018-12-07,2796737,Average,2,Petrol,74145,No,254284
Hyundai,2021-11-24,2630138,Average,3,Electric,160913,Yes,246950
Hyundai,2019-02-19,1066964,Good,5,Petrol,20888,No,130422
Ford,2018-08-05,1944925,Poor,4,Hybrid,96069,Yes,104288
Honda,2018-04-26,1307104,Poor,4,Electric,82154,Yes,76051
Audi,2015-09-25,1363482,Excellent,4,Petrol,131786,Yes,66271
Mahindra,2017-02-19,1353689,Poor,1,Diesel,139016,Yes,50000
Mahindra,2024-12-30,2816219,Poor,3,Petrol,173825,Yes,245257
Audi,2018-07-20,2986274,Poor,5,Hybrid,197913,No,83231
Maruti,2019-01-06,424595,Average,3,Petrol,75993,Yes,50000
Mahindra,2017-03-05,1900661,Good,4,Hybrid,63740,No,173614
Ford,2015-03-03,2522562,Poor,4,Hybrid,147871,Yes,57809
Maruti,2017-06-15,543197,Excellent,3,Electric,74424,No,66926
Mahindra,2017-07-09,2128985,Poor,3,Hybrid,178816,Yes,60324
Maruti,2018-09-13,2519219,Average,1,Hybrid,40323,No,305049
Mahindra,2016-04-04,1215582,Good,3,Petrol,62836,No,88956
Audi,2015-08-17,2652622,Good,5,Diesel,91601,No,146573
Mahindra,2021-12-30,627164,Average,4,Hybrid,135888,No,69731
Honda,2020-04-03,1466171,Average,2,Electric,91824,No,185001
Toyota,2022-11-29,409621,Average,2,Diesel,192385,Yes,50000
Audi,2018-03-29,1370519,Excellent,1,Petrol,140869,Yes,111471
Audi,2021-01-24,924343,Average,5,Electric,59387,Yes,116562
Maruti,2022-06-05,1475987,Poor,2,Hybrid,137774,No,145827
Honda,2020-07-02,2297017,Good,3,Hybrid,111224,No,304911
Honda,2015-09-05,2885397,Poor,3,Electric,49860,Yes,132877
Tata,2019-04-16,1702034,Good,5,Hybrid,107628,Yes,151216
Mahindra,2021-05-07,2133934,Excellent,4,Diesel,156639,Yes,236046
Maruti,2018-11-24,2227216,Good,5,Electric,45274,No,290240
Ford,2017-11-23,823505,Good,2,Petrol,71461,No,79999
Maruti,2020-02-19,642495,Good,1,Hybrid,77311,No,105311
Kia,2022-08-20,2473353,Good,5,Hybrid,56780,No,531903
Audi,2018-08-16,2562357,Average,1,Electric,176122,Yes,139785
Tata,2018-10-04,1145921,Excellent,4,Hybrid,191272,Yes,67294
Audi,2023-02-11,1121344,Poor,1,Petrol,134926,Yes,104500
Mahindra,2024-02-25,353842,Average,4,Petrol,47032,Yes,67798
Tata,2024-10-06,308446,Average,1,Electric,6802,Yes,108119
BMW,2017-09-02,800255,Excellent,2,Diesel,147650,Yes,57817
Maruti,2024-12-30,514310,Poor,2,Diesel,14717,Yes,114532
Mahindra,2019-07-31,1761330,Good,3,Hybrid,98687,No,214589
Honda,2017-11-18,1404717,Good,4,Petrol,47898,No,134386
Tata,2021-10-19,1443419,Poor,1,Diesel,91534,No,163316
Maruti,2023-10-14,2465839,Excellent,3,Hybrid,124144,Yes,561645
Audi,2021-06-23,1376585,Average,2,Hybrid,120050,No,172357
Toyota,2019-11-10,1470537,Poor,1,Hybrid,87207,No,132117
Mahindra,2020-09-15,1459804,Excellent,4,Hybrid,169206,No,157327
BMW,2017-09-04,2079021,Average,3,Hybrid,87917,No,156659
Toyota,2019-02-04,853370,Good,4,Hybrid,92375,No,93597
Toyota,2021-08-14,2006417,Good,3,Hybrid,161708,Yes,210581
Honda,2020-01-05,438205,Good,4,Diesel,5622,No,74161
Toyota,2017-07-25,2994323,Poor,4,Electric,173446,Yes,89546
Honda,2023-01-30,1991284,Good,5,Electric,82989,No,436526
BMW,2021-07-30,1074727,Poor,5,Petrol,39854,No,109289
BMW,2018-12-20,417219,Average,2,Hybrid,51582,No,50000
Toyota,2018-07-16,1416302,Good,1,Petrol,116193,Yes,116396
Tata,2016-12-22,2973137,Poor,1,Electric,64574,Yes,176826
Tata,2021-11-23,2431864,Excellent,5,Diesel,51040,No,534020
Hyundai,2018-06-06,1360087,Poor,1,Petrol,107384,Yes,69039
Ford,2020-07-28,416413,Excellent,3,Diesel,78054,No,73962
Hyundai,2018-05-02,2838086,Average,5,Diesel,7807,No,273221
Tata,2015-09-15,1102747,Average,2,Hybrid,122260,Yes,50000
Maruti,2024-01-13,2088775,Average,1,Hybrid,20118,Yes,584076
Tata,2023-03-26,1894126,Good,4,Hybrid,125003,Yes,308825
Ford,2024-05-28,2308160,Excellent,1,Electric,60665,No,1038369
Toyota,2015-09-28,1767508,Average,2,Diesel,28919,Yes,110670
BMW,2024-02-03,2055098,Excellent,5,Petrol,90315,No,507003
Maruti,2021-08-18,754331,Good,4,Electric,62422,No,151916
BMW,2016-07-13,2100908,Average,4,Petrol,199451,Yes,50000
Ford,2023-09-28,1872358,Good,1,Hybrid,64702,No,582890
Toyota,2015-09-18,559286,Good,3,Hybrid,178284,Yes,50000
Mahindra,2023-01-11,1887015,Average,1,Hybrid,25211,Yes,439957
Mahindra,2020-10-09,651827,Poor,5,Electric,11097,No,78418
Honda,2017-11-28,372572,Poor,5,Hybrid,5736,No,50000
Audi,2019-06-03,2633210,Excellent,5,Petrol,133325,Yes,217428
Ford,2021-10-15,2735530,Poor,4,Diesel,185774,Yes,129507
Mahindra,2016-04-02,434028,Poor,1,Hybrid,11394,No,50000
Kia,2022-08-02,2037084,Average,1,Diesel,184576,Yes,174014
Kia,2019-01-23,1755581,Good,5,Petrol,29776,No,205280
Hyundai,2023-10-16,1284426,Good,3,Hybrid,169659,Yes,180857
Ford,2018-01-14,1048170,Average,2,Electric,195888,Yes,50000
Hyundai,2017-11-30,645458,Excellent,5,Petrol,156412,Yes,50000
Mahindra,2019-02-17,1141866,Excellent,1,Hybrid,13979,No,244982
Hyundai,2018-02-14,305786,Poor,3,Diesel,161601,Yes,50000
Audi,2023-07-27,2755384,Excellent,5,Electric,55560,No,883796
Toyota,2016-04-29,2090799,Good,4,Diesel,173308,Yes,75269
Kia,2015-11-18,1075899,Average,2,Diesel,7473,No,82628
Tata,2019-02-11,2290137,Poor,3,Diesel,111706,Yes,122485
Honda,2016-03-17,676296,Good,3,Petrol,187135,Yes,50000
Toyota,2020-01-15,1096448,Excellent,5,Electric,8247,No,236452
BMW,2018-02-01,2650979,Good,3,Petrol,145416,Yes,153224
Mahindra,2017-07-27,2148752,Excellent,3,Petrol,33792,No,262154
Ford,2022-10-26,1215851,Good,4,Diesel,48690,No,277264
BMW,2023-08-17,576949,Good,5,Petrol,192819,Yes,50588
Hyundai,2024-12-16,1598835,Average,1,Hybrid,147863,Yes,282489
Hyundai,2016-11-12,386866,Average,3,Diesel,177518,Yes,50000
Maruti,2017-09-24,2411092,Average,4,Electric,93671,Yes,161057
Audi,2023-08-15,1771706,Average,5,Petrol,128365,Yes,198838
Maruti,2020-11-22,1700270,Good,5,Hybrid,58603,No,273408
Tata,2024-10-02,1779761,Good,4,Hybrid,94387,No,485242
Mahindra,2020-08-19,2146182,Good,1,Diesel,181373,Yes,171461
Kia,2024-06-29,2081625,Good,2,Hybrid,65862,No,692397
Ford,2024-03-17,2067769,Poor,5,Diesel,70769,No,304533
Kia,2022-01-22,2251072,Average,5,Petrol,129676,Yes,194511
Maruti,2019-01-23,1176716,Excellent,5,Diesel,128249,Yes,101195
Audi,2024-02-03,1045786,Poor,5,Electric,58940,No,180081
Kia,2023-08-12,2132740,Excellent,2,Electric,182343,No,393804
Kia,2020-08-29,1222691,Good,2,Diesel,35471,No,230951
Tata,2017-03-17,1249557,Poor,5,Petrol,17503,Yes,61017
Kia,2023-10-16,553966,Average,2,Electric,193460,Yes,57206
Maruti,2023-02-27,596431,Excellent,4,Hybrid,17515,No,206798
Toyota,2018-03-04,2985477,Excellent,5,Electric,150978,Yes,218457
Toyota,2017-02-26,467918,Excellent,4,Hybrid,174426,No,50000
Mahindra,2022-12-20,541209,Poor,1,Hybrid,172264,Yes,50000
Honda,2017-10-14,1554386,Average,4,Petrol,51759,Yes,103797
Maruti,2015-10-27,1310868,Good,2,Petrol,160432,No,55491
BMW,2017-07-01,2371360,Poor,1,Diesel,37836,Yes,150877
Toyota,2020-04-29,2423689,Good,2,Petrol,100039,Yes,275321
Kia,2024-10-10,2214162,Excellent,4,Petrol,124865,Yes,487649
Mahindra,2018-01-31,1842836,Excellent,1,Petrol,57438,No,247497
Ford,2017-07-19,1083290,Excellent,5,Diesel,134168,No,78131
Audi,2019-05-25,672308,Good,5,Hybrid,76544,No,78441
Hyundai,2018-06-24,1719996,Good,2,Electric,97677,No,197488
BMW,2019-07-03,1759324,Good,1,Petrol,185378,Yes,105463
Ford,2021-05-17,811873,Excellent,5,Petrol,36566,No,161787
Toyota,2018-08-18,722639,Average,5,Electric,6672,Yes,74744
Tata,2020-03-26,526145,Poor,1,Petrol,51381,No,51365
BMW,2023-02-13,1152849,Good,1,Hybrid,45186,No,351301
Toyota,2018-03-31,2034631,Average,5,Diesel,131228,Yes,100383
Honda,2024-11-17,1256198,Poor,1,Electric,69386,No,294067
Tata,2022-01-16,2778550,Poor,5,Petrol,145182,No,181375
Ford,2018-03-24,1574918,Average,2,Hybrid,158562,Yes,82225
Tata,2024-03-15,2492800,Poor,1,Electric,165263,Yes,274888
Tata,2021-11-11,2405391,Average,2,Hybrid,53724,Yes,394993
Ford,2020-01-22,2183090,Good,2,Hybrid,145884,No,232346
Ford,2019-09-06,1143025,Excellent,1,Electric,65252,No,233870
Ford,2023-06-24,1153830,Good,3,Hybrid,72411,No,299606
Hyundai,2019-12-25,800508,Good,3,Petrol,175986,No,56126
Toyota,2021-11-04,1755244,Excellent,4,Petrol,163600,Yes,186885
Hyundai,2018-06-13,1568703,Poor,1,Diesel,13434,No,141474
Audi,2022-08-20,2945455,Poor,2,Diesel,100591,Yes,312207
Tata,2020-11-20,2744005,Poor,1,Electric,111875,Yes,246399
Maruti,2022-06-27,918335,Poor,4,Petrol,181253,Yes,50000
Tata,2020-05-11,2252840,Poor,4,Hybrid,9046,No,255205
Hyundai,2019-11-24,1236907,Poor,1,Electric,151915,Yes,74414
BMW,2022-10-08,1775182,Good,2,Diesel,162030,No,246408
Kia,2021-10-05,1538798,Excellent,4,Diesel,142843,Yes,199572
Maruti,2021-03-05,814794,Good,3,Hybrid,62730,No,151678
Kia,2022-11-30,707046,Poor,5,Petrol,73224,Yes,70099
Kia,2018-03-23,453850,Average,2,Diesel,77850,Yes,50000
Honda,2016-06-21,2782614,Poor,3,Hybrid,191438,No,66175
Honda,2024-01-14,1051872,Good,2,Petrol,188086,Yes,122260
Ford,2017-12-29,497369,Excellent,5,Diesel,77632,No,51723
Audi,2020-12-21,1553677,Good,2,Hybrid,167831,No,164548
Toyota,2019-06-06,1330676,Excellent,4,Petrol,126193,No,135445
Maruti,2018-05-29,2991532,Good,1,Hybrid,157397,Yes,213380
Kia,2023-07-03,398563,Average,3,Electric,100027,Yes,69843
Maruti,2022-11-04,2813100,Average,4,Electric,180363,Yes,250198
Kia,2017-10-14,2086882,Good,3,Hybrid,29434,No,255274
Hyundai,2022-03-15,2913960,Average,4,Hybrid,117711,Yes,334888
Toyota,2023-09-04,2131285,Good,4,Electric,162843,Yes,311020
Mahindra,2019-12-31,600588,Average,1,Hybrid,79402,No,76297
Kia,2023-02-22,709545,Average,2,Diesel,137227,No,98803
BMW,2015-08-03,650983,Poor,1,Electric,130869,No,50000
Maruti,2018-08-30,1020921,Excellent,4,Hybrid,197186,Yes,55816
Audi,2024-05-16,2318445,Poor,1,Hybrid,191183,Yes,199772
Ford,2017-06-17,2096209,Excellent,4,Diesel,98759,No,192178
Ford,2019-07-07,2662367,Average,5,Petrol,126797,Yes,154620
Toyota,2016-06-11,1427439,Excellent,1,Petrol,19020,No,170084
Honda,2017-09-22,759866,Poor,2,Electric,178406,No,50000
Honda,2017-02-05,335856,Excellent,3,Petrol,155942,Yes,50000
Mahindra,2018-10-19,2040240,Average,3,Hybrid,64550,No,204858
Ford,2019-08-16,2134295,Good,5,Electric,89854,No,258191
BMW,2022-03-02,2643281,Excellent,3,Petrol,115455,Yes,424923
Hyundai,2018-10-28,680548,Excellent,1,Electric,31308,No,138645
Maruti,2020-10-28,691951,Good,2,Hybrid,102580,No,106863
Mahindra,2020-03-12,1473776,Poor,2,Petrol,142423,No,86093
Toyota,2021-09-12,2610647,Good,5,Diesel,182478,Yes,196559
Audi,2016-11-23,2957730,Excellent,5,Electric,173767,Yes,148977
Honda,2018-03-18,622919,Good,3,Diesel,173055,Yes,50000
Tata,2023-08-15,843782,Excellent,3,Petrol,84602,No,222830
Ford,2016-04-15,1716131,Average,5,Diesel,183373,Yes,50000
Maruti,2016-03-31,1285015,Poor,1,Electric,55960,Yes,70373
Toyota,2024-11-22,2603922,Good,1,Diesel,172777,Yes,446064
Honda,2023-01-22,2601243,Good,4,Hybrid,174475,Yes,295803
BMW,2015-05-31,1437036,Good,1,Diesel,72215,No,104786
Honda,2022-05-04,1984640,Excellent,2,Hybrid,158174,No,337999
Toyota,2020-05-15,1657931,Average,1,Diesel,68209,No,220425
Ford,2019-11-20,980056,Poor,3,Petrol,118337,Yes,53514
Mahindra,2019-03-04,1037391,Average,2,Diesel,79930,No,102359
Maruti,2017-01-17,2346821,Average,1,Electric,18829,No,249834
Kia,2024-04-16,1889722,Poor,5,Hybrid,137825,No,212848
Maruti,2019-06-19,400924,Excellent,5,Petrol,37615,No,58319
Toyota,2015-03-10,2603497,Average,2,Hybrid,35050,No,172590
Mahindra,2024-02-06,2163116,Poor,5,Petrol,191452,No,138312
Ford,2022-10-17,1146291,Excellent,1,Hybrid,55027,No,382179
Mahindra,2020-07-12,707488,Good,5,Petrol,155458,No,56177
Tata,2023-08-07,1333485,Average,1,Electric,103686,No,287662
Kia,2023-02-19,1763071,Good,1,Electric,150265,Yes,302697
BMW,2017-02-06,1207322,Poor,1,Hybrid,35765,No,86023
Mahindra,2023-07-23,2688640,Average,1,Diesel,136952,No,422214
Mahindra,2022-03-14,1180538,Average,5,Electric,103617,Yes,146098
Kia,2018-02-08,1295372,Good,5,Electric,194434,Yes,55360
Ford,2017-05-10,2893398,Average,5,Petrol,112944,Yes,127774
Hyundai,2019-09-01,2787683,Excellent,1,Petrol,66716,No,465756
Ford,2023-03-03,1427569,Poor,5,Petrol,188809,No,80367
Mahindra,2017-02-17,2409060,Poor,1,Diesel,108343,No,117293
Audi,2020-06-21,2437789,Excellent,3,Hybrid,142821,Yes,289567
Kia,2022-09-28,1373360,Average,1,Diesel,27542,Yes,284044
Mahindra,2021-08-07,2289081,Good,4,Petrol,173077,Yes,181649
Mahindra,2024-06-14,2091343,Excellent,2,Petrol,176815,Yes,343554
Maruti,2015-02-12,2714916,Average,4,Hybrid,178734,Yes,65569
Kia,2022-08-27,398024,Average,5,Diesel,188815,Yes,50000
Hyundai,2022-10-25,742971,Good,5,Electric,64037,No,169611
Kia,2024-11-30,837363,Excellent,3,Petrol,157172,Yes,162906
Ford,2019-05-08,2935569,Poor,2,Diesel,166987,Yes,121642
Kia,2021-05-23,442010,Good,1,Petrol,51047,No,86940
Mahindra,2019-01-03,1013438,Average,3,Hybrid,46181,Yes,102125
Honda,2023-10-15,1764978,Poor,4,Hybrid,145258,Yes,167119
BMW,2016-03-03,372953,Poor,1,Petrol,121409,Yes,50000
Toyota,2017-01-10,903041,Average,1,Diesel,71218,No,68805
Ford,2024-07-03,796877,Poor,3,Electric,27504,Yes,167976
Honda,2019-08-07,1381148,Average,4,Hybrid,10053,Yes,165316
BMW,2023-12-27,2816393,Poor,5,Hybrid,189890,Yes,184496
Toyota,2016-12-06,2563317,Excellent,1,Electric,17195,No,404074
Mahindra,2016-07-21,1927273,Excellent,5,Diesel,22617,No,197807
Tata,2022-05-14,1366318,Average,1,Electric,188893,No,136527
Ford,2022-06-22,995622,Good,1,Petrol,187353,Yes,95085
BMW,2024-01-08,595159,Excellent,1,Petrol,15328,No,246303
Mahindra,2017-11-03,708382,Average,5,Diesel,144173,Yes,50000
BMW,2015-10-19,741713,Poor,4,Diesel,197513,Yes,50000
Maruti,2021-12-12,1706584,Poor,3,Diesel,59287,No,205547
Honda,2018-10-25,1381843,Poor,5,Hybrid,93554,No,81322
BMW,2015-02-09,2843605,Average,5,Petrol,180183,Yes,55807
Toyota,2024-11-18,742326,Good,2,Electric,184167,No,138259
Kia,2016-04-02,1254102,Excellent,4,Diesel,109126,Yes,80649
Mahindra,2022-05-22,529785,Good,2,Petrol,11843,No,134745
BMW,2021-09-13,2886219,Good,3,Petrol,162654,Yes,266781
Maruti,2015-08-22,2581332,Poor,3,Electric,36694,Yes,124353
Tata,2022-03-08,982271,Excellent,4,Hybrid,182814,Yes,108517
Ford,2023-09-19,927841,Poor,1,Petrol,28770,Yes,156694
Tata,2015-03-30,1190232,Good,3,Petrol,155898,No,50000
Hyundai,2017-02-17,852630,Poor,4,Diesel,63854,No,50000
BMW,2016-06-07,2622053,Poor,3,Electric,122974,Yes,96629
Tata,2017-02-04,1744010,Average,5,Hybrid,148116,No,76121
Honda,2019-02-04,713149,Excellent,5,Diesel,187199,No,50000
Kia,2018-06-07,2293089,Poor,4,Diesel,133542,No,101835
Ford,2019-09-22,1832613,Good,2,Electric,140692,Yes,182601
Tata,2018-07-04,922516,Average,2,Diesel,8729,No,108120
Ford,2019-07-31,2389066,Poor,5,Petrol,178723,No,81829
Mahindra,2023-08-11,556896,Good,3,Electric,122240,No,122596
Tata,2016-04-15,1879602,Poor,5,Diesel,171312,Yes,50000
BMW,2019-06-30,1168442,Poor,3,Petrol,35401,Yes,87196
Audi,2018-06-13,2923706,Average,1,Diesel,5194,Yes,325509
Maruti,2018-01-07,1009016,Average,2,Petrol,172513,Yes,50000
Mahindra,2023-11-21,330413,Poor,4,Hybrid,11430,Yes,59312
Honda,2016-04-29,1196271,Good,3,Hybrid,115114,Yes,70981
Hyundai,2017-04-13,661329,Poor,2,Diesel,162383,No,50000
Maruti,2020-11-05,942163,Good,5,Hybrid,155164,Yes,81193
Hyundai,2015-10-08,1094552,Poor,3,Electric,186390,No,50000
Ford,2019-03-28,1956559,Poor,1,Electric,151005,Yes,106382
Toyota,2024-12-16,1620931,Good,4,Petrol,98728,No,391386
Ford,2018-06-14,2995939,Good,1,Diesel,27130,No,428986
Audi,2019-01-02,1500772,Poor,1,Electric,149284,Yes,79477
Honda,2022-09-05,1096690,Excellent,3,Petrol,46063,No,292949
Ford,2021-04-08,1915470,Poor,4,Hybrid,157957,No,122808
Ford,2023-11-29,1423630,Poor,3,Petrol,180845,Yes,98112
Maruti,2021-02-25,1216774,Excellent,2,Hybrid,184797,Yes,124929
Maruti,2020-01-06,1142969,Poor,5,Electric,115944,Yes,69694
Maruti,2017-12-24,2633488,Good,2,Hybrid,8636,No,377932
Tata,2023-05-13,2906818,Poor,2,Electric,126918,Yes,341201
BMW,2016-09-29,2690730,Poor,1,Electric,39651,Yes,170475
Kia,2015-01-16,564403,Average,3,Petrol,116417,Yes,50000
Maruti,2017-08-03,1743628,Poor,5,Petrol,44955,Yes,81777
Maruti,2024-06-18,2894341,Poor,2,Electric,134518,No,431652
Maruti,2021-01-07,2279084,Average,1,Diesel,67580,Yes,303882
Honda,2022-10-30,1377640,Average,1,Petrol,134740,Yes,163617
Tata,2015-05-05,2705934,Average,1,Diesel,124837,No,119986
Hyundai,2016-04-04,1930646,Average,1,Petrol,39325,Yes,124232
Honda,2020-12-26,2370836,Average,1,Diesel,42794,No,386625
Maruti,2018-03-28,2196386,Good,5,Electric,190850,Yes,99150
Hyundai,2015-11-03,2084221,Good,3,Petrol,20744,No,167765
Tata,2015-07-28,1852231,Average,1,Petrol,187312,Yes,50000
Audi,2022-05-29,2538164,Excellent,4,Petrol,141746,No,381847
Hyundai,2023-04-20,859914,Average,4,Hybrid,135907,Yes,106351
BMW,2017-06-17,1583106,Average,1,Diesel,128481,Yes,87319
Honda,2020-11-24,1827503,Average,1,Electric,85585,Yes,249823
BMW,2020-02-18,2584051,Good,5,Petrol,18504,No,374615
Honda,2017-03-21,1248502,Good,1,Petrol,61513,No,119351
Maruti,2020-09-26,2756731,Average,1,Petrol,148529,Yes,213557
Audi,2019-01-16,2014360,Average,1,Hybrid,91509,Yes,186341
BMW,2017-12-09,633953,Good,4,Petrol,125471,No,50000
Kia,2023-09-07,2100843,Average,2,Diesel,108364,No,375988
Kia,2017-02-24,2082836,Excellent,4,Diesel,8137,No,263352
Honda,2023-07-14,746844,Average,5,Diesel,35326,No,151696
Ford,2024-09-14,2030048,Poor,3,Electric,85305,Yes,348289
BMW,2019-08-23,1911406,Average,3,Petrol,41682,No,211324
Audi,2019-09-30,2203340,Excellent,5,Petrol,114108,Yes,213950
Toyota,2018-03-01,2332028,Poor,4,Electric,67930,Yes,140985
Audi,2015-05-12,1269954,Poor,2,Hybrid,106635,Yes,50000
Honda,2016-09-17,2873046,Average,2,Hybrid,15710,Yes,235696
Hyundai,2024-04-23,2755401,Average,1,Electric,164593,Yes,414275
Hyundai,2023-11-07,2477363,Excellent,3,Hybrid,128013,No,619760
Mahindra,2021-04-18,1063883,Poor,2,Hybrid,158208,No,76439
Honda,2022-06-13,1257618,Good,1,Electric,152534,No,211289
Maruti,2015-10-13,560683,Poor,4,Electric,132466,No,50000
Ford,2017-12-20,2676196,Good,1,Hybrid,189744,No,152710
Hyundai,2015-09-20,698490,Average,5,Petrol,198284,No,50000
Tata,2022-03-27,1697751,Average,1,Hybrid,27152,Yes,345423
Toyota,2018-04-01,2620018,Poor,1,Diesel,75128,No,179488
Honda,2024-01-29,1914138,Excellent,3,Electric,68307,No,711219
Honda,2020-10-15,2847063,Poor,2,Diesel,41542,No,321926
Honda,2023-08-17,2175164,Excellent,2,Hybrid,196968,Yes,298586
Maruti,2019-11-15,536184,Excellent,3,Petrol,131211,Yes,54284
Maruti,2016-02-05,2187480,Good,4,Petrol,80931,No,136030
Maruti,2022-02-07,1795342,Excellent,4,Hybrid,34889,No,492173
Audi,2018-12-23,912793,Excellent,1,Hybrid,57481,No,161961
Hyundai,2020-10-14,571852,Poor,4,Electric,151382,No,50000
Mahindra,2023-11-01,2701477,Average,3,Petrol,86821,Yes,438614
BMW,2015-05-18,2551741,Average,3,Hybrid,139587,Yes,90048
Kia,2020-05-25,2754389,Good,2,Hybrid,49945,No,502639
Hyundai,2020-04-08,1365264,Poor,1,Hybrid,147811,No,93785
Honda,2024-11-18,1184922,Average,5,Diesel,159280,No,159372
Audi,2015-09-16,1211001,Good,4,Petrol,71758,No,73653
BMW,2020-10-29,2289682,Excellent,3,Electric,121794,Yes,347155
Maruti,2021-12-28,357872,Good,5,Electric,150498,Yes,50000
Hyundai,2022-12-02,1730075,Good,5,Diesel,66744,No,350370
Ford,2023-07-04,1639542,Poor,1,Petrol,90421,Yes,206738
Ford,2018-05-08,1755887,Average,5,Electric,187356,Yes,66647
Audi,2020-02-19,1917458,Average,4,Hybrid,50394,No,239550
Maruti,2017-12-23,928099,Good,3,Electric,39874,No,119640
Audi,2022-02-18,909104,Poor,3,Hybrid,14292,Yes,128600
Tata,2021-06-22,2318593,Excellent,2,Petrol,81035,No,463425
Mahindra,2018-01-11,2018692,Average,4,Hybrid,114352,No,133190
Maruti,2022-04-07,1991242,Poor,4,Hybrid,6984,No,309697
Hyundai,2018-05-27,1415158,Good,2,Diesel,77010,No,156058
Honda,2019-02-24,2640884,Excellent,5,Electric,12670,No,485315
Hyundai,2016-03-05,1120268,Excellent,5,Hybrid,120411,No,74673
Toyota,2015-12-22,426722,Poor,1,Hybrid,115242,No,50000
Honda,2020-07-12,1154221,Poor,4,Diesel,82210,No,94323
BMW,2018-07-22,1868387,Excellent,3,Petrol,158303,Yes,128183
Tata,2022-10-10,763514,Good,1,Diesel,116833,No,148236
Kia,2021-08-26,1158530,Excellent,4,Electric,109547,No,225247
Tata,2017-01-31,1594824,Excellent,5,Petrol,71611,No,137138
Audi,2018-06-19,2055575,Good,1,Electric,29650,No,331237
Toyota,2018-11-22,2680838,Excellent,4,Diesel,27024,No,420807
BMW,2018-01-05,990354,Excellent,3,Electric,105933,Yes,103462
Toyota,2019-10-21,2195660,Good,3,Electric,125370,No,255720
Honda,2019-03-01,1464980,Good,2,Electric,33156,No,247971
Toyota,2016-03-12,713407,Average,1,Electric,9032,Yes,61586
Ford,2023-07-20,2815872,Excellent,3,Petrol,32840,No,911717
Honda,2023-05-22,1352877,Poor,5,Hybrid,132120,Yes,122567
BMW,2015-04-28,992993,Average,1,Hybrid,75322,Yes,54050
Maruti,2016-01-29,1700883,Good,4,Diesel,14313,No,147327
Mahindra,2020-01-16,1326894,Excellent,2,Petrol,121601,Yes,154069
Audi,2016-10-27,386067,Good,2,Hybrid,174013,Yes,50000
Kia,2019-07-15,2443986,Poor,5,Petrol,9200,No,199297
BMW,2023-02-20,860399,Excellent,5,Electric,155161,Yes,137235
Honda,2023-07-11,2758803,Poor,5,Petrol,49584,Yes,333563
Ford,2024-01-11,1939229,Average,1,Electric,51419,Yes,511260
Toyota,2017-06-06,1924244,Poor,1,Petrol,6087,Yes,126688
Honda,2015-03-15,322678,Excellent,1,Electric,117447,Yes,50000
Tata,2017-07-25,2141744,Average,1,Hybrid,126802,Yes,129411
BMW,2022-03-10,1648203,Average,3,Hybrid,192119,Yes,118431
Audi,2020-10-15,1110725,Excellent,5,Petrol,188271,Yes,76810
Honda,2022-05-01,1495993,Average,1,Electric,49910,Yes,301078
Hyundai,2024-11-18,2723614,Excellent,3,Diesel,137295,Yes,643280
Toyota,2017-10-14,636825,Average,3,Electric,121915,Yes,50000
Mahindra,2017-05-17,2851802,Poor,1,Electric,148778,No,129182
Toyota,2021-05-17,1844184,Average,4,Hybrid,35760,Yes,268571
Maruti,2020-10-13,1917096,Poor,1,Petrol,168291,Yes,97588
Kia,2021-11-01,2504922,Excellent,5,Hybrid,42298,No,601417
Maruti,2016-02-22,1959198,Good,2,Diesel,43555,No,172082
Mahindra,2022-07-19,933211,Excellent,1,Diesel,62342,No,271865
Hyundai,2024-04-13,1450795,Excellent,4,Diesel,131954,Yes,303190
Kia,2020-05-09,2052270,Average,5,Electric,170650,No,137685
BMW,2022-04-08,1710897,Average,1,Diesel,136127,Yes,197051
Kia,2017-10-17,1285222,Good,3,Hybrid,192496,Yes,56293
Maruti,2016-10-08,2119969,Excellent,5,Electric,156027,Yes,119318
Honda,2017-06-05,1571971,Good,5,Petrol,169880,Yes,61064
BMW,2020-03-27,636184,Excellent,1,Petrol,164171,No,67893
Honda,2022-05-09,2839955,Good,2,Hybrid,78085,No,632064
Kia,2024-04-04,2810170,Excellent,1,Hybrid,192232,No,523035
Hyundai,2024-04-27,1975133,Excellent,2,Hybrid,144541,Yes,458072
Ford,2015-09-12,2335774,Good,4,Electric,140432,Yes,108347
Hyundai,2019-03-10,1209305,Excellent,1,Diesel,179975,No,103029
Honda,2020-08-13,1637309,Poor,3,Petrol,13519,Yes,158786
Honda,2023-04-27,2008632,Poor,4,Petrol,179893,Yes,119698
Maruti,2018-08-07,2373897,Poor,2,Diesel,46332,Yes,166051
Mahindra,2020-01-16,2160925,Average,1,Hybrid,93263,No,259108
Honda,2021-08-07,518122,Average,4,Diesel,108016,Yes,53306
BMW,2020-02-27,725772,Poor,5,Electric,15777,No,77711
Ford,2024-12-10,1139716,Average,5,Electric,43945,Yes,287310
Hyundai,2017-11-01,2333949,Average,1,Diesel,24337,Yes,219911
Ford,2024-11-27,1384185,Average,5,Electric,74781,Yes,305145
Tata,2019-10-25,2451938,Poor,4,Electric,137110,Yes,136090
Toyota,2024-06-24,885136,Average,4,Hybrid,187840,No,100727
Ford,2018-08-22,1259716,Poor,5,Electric,85973,Yes,71429
Toyota,2021-05-31,2464687,Good,2,Diesel,113551,Yes,333789
Hyundai,2019-01-12,2797524,Poor,4,Petrol,20518,No,214627
Tata,2020-08-03,1875837,Excellent,4,Diesel,82689,No,308927
Mahindra,2018-08-18,2296210,Excellent,1,Diesel,140851,No,236875
Mahindra,2020-09-27,1116881,Excellent,1,Hybrid,109663,Yes,186464
Honda,2018-09-29,776330,Good,3,Hybrid,82192,No,89338
BMW,2020-11-27,2486594,Good,4,Hybrid,79052,No,389720
Mahindra,2016-03-10,1654693,Poor,2,Diesel,38321,No,89658
Kia,2023-12-23,1705354,Excellent,3,Hybrid,109573,Yes,433929
Maruti,2021-12-29,2000747,Poor,1,Diesel,117785,No,204224
Maruti,2019-02-03,808274,Excellent,1,Petrol,19319,No,147976
BMW,2022-01-26,2141796,Excellent,3,Diesel,124533,No,383699
Honda,2016-12-16,1729786,Poor,4,Electric,132035,Yes,62222
Hyundai,2020-12-25,2689836,Average,1,Electric,160909,Yes,241846
Mahindra,2019-11-06,2392737,Excellent,2,Electric,151115,Yes,272788
Ford,2023-12-28,2682603,Good,1,Petrol,151754,Yes,431486
Hyundai,2016-12-03,2870388,Excellent,4,Hybrid,36947,No,336252
Mahindra,2018-04-28,1891119,Good,3,Petrol,94502,No,167753
Tata,2016-04-18,1945260,Good,5,Electric,37804,No,170931
Toyota,2023-04-24,1533052,Good,5,Diesel,84553,No,305618
Tata,2023-04-12,490173,Poor,1,Hybrid,112928,Yes,60764
Tata,2023-12-05,2665815,Good,2,Diesel,41071,No,838368
Maruti,2020-01-17,2233723,Average,3,Hybrid,33231,Yes,280069
Mahindra,2015-11-01,784579,Good,1,Diesel,82235,No,58575
Toyota,2015-01-20,1145142,Poor,1,Petrol,5987,No,56936
BMW,2023-10-08,882876,Excellent,4,Hybrid,59377,No,287972
Toyota,2021-05-11,1595911,Excellent,2,Petrol,128423,Yes,220784
Ford,2018-07-10,2380961,Poor,3,Hybrid,176990,Yes,80601
Toyota,2019-12-19,1978321,Average,4,Diesel,156230,Yes,116844
Hyundai,2017-07-15,641125,Good,1,Diesel,138163,No,50000
BMW,2019-02-06,2145444,Excellent,4,Electric,107180,Yes,250988
Hyundai,2019-09-29,1698361,Excellent,1,Diesel,80924,No,289089
Tata,2022-10-16,2088038,Poor,4,Hybrid,50751,No,300899
Mahindra,2018-05-17,1309048,Poor,3,Petrol,188358,Yes,50000
Hyundai,2019-09-18,1708138,Excellent,4,Diesel,83754,No,242756
Kia,2015-02-13,1714668,Good,4,Electric,118200,Yes,82492
Audi,2020-03-31,1461189,Excellent,2,Electric,40235,No,344633
Tata,2016-04-16,504225,Poor,2,Petrol,160327,No,50000
Audi,2020-10-06,2951153,Poor,2,Hybrid,126047,No,238606
Mahindra,2015-10-03,1971293,Poor,4,Petrol,145610,Yes,50000
Maruti,2015-08-08,1571858,Poor,1,Hybrid,150946,No,50000
Tata,2022-04-22,2665685,Good,2,Diesel,46974,No,629392
Ford,2015-04-10,1874305,Average,5,Hybrid,173986,No,50456
Honda,2019-09-13,2169087,Excellent,5,Hybrid,43073,No,366876
Toyota,2016-02-24,1103066,Good,4,Diesel,95878,No,69061
Kia,2019-02-28,1886143,Excellent,2,Hybrid,130015,Yes,206633
Toyota,2019-05-27,1549536,Good,4,Petrol,170445,No,97536
Maruti,2019-11-25,1925348,Good,5,Hybrid,50287,No,272469
Maruti,2020-01-18,357888,Average,1,Electric,9402,No,64147
Maruti,2018-09-08,2586561,Good,2,Electric,129447,Yes,233072
Mahindra,2018-07-17,2358919,Average,4,Petrol,173989,Yes,90416
Honda,2018-02-27,2882157,Good,3,Electric,185059,No,169066
Tata,2021-03-22,1242205,Average,3,Electric,14961,No,237922
Maruti,2015-12-20,1099653,Average,2,Hybrid,10114,Yes,81495
Hyundai,2018-12-19,1062488,Excellent,1,Hybrid,117223,Yes,127645
Mahindra,2021-04-14,826299,Good,4,Petrol,124690,Yes,86047
Mahindra,2016-01-12,614249,Poor,5,Petrol,97821,Yes,50000
Mahindra,2016-01-17,416308,Excellent,5,Diesel,71580,No,50000
Tata,2020-01-21,2628074,Average,3,Petrol,85983,Yes,231723
Ford,2016-11-21,1433895,Good,4,Diesel,104185,Yes,87449
Audi,2022-12-19,2295710,Excellent,3,Petrol,89583,No,532457
Tata,2022-07-01,559155,Poor,2,Electric,41724,Yes,85084
Audi,2022-06-27,1845602,Excellent,2,Diesel,176158,Yes,237213
Hyundai,2023-12-08,533851,Good,1,Hybrid,43975,No,186643
Toyota,2015-01-09,2099764,Average,3,Hybrid,79416,Yes,96205
Toyota,2020-10-03,2747259,Poor,1,Hybrid,144716,Yes,187596
Maruti,2015-01-01,597577,Average,4,Petrol,134572,Yes,50000
Kia,2015-08-19,777421,Good,4,Diesel,196536,Yes,50000
Audi,2017-07-25,2806859,Good,3,Electric,23573,No,359503
Ford,2022-12-08,1812726,Poor,5,Electric,61938,No,255458
Mahindra,2024-10-19,2986473,Average,4,Petrol,187437,Yes,282962
Mahindra,2022-03-24,2478628,Good,1,Diesel,135570,No,395192
Honda,2018-02-22,768944,Good,3,Hybrid,58625,No,88951
Audi,2020-11-06,928360,Poor,5,Petrol,145334,No,50000
Honda,2016-02-04,1446827,Poor,5,Hybrid,86411,Yes,50929
Mahindra,2021-09-10,2756435,Average,3,Hybrid,78693,Yes,374847
Hyundai,2018-05-31,2152916,Excellent,2,Diesel,48979,No,321284
BMW,2022-10-27,2021571,Excellent,5,Petrol,123240,No,341947
Honda,2020-04-08,2789949,Poor,4,Diesel,78807,No,221969
Hyundai,2019-12-14,1883108,Average,2,Diesel,45312,No,244129
Hyundai,2018-06-03,2481028,Poor,3,Electric,11077,No,229083
Toyota,2019-03-22,1933377,Average,4,Diesel,29576,No,211428
Honda,2017-09-06,1553376,Poor,5,Electric,114358,No,72638
Hyundai,2018-06-14,822089,Average,1,Hybrid,185612,Yes,50000
Mahindra,2016-11-29,2542813,Good,4,Diesel,28867,No,239439
Toyota,2017-12-04,1864940,Excellent,3,Hybrid,102255,Yes,184201
Maruti,2018-08-02,1478283,Average,1,Electric,126456,Yes,112276
BMW,2015-12-01,2493545,Excellent,3,Electric,10376,No,307131
Tata,2024-01-11,749260,Average,2,Petrol,141014,Yes,98841
Toyota,2019-04-14,1987055,Good,3,Hybrid,29128,No,310445
Toyota,2024-02-10,1462436,Average,3,Diesel,6485,Yes,366385
Maruti,2017-08-22,1574379,Excellent,1,Petrol,10432,No,234852
Tata,2016-02-03,518059,Good,2,Electric,109167,No,50000
Kia,2017-01-21,907327,Poor,4,Hybrid,189741,No,50000
Ford,2024-06-27,1094994,Poor,4,Electric,43284,Yes,204822
BMW,2023-02-18,2628123,Average,2,Petrol,168491,Yes,247922
Toyota,2019-07-30,911354,Good,2,Diesel,12673,No,156753
Mahindra,2024-12-11,1969448,Good,2,Hybrid,186857,No,340690
Toyota,2017-07-10,2370701,Poor,3,Hybrid,33449,No,164240
Honda,2015-09-16,2322148,Poor,1,Diesel,178373,Yes,51228
Tata,2021-06-14,2172948,Average,2,Petrol,8880,Yes,345227
Toyota,2015-11-19,2142086,Excellent,2,Diesel,72559,No,191947
Ford,2018-06-09,582204,Excellent,1,Electric,13520,No,118767
Toyota,2016-10-25,1992065,Good,4,Electric,182903,Yes,81354
Kia,2021-10-29,1195598,Good,5,Hybrid,140413,Yes,133145
Tata,2024-10-23,1989283,Poor,4,Petrol,137248,Yes,204754
Maruti,2018-04-05,1626303,Excellent,5,Diesel,122129,No,141252
Kia,2017-09-09,1699018,Average,1,Diesel,39290,No,164302
Honda,2023-05-08,383735,Poor,1,Electric,136859,Yes,50000
Honda,2022-01-12,754644,Excellent,1,Hybrid,131362,Yes,137732
Honda,2022-08-26,2960939,Average,1,Diesel,153262,No,361119
Tata,2019-09-06,835134,Good,1,Hybrid,67699,No,132621
Audi,2015-07-01,2286494,Excellent,1,Hybrid,82627,No,206486
Toyota,2024-03-13,2067090,Good,3,Hybrid,115654,Yes,439897
Honda,2021-04-15,2695029,Good,5,Hybrid,52311,No,474108
Audi,2015-03-09,2057682,Average,3,Diesel,84915,Yes,88475
Maruti,2024-03-02,1264804,Poor,5,Diesel,69647,No,185941
Ford,2022-05-12,2158140,Poor,4,Hybrid,68498,No,269354
Audi,2019-09-10,1560591,Good,4,Electric,88193,No,204436
BMW,2020-11-27,2521680,Poor,1,Electric,51186,Yes,300418
Maruti,2017-10-03,1575657,Average,5,Electric,51578,Yes,119748
Hyundai,2022-03-03,2007915,Average,4,Petrol,145543,No,189083
Ford,2021-11-15,2711663,Good,4,Petrol,114401,No,365542
Hyundai,2017-04-13,778947,Poor,4,Petrol,67169,No,50000
Hyundai,2017-09-15,1658470,Poor,1,Hybrid,13079,No,141581
Honda,2017-07-03,930903,Good,3,Electric,83049,No,92664
Mahindra,2021-06-06,2432273,Average,4,Hybrid,8176,Yes,394691
Kia,2022-11-21,2971250,Average,2,Electric,163598,No,377001
Maruti,2022-06-08,2701582,Poor,1,Electric,189165,No,204228
Audi,2020-03-08,1512245,Excellent,3,Diesel,9455,No,330080
Hyundai,2024-03-21,1676493,Excellent,3,Hybrid,166663,No,345299
Tata,2019-02-16,1616717,Excellent,5,Hybrid,120006,No,174546
Ford,2018-01-24,2015621,Excellent,5,Diesel,164356,No,129351
Kia,2017-04-16,2571052,Poor,5,Electric,127412,No,104878
Hyundai,2021-02-13,1735986,Excellent,1,Diesel,41343,No,436460
Mahindra,2016-10-31,1636499,Poor,2,Diesel,158096,No,53389
BMW,2024-01-05,2648167,Poor,4,Hybrid,137755,Yes,272680
Maruti,2016-10-14,2457725,Excellent,4,Petrol,15951,No,266040
Ford,2019-06-26,1459472,Average,2,Diesel,26866,Yes,169232
Audi,2023-08-08,1335269,Average,2,Diesel,161416,Yes,153471
Honda,2019-07-10,2382402,Poor,1,Petrol,66645,No,194439
Maruti,2015-03-05,1463003,Average,5,Diesel,89889,No,60584
Maruti,2021-01-12,364188,Average,2,Diesel,196656,No,50000
Ford,2024-08-17,2369115,Poor,3,Diesel,123300,Yes,291516
Hyundai,2019-05-05,1809282,Excellent,1,Electric,126007,Yes,233679
Kia,2015-06-05,1661757,Good,3,Diesel,33210,No,128014
Kia,2024-11-12,330855,Average,5,Hybrid,138216,No,54426
Tata,2015-01-26,2946398,Excellent,1,Diesel,131786,Yes,162075
Honda,2024-05-31,540565,Average,3,Diesel,196122,No,55953
Tata,2021-03-02,1205206,Average,1,Hybrid,55803,Yes,184477
Ford,2020-05-05,2119310,Poor,4,Petrol,32493,Yes,173362
Ford,2018-04-25,1182083,Good,3,Petrol,160137,Yes,64144
Audi,2016-07-29,2386721,Average,3,Petrol,134102,No,102921
Audi,2016-10-06,467827,Excellent,5,Petrol,36787,No,50000
Toyota,2019-02-24,1858065,Good,1,Petrol,109528,Yes,174757
Maruti,2024-10-23,647626,Excellent,5,Hybrid,111583,Yes,166014
Toyota,2018-08-08,1887277,Poor,2,Hybrid,8055,Yes,162133
Tata,2017-11-01,361040,Poor,1,Diesel,96819,Yes,50000
Mahindra,2017-10-12,1996168,Good,3,Electric,50792,No,238747
Toyota,2015-10-22,1734609,Poor,1,Petrol,64270,Yes,70340
BMW,2020-06-27,603541,Good,4,Hybrid,159680,Yes,50505
BMW,2019-02-19,2846268,Poor,4,Diesel,128665,No,145878
Mahindra,2024-10-29,1369057,Good,5,Petrol,124449,Yes,239064
Mahindra,2022-09-01,1958047,Excellent,2,Electric,115643,Yes,437257
Toyota,2017-02-26,2070359,Poor,3,Petrol,185306,No,50875
Audi,2021-03-10,2585012,Average,5,Electric,187793,Yes,155092
BMW,2024-06-18,451381,Good,2,Diesel,120527,Yes,96629
Kia,2023-10-01,2550926,Good,5,Electric,58928,No,692506
Tata,2022-03-13,1777987,Average,1,Diesel,30702,Yes,332646
Ford,2016-02-06,1832200,Good,1,Petrol,155572,Yes,79570
Audi,2024-01-20,1348080,Poor,2,Electric,84815,Yes,220089
Mahindra,2023-08-26,2881604,Excellent,1,Hybrid,162060,Yes,559689
Kia,2016-05-30,1436883,Good,4,Petrol,35723,No,113456
Mahindra,2019-08-30,1879388,Poor,2,Diesel,126276,No,118898
BMW,2018-09-06,941360,Poor,5,Electric,61309,No,66586
Toyota,2024-09-14,894291,Poor,2,Electric,118626,No,152021
BMW,2016-11-19,1257986,Average,2,Diesel,74212,Yes,79027
Honda,2020-03-07,1678876,Good,5,Hybrid,63583,No,235495
Ford,2024-01-09,2206411,Average,5,Diesel,39842,Yes,429353
Ford,2016-02-12,2409241,Good,4,Electric,77909,No,185010
Hyundai,2021-09-19,1300807,Poor,4,Hybrid,75872,Yes,127408
Ford,2018-11-27,1408365,Average,2,Hybrid,62171,Yes,138076
BMW,2021-07-06,1873940,Excellent,2,Petrol,36040,No,454340
Audi,2021-03-19,2349026,Average,3,Petrol,180696,Yes,139387
Audi,2017-10-21,2927586,Excellent,4,Hybrid,119033,Yes,245075
Honda,2018-06-14,2291244,Excellent,1,Petrol,18624,No,378905
Toyota,2021-03-17,2295359,Poor,1,Petrol,143590,Yes,148671
Maruti,2017-01-31,814294,Poor,2,Petrol,71465,Yes,50000
Hyundai,2016-07-10,2343822,Good,3,Petrol,137255,Yes,110604
Ford,2015-02-09,596033,Excellent,3,Diesel,179713,No,50000
Toyota,2020-05-29,754928,Excellent,1,Diesel,118175,No,118838
Audi,2019-06-25,1537616,Poor,4,Petrol,153353,No,66587
Kia,2024-12-16,2325287,Good,5,Hybrid,98913,No,603366
Maruti,2023-03-07,2793874,Good,2,Hybrid,88595,No,677616
Audi,2016-06-22,1948264,Poor,4,Hybrid,16530,Yes,102881
Audi,2024-07-09,481455,Good,1,Electric,165739,No,103163
Maruti,2021-11-01,1706138,Poor,1,Electric,30364,Yes,256157
Kia,2021-07-23,1532789,Poor,3,Petrol,74688,Yes,136261
Mahindra,2016-09-08,783379,Excellent,3,Hybrid,118653,No,64470
Ford,2015-09-01,2350753,Good,3,Diesel,99238,No,141718
Tata,2020-11-10,2878949,Average,2,Petrol,198552,Yes,144774
Mahindra,2017-08-03,1636249,Average,1,Hybrid,163774,No,86750
Maruti,2015-01-05,1198289,Excellent,4,Petrol,108933,No,65382
Mahindra,2024-01-21,1100894,Average,1,Diesel,138824,No,185321
Kia,2015-02-10,2742226,Excellent,3,Diesel,173781,Yes,102549
Ford,2023-07-17,1857518,Excellent,5,Diesel,182765,No,251013
Maruti,2019-09-23,1623819,Average,1,Electric,117041,Yes,156548
Toyota,2015-11-08,498592,Poor,5,Diesel,151055,No,50000
Kia,2019-09-09,399200,Average,5,Petrol,90584,Yes,50000
Ford,2019-11-29,916932,Poor,5,Diesel,11477,Yes,76036
Toyota,2018-10-27,1185056,Good,4,Electric,74358,No,143547
Hyundai,2022-07-25,635281,Excellent,2,Electric,113370,Yes,141206
Hyundai,2017-10-09,2863757,Poor,1,Petrol,181266,Yes,80526
Kia,2015-02-17,1458668,Excellent,5,Hybrid,35368,No,120862
Maruti,2020-05-07,1348468,Good,3,Electric,39679,No,255806
Ford,2019-11-23,418594,Good,5,Petrol,152941,No,50000
Toyota,2021-04-26,636093,Excellent,5,Petrol,16020,No,135373
Mahindra,2023-05-28,2357271,Good,1,Hybrid,101340,Yes,527907
BMW,2023-01-28,1528049,Poor,5,Petrol,60649,Yes,164155
Hyundai,2016-09-12,2274978,Good,1,Electric,136252,Yes,149951
Tata,2022-12-30,405435,Average,5,Electric,92145,No,67169
Audi,2020-09-16,1936819,Excellent,1,Hybrid,122789,No,332872
Audi,2021-02-15,449979,Poor,2,Electric,68129,No,54645
BMW,2015-09-05,1936824,Poor,1,Electric,82937,No,95554
Ford,2023-07-02,1039437,Poor,5,Petrol,123533,Yes,88209
Kia,2019-01-23,2290095,Excellent,2,Electric,37575,No,449985
Honda,2019-02-24,302122,Good,3,Hybrid,182540,Yes,50000
Toyota,2019-11-30,2503906,Excellent,5,Petrol,53943,No,367432
Hyundai,2022-05-24,2172226,Good,4,Diesel,84101,No,397179
Audi,2016-01-26,2773012,Average,5,Petrol,91001,No,123319
Maruti,2021-04-08,597127,Poor,2,Diesel,29906,Yes,68649
Tata,2021-06-11,1621927,Good,3,Petrol,103211,Yes,205999
Hyundai,2024-09-23,2759913,Excellent,4,Hybrid,40719,No,1134106
Honda,2018-01-05,2368380,Excellent,2,Petrol,31210,No,330995
Honda,2020-03-24,2245815,Poor,4,Petrol,198538,No,75986
Mahindra,2015-06-14,1431840,Average,3,Electric,161064,Yes,50000
BMW,2022-05-12,2278402,Excellent,3,Hybrid,54990,No,637320
Honda,2016-05-22,2600749,Good,3,Hybrid,160435,No,130764
Audi,2017-05-06,1626822,Poor,4,Petrol,7174,No,99400
Tata,2018-11-06,306099,Excellent,2,Hybrid,117993,No,50000
Hyundai,2017-07-19,1861734,Poor,3,Hybrid,103868,No,95286
Audi,2018-04-25,2230312,Excellent,1,Diesel,25844,No,376557
Mahindra,2020-12-12,492883,Poor,4,Petrol,195725,Yes,50000
Hyundai,2024-04-24,2340763,Average,5,Electric,42543,No,595067
Mahindra,2021-01-31,2964691,Poor,5,Electric,41825,No,335329
Kia,2022-02-14,2007771,Excellent,3,Petrol,12127,No,555448
Tata,2017-07-09,2055097,Average,3,Petrol,144031,No,97151
Tata,2021-12-18,1941630,Excellent,4,Diesel,199282,Yes,166789
Maruti,2015-04-29,848537,Average,4,Diesel,19546,Yes,50000
Honda,2023-10-19,458939,Good,4,Electric,63867,No,130707
Maruti,2021-10-09,1843760,Good,1,Petrol,84000,No,334742
Hyundai,2023-07-19,2848055,Average,4,Diesel,82785,Yes,455000
Hyundai,2022-02-21,2192206,Average,2,Petrol,174718,Yes,167681
Ford,2024-07-10,627918,Excellent,5,Petrol,31609,No,212732
Audi,2020-08-24,1568106,Average,4,Hybrid,195192,No,89402
Honda,2021-03-21,2311207,Poor,4,Electric,22920,Yes,274201
Maruti,2024-07-30,2613998,Good,1,Hybrid,145113,Yes,552477
Kia,2021-07-15,2061689,Good,2,Electric,64638,No,452821
Audi,2024-12-17,2330028,Excellent,3,Diesel,133192,Yes,571531
Tata,2020-04-02,2196620,Average,3,Hybrid,135974,Yes,175172
BMW,2021-07-19,1806184,Poor,4,Petrol,17405,No,210956
BMW,2015-01-25,375625,Excellent,3,Hybrid,118800,No,50000
Mahindra,2019-04-10,1261277,Excellent,3,Diesel,14470,No,233266
Ford,2018-03-08,1546355,Average,2,Diesel,22676,No,163724
Toyota,2018-12-14,2600808,Excellent,5,Hybrid,195617,No,158263
Ford,2021-11-18,1757241,Excellent,4,Hybrid,115444,No,323474
Maruti,2016-08-25,2054158,Poor,4,Petrol,170569,No,50000
Hyundai,2016-05-11,2704010,Poor,3,Petrol,140945,Yes,72852
Honda,2022-07-21,990421,Excellent,4,Electric,139096,Yes,169517
Honda,2022-07-11,2369758,Excellent,1,Electric,17821,No,925681
Audi,2018-09-07,1154226,Good,4,Petrol,77690,No,110942
Mahindra,2022-12-26,2373298,Poor,1,Electric,177733,No,216446
Tata,2023-06-26,1461147,Good,2,Petrol,187742,Yes,155699
BMW,2023-09-11,360298,Average,4,Electric,111806,Yes,57894
Tata,2023-06-04,2968154,Excellent,3,Electric,54651,No,1049958
Mahindra,2018-01-09,1571829,Poor,2,Petrol,9043,No,119106
Honda,2015-01-15,2517270,Poor,2,Hybrid,128258,No,79199
Tata,2017-04-25,1469181,Poor,5,Diesel,90045,No,64587
Mahindra,2016-05-05,792496,Average,2,Hybrid,50884,Yes,53646
Hyundai,2015-06-17,2880438,Average,1,Electric,137414,Yes,123262
Maruti,2015-04-06,1272295,Good,5,Petrol,178403,No,50000
Audi,2024-01-27,1183512,Good,1,Hybrid,82381,No,359623
Mahindra,2020-10-30,2197323,Good,3,Petrol,44767,No,364003
Maruti,2016-01-12,857991,Poor,5,Petrol,108243,Yes,50000
Mahindra,2024-11-20,2524344,Good,1,Electric,123804,Yes,678139
Kia,2024-12-15,1341286,Good,1,Hybrid,12661,No,621374
Maruti,2018-10-13,2391989,Poor,1,Petrol,16499,No,210307
BMW,2021-06-05,720886,Good,3,Electric,73039,No,142091
Toyota,2015-06-16,1253447,Excellent,2,Electric,68688,No,120773
Kia,2016-02-17,436374,Excellent,5,Petrol,118108,No,50000
Maruti,2022-09-09,1712107,Good,1,Electric,140795,Yes,290659
Hyundai,2022-11-03,1097682,Poor,4,Electric,179067,Yes,73981
BMW,2019-07-11,2449053,Poor,4,Hybrid,106731,No,160885
BMW,2019-07-29,1483485,Excellent,4,Electric,133153,No,180217
Hyundai,2016-03-29,627105,Excellent,3,Electric,113404,No,52471
Hyundai,2024-08-28,1886114,Average,2,Petrol,74574,Yes,390837
Maruti,2016-03-29,1107146,Excellent,3,Diesel,49738,No,109629
BMW,2021-07-02,1778449,Average,5,Electric,166954,Yes,133105
Audi,2016-02-16,2974671,Good,5,Diesel,136872,No,139585
Tata,2020-08-09,1878513,Poor,5,Hybrid,143036,Yes,101219
Hyundai,2024-06-12,2514312,Excellent,2,Electric,134585,No,747649
Honda,2023-01-26,446333,Average,5,Petrol,48737,Yes,67053
Ford,2021-02-09,1072589,Average,5,Hybrid,116401,No,108700
BMW,2020-04-17,1975106,Average,3,Hybrid,98747,Yes,194550
Kia,2016-10-06,764821,Excellent,4,Petrol,166704,No,50000
Ford,2020-06-03,1318901,Poor,4,Diesel,53155,No,120057
Audi,2023-10-06,1309605,Excellent,3,Electric,112781,No,373568
Hyundai,2023-02-02,2329991,Excellent,5,Petrol,174906,Yes,262222
Mahindra,2021-10-28,2050779,Poor,3,Electric,33255,No,304058
Hyundai,2021-06-11,1041089,Excellent,1,Petrol,96919,No,202156
BMW,2024-09-27,2384308,Excellent,3,Electric,77824,No,946178
Toyota,2023-01-17,475519,Poor,3,Diesel,49465,Yes,64136
Tata,2018-07-09,2617093,Good,3,Electric,109161,No,270318
Hyundai,2024-03-28,1145825,Good,5,Petrol,71301,No,263180
Ford,2018-08-10,866501,Good,5,Petrol,72171,No,79338
Audi,2019-05-29,2479361,Excellent,4,Electric,106321,Yes,306242
Hyundai,2024-10-25,384447,Poor,2,Petrol,165548,Yes,50000
Maruti,2022-06-02,473779,Good,4,Hybrid,39438,No,111966
Audi,2019-05-10,1858280,Excellent,5,Hybrid,34793,No,306735
Mahindra,2023-02-26,1522733,Poor,3,Diesel,32225,Yes,223459
Kia,2022-06-30,1876660,Excellent,2,Hybrid,72751,No,525276
Tata,2015-01-20,2169183,Excellent,5,Diesel,116776,No,115220
Mahindra,2020-02-17,1435102,Average,3,Petrol,118614,No,120600
Ford,2023-07-14,1845271,Average,1,Petrol,63014,Yes,352376
Honda,2017-04-19,1945533,Good,2,Diesel,32105,No,215413
Kia,2016-03-09,2883278,Excellent,4,Hybrid,196909,Yes,105685
Toyota,2015-06-01,1328820,Good,1,Diesel,42346,No,109649
Tata,2021-08-08,1476866,Good,4,Hybrid,114939,Yes,195376
Mahindra,2017-12-04,2086549,Average,1,Petrol,31023,Yes,181693
Honda,2018-07-16,2838612,Average,4,Electric,18477,No,327815
Tata,2024-06-17,1249390,Excellent,4,Petrol,81387,No,362592
BMW,2019-02-28,2470977,Excellent,5,Hybrid,151002,Yes,199815
Maruti,2017-07-27,1630451,Good,5,Petrol,153422,Yes,73018
Maruti,2019-06-11,705960,Average,2,Diesel,177005,Yes,50000
Hyundai,2019-01-17,2325062,Good,2,Petrol,73379,No,270030
Mahindra,2015-11-20,2247231,Poor,3,Petrol,114641,Yes,65327
Kia,2022-04-17,783538,Excellent,1,Hybrid,64721,No,231265
Ford,2018-12-18,2956336,Poor,2,Petrol,87908,Yes,171217
Audi,2020-01-24,2161258,Excellent,3,Hybrid,148187,No,257821
Toyota,2019-02-10,1610164,Average,2,Diesel,151971,Yes,95242
Kia,2024-11-10,2126444,Good,2,Hybrid,29924,No,866030
Kia,2024-09-17,1816674,Good,3,Hybrid,50267,No,632736
Mahindra,2019-11-16,1743540,Poor,5,Petrol,23370,Yes,128635
Maruti,2015-02-23,2329665,Average,1,Petrol,70982,Yes,109922
Mahindra,2022-09-01,505490,Good,3,Electric,108196,Yes,92717
Hyundai,2020-09-02,2003545,Good,1,Petrol,51903,No,349331
Hyundai,2023-03-16,2118218,Excellent,2,Diesel,124253,No,482407
BMW,2018-09-16,1445854,Average,2,Electric,15886,Yes,174246
Hyundai,2020-02-01,475238,Poor,4,Hybrid,103076,Yes,50000
Maruti,2024-05-29,541507,Average,4,Electric,65309,No,135425
Kia,2024-09-18,2092682,Average,1,Petrol,199099,No,229148
Honda,2020-12-14,1618789,Average,3,Electric,93554,Yes,193476
Hyundai,2018-08-06,1588550,Poor,5,Hybrid,160016,Yes,55054
BMW,2015-02-11,768542,Excellent,5,Diesel,77288,No,50109
Toyota,2017-01-05,414742,Poor,5,Hybrid,129036,Yes,50000
Kia,2021-10-09,777357,Poor,2,Electric,68485,Yes,94230
BMW,2023-05-20,2925557,Average,4,Hybrid,37253,No,652384
Toyota,2017-11-16,2294552,Poor,1,Petrol,128322,No,105425
Honda,2023-04-01,540185,Poor,2,Petrol,93075,Yes,61270
Ford,2023-01-26,683900,Excellent,5,Petrol,87214,No,145016
Toyota,2021-12-16,1915193,Average,3,Hybrid,48426,No,343482
Toyota,2019-07-11,2520426,Poor,3,Petrol,109388,No,151290
Audi,2023-08-21,2691470,Good,2,Hybrid,145874,Yes,461384
Mahindra,2021-06-28,1435270,Excellent,1,Diesel,176607,No,182811
Hyundai,2015-12-04,1002830,Average,2,Petrol,187915,Yes,50000
Hyundai,2020-04-26,2972143,Excellent,1,Electric,114657,Yes,479360
Hyundai,2015-09-10,1348388,Average,4,Electric,169198,No,50000
Mahindra,2020-02-03,1430548,Average,2,Hybrid,117595,Yes,130439
Kia,2018-05-03,2604455,Excellent,1,Petrol,155420,No,217208
Maruti,2019-03-13,489429,Average,4,Electric,75890,Yes,50000
Mahindra,2017-03-29,1421867,Good,3,Hybrid,14522,No,167952
Kia,2022-09-04,1450232,Average,1,Petrol,131860,Yes,170925
Tata,2020-12-10,1694141,Average,1,Diesel,93756,Yes,197964
Ford,2015-01-27,1532362,Poor,2,Hybrid,149959,Yes,50000
Kia,2023-04-20,617240,Good,4,Electric,158411,Yes,87482
Kia,2024-12-26,2159468,Average,3,Hybrid,6347,No,739738
Mahindra,2023-04-06,2315159,Poor,4,Electric,5305,No,452472
Mahindra,2021-10-22,2070984,Excellent,1,Petrol,164725,Yes,255790
Ford,2018-02-15,2659053,Poor,5,Petrol,49259,Yes,133787
Honda,2023-02-14,2115639,Good,1,Petrol,94152,No,455904
Audi,2015-03-31,2454896,Poor,4,Hybrid,172369,No,53101
Tata,2024-12-22,930900,Poor,3,Diesel,44642,No,194629
Honda,2019-08-18,2090925,Poor,5,Petrol,105575,No,115737
Audi,2024-04-16,2083528,Average,2,Diesel,98269,Yes,389984
BMW,2023-01-17,1637002,Average,4,Diesel,123107,No,218123
Audi,2022-05-17,1259363,Average,3,Hybrid,161053,No,133481
Maruti,2016-03-31,1214291,Poor,4,Electric,133867,Yes,50000
Honda,2019-04-19,2304493,Excellent,2,Petrol,30956,No,397235
Hyundai,2022-07-08,1452921,Good,4,Diesel,147142,Yes,172705
Audi,2020-06-05,1150673,Poor,5,Electric,22263,Yes,113239
Ford,2021-01-05,2051450,Average,1,Petrol,122549,No,216380
Tata,2020-10-07,2797113,Excellent,3,Petrol,44089,No,551833
Toyota,2017-01-22,816363,Poor,1,Diesel,35337,Yes,50000
Honda,2024-12-22,568640,Good,5,Petrol,174381,Yes,72782
Ford,2024-01-26,1951768,Good,1,Electric,178152,Yes,317396
Tata,2018-03-28,1862978,Excellent,4,Diesel,141567,Yes,137330
Hyundai,2023-08-01,2698077,Good,5,Hybrid,177451,No,341050
Maruti,2023-02-20,2415206,Average,1,Petrol,124487,No,355958
Mahindra,2023-05-29,571862,Excellent,4,Hybrid,69722,No,168318
Tata,2015-05-24,2657314,Average,1,Diesel,10372,Yes,176837
BMW,2022-03-31,2143874,Average,2,Petrol,175638,No,183953
Audi,2017-05-25,2693829,Good,3,Diesel,138159,No,173463
Maruti,2023-11-15,2795676,Average,4,Diesel,94774,Yes,444942
Mahindra,2022-06-27,2249256,Poor,5,Diesel,61963,Yes,233966
BMW,2018-12-23,2653486,Poor,5,Diesel,111524,Yes,123492
Hyundai,2018-07-03,1022991,Excellent,2,Diesel,121543,No,110138
Ford,2019-08-11,719910,Poor,4,Diesel,90780,No,50000
Tata,2024-07-12,1124148,Good,4,Diesel,31531,No,361725
Audi,2018-02-13,2266332,Excellent,5,Diesel,101222,Yes,193536
Kia,2015-01-15,1004993,Good,2,Petrol,59428,No,64592
Mahindra,2018-11-05,1619630,Poor,3,Hybrid,6330,Yes,137956
Toyota,2024-02-18,1644807,Good,4,Diesel,146526,No,283643
Hyundai,2023-10-12,2329386,Excellent,3,Petrol,115798,Yes,485844
Mahindra,2020-11-18,568050,Average,2,Electric,187713,No,50000
Honda,2022-05-25,836655,Poor,2,Petrol,104606,Yes,78021
Hyundai,2018-10-22,1740273,Poor,3,Hybrid,120453,Yes,90064
Maruti,2019-04-09,1021473,Excellent,4,Diesel,172141,No,79860
Audi,2024-09-14,1502765,Good,5,Hybrid,166586,No,248215
Maruti,2016-01-17,610234,Average,1,Hybrid,83766,No,50000
Maruti,2020-04-25,508234,Excellent,3,Electric,108166,Yes,76322
Mahindra,2024-05-03,450026,Excellent,2,Diesel,82887,No,152242
Hyundai,2024-03-26,2138285,Good,3,Petrol,193450,Yes,231472
Mahindra,2020-09-15,1394075,Excellent,2,Hybrid,96574,No,261168
Toyota,2017-01-30,613557,Good,1,Diesel,176594,Yes,50000
Audi,2019-08-21,2064719,Poor,3,Diesel,186628,No,80435
Honda,2021-09-09,1311299,Poor,2,Diesel,41721,No,171546
Kia,2016-03-04,2198370,Excellent,2,Diesel,63618,No,214629
Mahindra,2016-07-05,1060508,Good,3,Petrol,187002,Yes,50000
Tata,2017-06-28,460304,Poor,5,Petrol,84105,No,50000
Tata,2015-09-19,1094989,Average,1,Electric,106716,Yes,58085
Kia,2020-07-29,508872,Excellent,2,Diesel,168288,No,56643
BMW,2024-05-22,2258258,Poor,4,Hybrid,28370,No,459971
BMW,2018-08-14,2533704,Poor,4,Hybrid,131936,Yes,112414
Tata,2022-12-03,2739481,Poor,1,Petrol,107362,Yes,288784
Audi,2018-10-11,1062691,Excellent,4,Diesel,82708,No,130321
Tata,2020-08-01,2971749,Excellent,2,Petrol,154015,Yes,308387
Maruti,2019-06-16,349654,Excellent,5,Electric,160029,Yes,50000
Kia,2015-01-10,1830100,Average,1,Hybrid,171640,No,60265
Audi,2015-07-28,1929924,Average,1,Diesel,108354,Yes,87478
BMW,2015-01-22,1252154,Poor,1,Electric,182114,No,50000
Tata,2023-01-19,1631123,Excellent,5,Diesel,74963,No,390690
Maruti,2016-01-27,1365904,Average,2,Diesel,78598,Yes,73717
Kia,2024-05-31,2733555,Excellent,5,Electric,97836,No,832111
BMW,2017-01-15,971581,Average,5,Hybrid,92446,Yes,51692
Ford,2020-06-03,1045532,Excellent,3,Electric,134818,Yes,137564
Mahindra,2015-01-26,1620398,Average,4,Hybrid,43811,Yes,82054
Ford,2022-06-24,1680494,Poor,2,Electric,190098,No,120526
Audi,2023-02-07,2131634,Excellent,3,Diesel,7814,No,752127
Honda,2023-11-24,2639291,Good,5,Electric,52784,No,752636
Kia,2023-08-27,2074324,Excellent,5,Petrol,178243,Yes,249048
Ford,2023-01-26,1932006,Excellent,2,Electric,184681,No,320145
Tata,2016-10-25,621073,Good,2,Hybrid,59639,No,60851
Audi,2016-10-26,806936,Excellent,3,Electric,72381,No,90476
Maruti,2015-07-20,2152285,Excellent,1,Hybrid,176563,Yes,100179
Tata,2019-11-02,2428227,Poor,2,Petrol,108608,Yes,146274
Toyota,2016-05-26,1426586,Poor,4,Petrol,87785,Yes,50000
Toyota,2024-12-16,2015027,Excellent,3,Diesel,88169,No,697102
Hyundai,2017-07-03,2662183,Excellent,4,Electric,158411,Yes,176407
Hyundai,2021-07-10,2773158,Average,2,Petrol,105500,Yes,297787
Audi,2021-09-14,1605030,Excellent,5,Diesel,192098,Yes,133262
Ford,2020-05-07,1175058,Average,4,Diesel,41151,No,147766
Maruti,2017-06-25,2145233,Average,1,Electric,69829,Yes,180599
Mahindra,2024-01-07,2785916,Excellent,3,Hybrid,177844,Yes,457783
Hyundai,2024-11-01,743350,Good,4,Electric,126972,Yes,165283
Tata,2017-02-01,1641363,Excellent,5,Electric,142948,Yes,106114
Toyota,2022-12-04,2456460,Excellent,4,Electric,40235,No,801261
Audi,2023-09-19,2055995,Poor,1,Diesel,27385,Yes,373918
Kia,2024-01-07,746303,Average,4,Diesel,84963,No,141585
Hyundai,2019-10-11,1509222,Poor,4,Electric,91333,Yes,106641
Ford,2021-07-29,1006675,Average,2,Electric,196175,Yes,70664
BMW,2023-01-20,587955,Average,1,Electric,115135,Yes,98379
Ford,2016-06-05,1594057,Good,2,Diesel,159867,No,80134
Maruti,2016-10-18,598912,Good,4,Electric,42100,No,59669
Mahindra,2015-11-13,972042,Good,1,Petrol,38427,No,81794
BMW,2022-07-01,1908098,Poor,5,Hybrid,160353,No,138249
Toyota,2017-04-20,2053537,Average,2,Electric,146073,Yes,106652
Ford,2019-01-03,1741159,Average,5,Petrol,27686,No,162680
Ford,2018-04-16,2828552,Poor,3,Diesel,193308,Yes,74968
Ford,2022-06-07,2423045,Excellent,3,Diesel,38498,No,686087
Tata,2019-03-15,2341447,Poor,1,Electric,178319,Yes,103370
Ford,2019-07-27,1878623,Poor,1,Hybrid,28864,Yes,184629
Kia,2017-02-16,921432,Poor,3,Hybrid,141302,No,50000
Audi,2023-12-18,1635239,Average,3,Hybrid,197037,Yes,149651
Tata,2022-07-08,2121950,Average,2,Petrol,101800,Yes,272926
Audi,2023-05-16,2798478,Poor,3,Diesel,159478,Yes,223227
Hyundai,2019-05-14,1940660,Good,2,Hybrid,147965,No,182048
Maruti,2019-12-28,434071,Poor,2,Petrol,186839,Yes,50000
Honda,2015-11-19,2141341,Average,4,Petrol,190357,No,51497
BMW,2023-10-05,1325534,Excellent,4,Hybrid,199511,Yes,162287
Mahindra,2024-08-27,486301,Poor,2,Hybrid,117170,No,77802
Toyota,2015-07-22,1145473,Average,5,Electric,96720,No,55332
Honda,2023-04-12,2931057,Poor,2,Diesel,56152,No,468694
Kia,2024-01-12,1641000,Poor,4,Hybrid,148812,No,175498
Ford,2018-01-18,1302699,Excellent,4,Diesel,196358,Yes,60918
Ford,2022-10-19,2875415,Excellent,1,Electric,68080,No,965180
BMW,2022-08-10,2401001,Poor,3,Diesel,47148,Yes,304361
Ford,2024-02-14,1943527,Good,2,Electric,47667,No,696748
Tata,2024-02-28,765162,Poor,1,Electric,64273,No,162857
Hyundai,2016-09-22,2587491,Good,1,Petrol,10514,No,277123
Hyundai,2024-07-27,2935747,Good,3,Petrol,43312,No,898559
Ford,2015-05-24,1905394,Average,3,Electric,160556,No,69188
Toyota,2024-01-01,2281156,Average,4,Petrol,63132,No,443740
Toyota,2022-09-12,1528973,Excellent,3,Petrol,34861,No,427769
Hyundai,2016-11-15,2465912,Excellent,4,Electric,145462,No,178872
BMW,2018-12-07,1711380,Good,1,Electric,127463,No,189921
Hyundai,2017-08-26,1977767,Good,3,Petrol,8841,No,222881
Audi,2020-09-11,2281929,Excellent,2,Hybrid,196599,Yes,195219
Honda,2017-08-24,1346110,Average,4,Electric,127766,Yes,74030
Toyota,2018-02-22,1404879,Average,5,Hybrid,73820,No,108292
Mahindra,2021-05-30,1604032,Good,2,Hybrid,12851,No,396336
Kia,2021-04-28,976812,Average,3,Petrol,178710,Yes,59986
Toyota,2015-09-07,2110795,Average,3,Electric,51709,No,143071
Audi,2023-11-15,2706509,Average,3,Electric,164934,Yes,340189
Tata,2016-04-03,1933098,Excellent,2,Hybrid,20936,No,240858
Audi,2023-06-08,1820304,Average,1,Hybrid,105572,Yes,320743
Ford,2020-07-24,1888293,Poor,5,Hybrid,154973,Yes,93341
Audi,2017-02-18,1245347,Good,5,Electric,39950,No,124376
Honda,2017-01-14,689365,Excellent,3,Electric,117828,No,64104
Audi,2017-09-20,535926,Good,1,Petrol,183113,Yes,50000
Honda,2017-06-08,1554046,Average,5,Electric,23251,No,138771
Audi,2017-03-19,2206278,Good,4,Electric,88366,No,193006
Tata,2019-10-23,1768776,Excellent,5,Hybrid,120218,No,213101
Audi,2015-04-05,1032569,Excellent,5,Petrol,94661,No,59317
Toyota,2015-06-24,2237361,Average,1,Hybrid,82853,No,134140
Hyundai,2020-06-19,546820,Good,2,Electric,169615,Yes,50312
Hyundai,2017-05-06,2707832,Good,1,Electric,184139,No,155865
Ford,2021-07-23,1028685,Average,1,Hybrid,175727,No,94887
Hyundai,2022-08-04,2377329,Average,1,Electric,115035,Yes,369150
Kia,2015-08-13,2021458,Good,4,Hybrid,110029,Yes,103672
BMW,2015-04-07,1576857,Good,3,Petrol,115797,Yes,68624
Maruti,2019-08-24,1808664,Average,3,Hybrid,196566,No,91547
Audi,2016-03-23,2400411,Average,4,Hybrid,102104,No,125893
Audi,2019-07-22,444257,Good,3,Electric,171772,No,50000
Hyundai,2017-10-28,1871581,Poor,1,Diesel,59481,No,127991
Toyota,2017-04-30,2392527,Excellent,1,Hybrid,38936,No,349531
Honda,2021-04-03,744300,Good,3,Petrol,108536,No,99102
Kia,2021-03-27,2725077,Excellent,2,Diesel,174810,No,320972
Ford,2021-06-18,946113,Excellent,1,Diesel,158380,Yes,123924
Toyota,2021-10-09,635089,Excellent,2,Hybrid,123256,No,122921
Tata,2020-08-21,2507669,Poor,2,Petrol,147664,Yes,136989
Audi,2023-11-12,2743780,Excellent,1,Electric,197351,Yes,436253
Maruti,2020-02-08,2414212,Excellent,2,Hybrid,52887,No,498146
Mahindra,2016-10-26,1012390,Poor,1,Diesel,179150,No,50000
Toyota,2019-09-17,1309441,Average,1,Electric,181996,Yes,81204
Maruti,2021-12-28,2108690,Good,3,Electric,72759,No,456126
Toyota,2024-06-22,2662722,Poor,5,Hybrid,43152,No,489381
BMW,2021-04-11,1199589,Good,3,Electric,150014,Yes,137227
BMW,2015-12-16,2838525,Poor,5,Hybrid,193313,Yes,50000
Audi,2024-05-19,1011458,Good,4,Diesel,118176,No,215188
Hyundai,2017-01-30,1780204,Good,5,Petrol,56677,No,135846
Tata,2019-03-14,2756453,Poor,5,Electric,77187,Yes,178187
Ford,2019-07-04,775308,Good,2,Hybrid,55426,No,119685
Tata,2019-03-10,2957916,Excellent,1,Diesel,20257,No,587352
Mahindra,2024-03-08,630721,Poor,3,Electric,137300,Yes,75352
Audi,2022-07-13,2699763,Average,2,Electric,116860,No,433871
Hyundai,2016-08-02,869325,Average,1,Hybrid,188468,Yes,50000
Audi,2023-10-03,2244307,Poor,4,Hybrid,37913,No,397781
Ford,2021-10-09,473073,Good,3,Hybrid,31135,No,109963
Maruti,2021-02-20,777791,Average,2,Hybrid,106655,Yes,89151
Honda,2023-07-06,2662024,Average,3,Diesel,108094,No,439481
Audi,2015-02-14,2240949,Average,1,Diesel,86531,Yes,105175
Ford,2020-11-05,1282372,Average,2,Diesel,78819,Yes,150305
Tata,2024-01-19,2305271,Excellent,2,Petrol,100946,No,636849
Audi,2020-03-22,783707,Average,5,Diesel,139847,No,56225
Honda,2022-08-22,904682,Excellent,5,Electric,124833,No,178810
Tata,2021-05-26,2866406,Good,5,Diesel,199233,Yes,176281
Mahindra,2016-10-31,2494704,Poor,1,Petrol,9765,Yes,147187
Tata,2019-07-20,1101245,Average,4,Diesel,70074,No,108013
Hyundai,2020-01-06,952374,Excellent,4,Diesel,171933,No,84181
Tata,2022-09-15,711516,Excellent,5,Diesel,94249,No,147317
Honda,2017-01-19,2245795,Good,4,Hybrid,172742,No,108303
Toyota,2017-12-10,2621659,Good,3,Petrol,199225,Yes,96480
Honda,2017-09-20,1112781,Excellent,1,Electric,29395,No,190813
Kia,2024-01-12,597444,Average,5,Diesel,106984,Yes,86369
Kia,2017-07-15,1752706,Poor,4,Electric,155759,Yes,59475
BMW,2017-08-20,1611225,Poor,4,Hybrid,23826,No,111241
Hyundai,2020-07-31,2980466,Poor,4,Petrol,139763,Yes,151808
Maruti,2021-08-30,2126721,Poor,3,Petrol,47963,No,238993
Kia,2023-08-13,436873,Average,1,Electric,95727,No,98326
Mahindra,2017-04-03,2108107,Average,4,Electric,61971,Yes,150342
Audi,2020-12-29,2430313,Good,3,Electric,177672,No,240650
Hyundai,2023-08-21,657422,Poor,5,Electric,155362,Yes,56776
Mahindra,2020-10-19,1458754,Poor,5,Petrol,104027,Yes,88627
Audi,2018-02-07,2698560,Average,5,Hybrid,141929,No,144407
Maruti,2023-03-29,1296525,Good,3,Petrol,176545,Yes,138348
Toyota,2018-04-11,2413385,Good,5,Hybrid,187790,No,117857
Kia,2021-03-07,797059,Average,1,Electric,163207,No,80862
Audi,2018-06-10,1508387,Good,3,Hybrid,103820,Yes,133925
Mahindra,2021-01-03,2944969,Excellent,5,Hybrid,11707,No,691480
Audi,2019-09-17,429508,Average,5,Electric,33470,No,53476
Toyota,2015-04-27,2649075,Good,4,Hybrid,197713,No,77463
Ford,2020-09-30,2223342,Excellent,2,Petrol,128179,Yes,278908
Maruti,2022-05-24,2692461,Average,2,Hybrid,42107,Yes,504760
Kia,2016-02-24,2321153,Average,2,Petrol,79345,Yes,117988
Hyundai,2021-11-27,845771,Excellent,4,Hybrid,183367,Yes,88907
Toyota,2020-11-04,2008790,Average,2,Hybrid,143945,Yes,177116
Hyundai,2016-12-02,642760,Poor,5,Petrol,138381,Yes,50000
Toyota,2024-11-24,2668027,Excellent,1,Diesel,172780,No,609922
Mahindra,2018-02-03,1682223,Average,3,Hybrid,148610,Yes,87138
Toyota,2021-12-15,1601593,Good,3,Petrol,98397,No,251652
Honda,2019-03-12,1008524,Average,1,Electric,186012,No,61709
Mahindra,2021-11-09,1903202,Good,4,Diesel,199098,No,149043
Maruti,2022-10-26,693304,Poor,5,Petrol,169221,Yes,50000
Audi,2022-02-23,1560907,Poor,5,Petrol,118138,No,121732
Hyundai,2024-08-27,2728173,Poor,1,Hybrid,79335,Yes,499074
Honda,2024-01-02,1466298,Average,2,Petrol,169240,Yes,158454
Honda,2020-01-02,527568,Good,3,Electric,113317,Yes,61069
Tata,2016-10-11,2525121,Good,3,Diesel,182450,Yes,96115
BMW,2023-09-17,1870023,Poor,4,Hybrid,156474,No,180219
Kia,2015-05-07,2136457,Average,4,Petrol,55428,No,105030
Honda,2023-08-06,961275,Average,5,Electric,123179,Yes,134420
Toyota,2023-10-22,1257259,Excellent,3,Hybrid,148632,Yes,247369
Maruti,2016-02-06,1917381,Poor,1,Electric,175668,No,58029
Kia,2019-05-22,407702,Poor,4,Petrol,177669,Yes,50000
Honda,2019-11-17,2883664,Excellent,5,Diesel,150709,Yes,246146
Toyota,2021-12-03,2160471,Poor,3,Petrol,103008,No,197960
Mahindra,2016-08-11,349869,Excellent,1,Diesel,183326,No,50000
Kia,2023-12-29,367752,Poor,2,Electric,43599,No,78713
Kia,2019-10-30,1248756,Excellent,5,Hybrid,47768,No,211738
BMW,2022-01-25,1761125,Poor,5,Hybrid,127115,No,147305
Tata,2023-06-12,2181268,Good,4,Hybrid,162950,Yes,288366
Mahindra,2023-02-21,2686712,Poor,1,Petrol,128356,No,290563
Maruti,2019-03-11,556025,Poor,5,Electric,77620,Yes,50000
Ford,2017-06-19,1619950,Good,3,Diesel,62706,No,154657
Kia,2016-03-03,330068,Average,5,Diesel,43119,Yes,50000
Mahindra,2020-06-23,1561993,Average,5,Hybrid,171960,No,99605
Audi,2022-10-18,2824486,Average,4,Hybrid,80811,No,477676
Tata,2019-08-11,2917599,Good,4,Electric,164853,Yes,216572
BMW,2021-08-04,2318774,Average,1,Electric,146368,Yes,254204
BMW,2022-08-16,2908517,Good,2,Electric,103395,Yes,573119
BMW,2022-06-19,2657649,Good,1,Hybrid,57735,No,692239
Mahindra,2017-11-29,2755452,Poor,2,Petrol,189295,No,78006
Honda,2019-05-26,2260890,Average,1,Electric,58021,No,303645
Honda,2020-11-25,1240935,Good,1,Petrol,161669,No,125235
Kia,2023-04-20,1020284,Poor,1,Electric,163323,No,109482
Toyota,2022-07-20,1771620,Average,1,Hybrid,64709,Yes,327168
Kia,2019-02-15,2739044,Average,3,Hybrid,180049,No,147736
Toyota,2023-08-02,2192589,Excellent,5,Petrol,86711,No,506713
Maruti,2021-11-05,1488282,Good,2,Diesel,125209,No,225250
Toyota,2019-12-13,2606345,Average,5,Petrol,18429,Yes,264124
Honda,2016-03-05,1506346,Good,4,Hybrid,110682,Yes,84346
Maruti,2018-05-01,1101717,Poor,2,Petrol,129885,No,51306
Honda,2023-02-24,1497020,Poor,5,Electric,16458,No,260151
Toyota,2024-05-07,596779,Excellent,2,Electric,189215,No,116959
Audi,2019-03-06,2366195,Poor,1,Hybrid,64626,Yes,189421
Mahindra,2020-08-17,1556295,Excellent,4,Diesel,123635,Yes,188379
Tata,2018-04-19,2249302,Excellent,5,Petrol,122210,Yes,165056
Maruti,2015-06-23,2640671,Poor,2,Hybrid,85148,No,111561
Ford,2022-03-19,1678775,Poor,1,Petrol,178171,Yes,99729
Ford,2024-05-14,2821272,Average,1,Electric,23072,No,972955
BMW,2018-04-21,930587,Excellent,4,Diesel,191807,Yes,50000
Honda,2018-09-02,2692972,Good,5,Electric,156015,No,191170
Ford,2018-04-27,2570152,Average,5,Electric,67952,Yes,199981
Ford,2019-07-31,1138926,Poor,4,Electric,107904,Yes,71747
Ford,2023-02-13,1485486,Excellent,1,Diesel,105515,Yes,349811
Honda,2015-11-26,494238,Average,1,Hybrid,195744,No,50000
Audi,2021-08-24,2771547,Poor,4,Petrol,194897,Yes,110105
Toyota,2021-08-18,2199019,Excellent,1,Electric,192611,No,282610
Mahindra,2022-04-11,658559,Average,3,Petrol,199633,Yes,50000
Audi,2021-10-19,1143460,Poor,4,Petrol,22500,Yes,122965
Kia,2017-09-26,2220351,Excellent,1,Diesel,93526,No,257011
Hyundai,2015-04-14,1684847,Good,1,Petrol,27173,No,134495
Maruti,2022-12-29,1853551,Excellent,3,Diesel,78461,No,487123
Maruti,2021-07-03,2784082,Good,4,Diesel,120564,Yes,329472
Ford,2017-11-01,1468327,Excellent,5,Diesel,57574,No,162225
Mahindra,2024-09-19,394679,Excellent,4,Petrol,31333,No,146784
Ford,2021-03-31,1068565,Average,5,Hybrid,161758,No,83375
Maruti,2018-12-20,539399,Good,1,Diesel,131645,Yes,50000
Toyota,2022-12-12,2572757,Average,4,Hybrid,102578,Yes,361449
Honda,2021-08-19,886197,Good,5,Diesel,199830,No,62519
Hyundai,2019-03-17,1997992,Good,3,Petrol,6556,No,292229
Honda,2018-01-01,2522098,Poor,1,Diesel,179789,Yes,79862
Audi,2021-09-30,2943329,Good,2,Diesel,158987,Yes,318302
Kia,2015-02-06,474651,Average,4,Petrol,50065,Yes,50000
Kia,2020-04-24,2695965,Excellent,3,Diesel,144146,Yes,290099
Audi,2020-07-21,1977766,Average,3,Diesel,136400,Yes,154881
Hyundai,2015-01-05,2713611,Excellent,3,Electric,18928,No,280043
Kia,2015-08-17,1514856,Average,4,Petrol,109016,Yes,54771
Mahindra,2020-03-13,1687386,Poor,1,Hybrid,69553,Yes,156147
Tata,2024-04-03,1382302,Average,4,Petrol,119639,No,213401
Ford,2017-05-21,2744767,Average,4,Electric,16368,No,264764
BMW,2022-04-21,2545486,Average,2,Diesel,149157,Yes,257859
Tata,2018-03-23,810904,Good,4,Diesel,112304,Yes,58883
Tata,2024-03-01,2550694,Average,5,Diesel,162089,Yes,269279
Hyundai,2018-12-18,744608,Poor,2,Petrol,58194,Yes,50000
Mahindra,2017-01-27,455835,Excellent,2,Diesel,23401,No,60290
Honda,2023-05-29,1756406,Excellent,2,Electric,139562,Yes,384943
Maruti,2019-05-07,1441393,Poor,4,Electric,110516,Yes,86240
Mahindra,2024-12-29,1445420,Poor,4,Petrol,30485,No,282033
Toyota,2021-12-22,764639,Poor,3,Petrol,71386,Yes,73800
Hyundai,2019-08-13,1978007,Average,2,Petrol,131642,Yes,134800
Honda,2019-08-14,1899637,Good,3,Petrol,52637,No,250389
Toyota,2021-12-17,2196253,Poor,2,Electric,19526,No,369544
BMW,2022-12-21,1313975,Poor,1,Hybrid,163449,Yes,113114
Tata,2019-09-29,2859686,Poor,2,Petrol,45070,Yes,226006
BMW,2016-11-13,388167,Good,5,Hybrid,63059,No,50000
Hyundai,2015-05-12,2505289,Good,4,Petrol,57684,No,152873
Kia,2016-10-14,610885,Excellent,3,Diesel,116093,Yes,50000
Honda,2019-10-01,327975,Excellent,5,Petrol,136607,Yes,50000
Mahindra,2020-07-13,2607772,Good,3,Electric,87781,No,415501
Mahindra,2023-10-30,1908791,Excellent,4,Electric,42129,No,715909
Mahindra,2019-09-07,1430376,Poor,5,Electric,109592,No,94996
Mahindra,2017-12-16,442632,Average,4,Electric,78688,No,50000
Audi,2018-04-13,533382,Good,1,Diesel,122073,No,50000
Audi,2017-09-16,1449273,Good,3,Hybrid,194448,Yes,61472
BMW,2021-10-05,701985,Average,4,Hybrid,186366,No,52013
Toyota,2021-07-20,1334502,Excellent,1,Hybrid,116746,Yes,244724
Tata,2016-02-27,1583317,Good,5,Electric,83685,No,112204
Toyota,2019-03-25,2557833,Good,2,Hybrid,183045,No,180516
Toyota,2017-09-08,2328851,Average,3,Diesel,65059,No,182573
Maruti,2019-09-10,2110833,Average,5,Electric,155072,Yes,128215
Hyundai,2018-05-28,2463892,Excellent,1,Petrol,190861,Yes,141165
Tata,2019-12-27,1534424,Average,4,Electric,47104,No,201461
BMW,2016-07-05,439170,Good,2,Diesel,54802,No,50000
BMW,2018-01-05,420893,Poor,2,Petrol,158208,No,50000
Hyundai,2020-06-15,2804154,Average,1,Hybrid,196048,Yes,162742
Maruti,2018-03-05,2958680,Excellent,5,Hybrid,54004,No,373895
BMW,2017-12-02,772796,Excellent,4,Electric,140396,Yes,61766
Toyota,2018-12-17,1201161,Excellent,1,Hybrid,33635,No,233459
Maruti,2016-09-01,1345447,Average,2,Hybrid,181420,No,50791
Mahindra,2016-09-04,478317,Poor,2,Electric,46524,No,50000
Mahindra,2016-03-18,2905111,Excellent,4,Diesel,152078,Yes,143818
Audi,2022-04-11,1472999,Poor,5,Hybrid,166621,Yes,88491
Ford,2019-10-26,1607937,Poor,1,Hybrid,32985,Yes,162059
Mahindra,2017-01-04,1911118,Excellent,2,Petrol,115695,Yes,140039
BMW,2019-12-17,1298887,Good,4,Petrol,183584,Yes,72407
Ford,2018-12-31,2873854,Average,4,Diesel,73343,Yes,228672
Hyundai,2018-05-03,2304790,Excellent,2,Electric,52218,No,380011
Kia,2020-08-14,1912005,Poor,1,Hybrid,53064,Yes,203049
Mahindra,2019-10-14,816001,Poor,3,Electric,35464,Yes,77499
BMW,2017-01-29,1215686,Poor,1,Diesel,150892,No,50000
Kia,2019-06-19,1416605,Excellent,3,Diesel,82062,No,206304
Toyota,2024-11-10,412419,Excellent,3,Petrol,89110,No,130465
Tata,2019-10-03,862003,Average,4,Electric,102649,No,85038
Tata,2020-09-02,748878,Good,4,Electric,139572,No,87146
Honda,2019-02-26,2492082,Average,5,Diesel,169053,Yes,110594
BMW,2018-01-02,2123902,Good,1,Petrol,190067,Yes,95714
Audi,2021-07-09,2487569,Average,2,Diesel,72983,Yes,333899
Honda,2019-08-24,2362505,Good,4,Hybrid,133165,Yes,204934
Mahindra,2016-09-14,355804,Excellent,1,Diesel,6563,No,50000
Audi,2015-06-04,1023678,Poor,3,Hybrid,114772,No,50000
Maruti,2024-05-15,1645715,Excellent,1,Hybrid,15248,No,824249
BMW,2022-09-17,2381914,Excellent,2,Electric,16256,No,916132
Tata,2020-05-29,2875538,Excellent,1,Diesel,18167,No,701631
Hyundai,2019-07-06,1069469,Excellent,5,Petrol,176753,Yes,66265
Hyundai,2022-01-18,2541859,Excellent,5,Hybrid,13988,No,701265
Mahindra,2015-07-13,787138,Average,3,Hybrid,27695,No,53714
Mahindra,2017-12-26,1010576,Excellent,3,Diesel,181207,Yes,56768
Audi,2019-02-14,1361649,Poor,1,Petrol,193992,No,50000
Hyundai,2017-07-27,1095146,Excellent,3,Petrol,120821,No,89930
BMW,2022-07-02,2643138,Average,2,Hybrid,21033,No,605994
BMW,2019-10-28,1769627,Good,5,Hybrid,54732,No,242927
Mahindra,2023-03-21,882763,Good,3,Hybrid,84549,No,208008
Hyundai,2017-11-15,649928,Poor,4,Diesel,90134,No,50000
Audi,2018-07-09,1879301,Average,1,Petrol,56227,No,181508
Tata,2016-07-19,2095559,Average,5,Diesel,68460,No,119582
Kia,2016-11-07,1255567,Good,3,Diesel,194176,Yes,50000
Tata,2022-08-31,2514968,Excellent,5,Hybrid,102794,No,528820
BMW,2022-12-15,869364,Average,4,Hybrid,111550,Yes,116743
Honda,2023-10-06,2596216,Poor,4,Diesel,93787,Yes,305891
Mahindra,2022-09-17,894405,Average,1,Hybrid,126786,No,138700
Maruti,2018-03-21,2168492,Average,4,Electric,191847,No,91323
Ford,2023-10-21,1796711,Excellent,2,Petrol,150699,Yes,321902
BMW,2018-02-14,1686688,Average,3,Electric,57684,Yes,149313
Toyota,2017-10-27,330059,Good,5,Hybrid,100330,Yes,50000
Audi,2019-06-19,2386155,Poor,2,Hybrid,133977,Yes,134126
BMW,2019-11-09,1117234,Average,1,Diesel,196838,Yes,54720
Hyundai,2016-04-03,2960787,Poor,4,Electric,137371,No,102188
Toyota,2016-12-16,1379867,Excellent,4,Hybrid,118483,Yes,100970
Honda,2020-09-22,2670169,Average,5,Diesel,28775,Yes,316912
Ford,2021-08-15,2789606,Poor,1,Diesel,126936,No,254554
Ford,2020-02-13,2152807,Excellent,4,Hybrid,127119,Yes,250808
Honda,2018-02-17,1672083,Good,2,Hybrid,117553,Yes,138586
BMW,2016-03-10,335197,Poor,2,Hybrid,139386,Yes,50000
Honda,2024-11-02,1243324,Excellent,1,Diesel,107067,Yes,384156
Tata,2022-01-26,1864112,Excellent,2,Petrol,79286,No,413844
Ford,2019-11-29,743579,Good,4,Hybrid,143471,No,70208
Maruti,2017-01-15,2074612,Poor,4,Electric,101730,Yes,89275
Maruti,2021-04-14,856548,Poor,4,Diesel,75633,Yes,73387
BMW,2018-04-21,2598144,Excellent,5,Hybrid,141074,Yes,194945
Maruti,2020-02-19,1362440,Average,1,Hybrid,180198,Yes,86501
Tata,2019-06-03,420938,Poor,1,Electric,38897,Yes,50000
Toyota,2018-08-23,330195,Excellent,2,Diesel,168382,Yes,50000
Toyota,2016-05-07,2631040,Poor,1,Diesel,50110,Yes,132347
Ford,2021-07-22,2893992,Poor,3,Petrol,38056,Yes,298963
Toyota,2016-01-30,1710416,Excellent,3,Hybrid,164895,No,94999
BMW,2017-02-13,1313172,Average,2,Electric,75972,No,107095
Honda,2024-08-24,777531,Excellent,2,Hybrid,75899,No,304545
Maruti,2021-02-08,2654455,Average,2,Hybrid,69418,Yes,360921
Honda,2017-10-30,1091915,Excellent,3,Hybrid,117043,Yes,98240
Kia,2024-08-31,1164849,Good,3,Hybrid,30164,No,435062
Audi,2023-02-21,424652,Good,2,Petrol,95702,No,86548
Toyota,2018-06-06,1578489,Good,1,Petrol,182016,Yes,81799
BMW,2020-06-09,1232733,Good,1,Diesel,15405,No,254354
Honda,2019-02-18,2844409,Average,2,Diesel,184239,Yes,132042
Mahindra,2021-09-27,395007,Average,3,Electric,175032,Yes,50000
Hyundai,2019-11-08,812656,Average,1,Petrol,135984,Yes,59036
Kia,2018-07-24,2529364,Good,5,Hybrid,63096,No,273144
Kia,2020-10-27,2296422,Poor,3,Electric,51659,No,269319
Mahindra,2019-12-19,1338587,Good,1,Diesel,20410,No,251222
Honda,2020-10-30,576774,Poor,2,Hybrid,111599,No,51049
Honda,2017-12-05,2597444,Good,3,Electric,102546,No,252135
BMW,2024-05-21,508401,Poor,2,Electric,157536,Yes,58019
Honda,2017-01-10,2400382,Poor,3,Petrol,63124,No,119297
Audi,2022-05-05,952935,Good,2,Electric,160444,No,141459
Ford,2023-12-20,1739492,Poor,1,Petrol,43730,No,321299
Tata,2022-11-15,1953272,Poor,2,Hybrid,91738,No,266396
Audi,2016-04-04,898120,Good,1,Petrol,15231,No,87685
BMW,2019-05-28,1543441,Good,3,Hybrid,122146,No,161463
Toyota,2023-01-30,1358878,Poor,3,Petrol,157973,No,108375
BMW,2016-01-24,567755,Good,3,Petrol,119815,Yes,50000
Toyota,2020-01-25,2666888,Poor,2,Hybrid,67536,Yes,231500
Audi,2015-05-06,2183421,Good,5,Hybrid,186669,Yes,60162
Toyota,2018-09-28,1091285,Average,4,Electric,96582,No,94112
Honda,2019-12-23,779573,Average,4,Diesel,39906,Yes,83445
Tata,2022-07-13,1464077,Average,4,Petrol,10394,Yes,246740
Maruti,2022-07-01,1239434,Good,1,Hybrid,176848,No,164988
Kia,2018-01-07,1165117,Excellent,4,Electric,61245,No,157283
Hyundai,2016-09-07,1395566,Excellent,3,Electric,156387,No,96595
Hyundai,2018-07-09,2232529,Average,2,Diesel,22904,No,249476
Hyundai,2016-09-16,2529438,Excellent,4,Diesel,131236,Yes,154923
Audi,2016-08-07,1671044,Average,5,Electric,17321,Yes,119755
Maruti,2022-02-24,1490720,Average,5,Diesel,5966,Yes,241778
Tata,2019-03-07,894225,Excellent,4,Petrol,155901,No,72466
Audi,2020-06-18,1604923,Average,4,Diesel,180912,No,94605
Ford,2023-01-16,2676568,Good,2,Diesel,128204,No,483677
Maruti,2015-10-22,351227,Excellent,3,Petrol,176516,No,50000
Mahindra,2018-10-15,833326,Average,5,Electric,162007,Yes,50000
Tata,2015-03-17,766766,Excellent,5,Hybrid,149517,Yes,50000
BMW,2024-03-26,2900851,Good,2,Petrol,149151,No,521418
Tata,2024-07-29,1027032,Average,2,Petrol,152733,Yes,137186
Kia,2016-10-22,627439,Excellent,5,Hybrid,15785,No,73358
Mahindra,2016-06-27,802746,Poor,3,Petrol,56115,No,50000
BMW,2024-10-19,1465819,Excellent,4,Petrol,117936,Yes,336953
Audi,2018-09-16,440936,Average,4,Hybrid,159309,No,50000
Maruti,2022-08-01,2561623,Good,5,Petrol,53486,No,484437
Tata,2020-04-15,2595900,Average,1,Diesel,137324,Yes,215105
Hyundai,2023-05-08,2748870,Good,2,Hybrid,117818,Yes,531561
Honda,2022-03-02,1379894,Good,1,Hybrid,175043,Yes,158942
BMW,2018-09-20,1574105,Good,4,Diesel,195882,No,76363
Ford,2022-06-23,1231348,Excellent,5,Diesel,66957,No,278164
Tata,2017-09-20,453677,Excellent,3,Petrol,168513,No,50000
Ford,2024-04-18,2226600,Excellent,3,Electric,51340,No,920101
Audi,2021-12-11,1103650,Poor,1,Electric,93738,No,143369
BMW,2016-10-21,1938071,Poor,3,Petrol,195317,Yes,50000
Kia,2019-05-22,2054435,Good,2,Hybrid,76923,No,283784
Toyota,2021-03-16,460492,Average,5,Petrol,34720,Yes,53935
Audi,2018-04-05,1831497,Excellent,2,Electric,164756,Yes,146503
Honda,2020-07-21,1386980,Good,1,Hybrid,60095,No,262182
Tata,2017-01-19,2706402,Excellent,5,Diesel,86864,No,231452
Ford,2016-03-23,415935,Good,2,Hybrid,195666,No,50000
Ford,2023-09-20,2943618,Average,2,Hybrid,64913,Yes,624021
Maruti,2019-01-28,870917,Good,3,Electric,181200,Yes,55167
Tata,2024-09-05,1434121,Excellent,2,Diesel,158706,No,333804
BMW,2021-02-07,633444,Good,2,Petrol,59080,No,109313
BMW,2021-09-25,554310,Average,2,Diesel,83369,Yes,73508
Ford,2015-05-02,907602,Excellent,3,Electric,136951,No,57239
Maruti,2019-09-23,876932,Average,2,Electric,17342,No,137868
Mahindra,2015-05-17,1589918,Excellent,4,Diesel,117418,Yes,84777
Ford,2022-12-07,1865070,Average,3,Petrol,35287,No,360866
Kia,2017-04-10,836341,Excellent,3,Petrol,128619,Yes,56344
Mahindra,2015-11-21,2128613,Average,1,Petrol,69204,No,126884
Mahindra,2018-09-30,2018704,Average,4,Hybrid,122981,No,142714
Kia,2023-07-12,1483192,Average,3,Hybrid,21580,Yes,341955
Ford,2015-08-31,2983258,Good,1,Petrol,7122,No,271966
Maruti,2020-03-07,2149745,Excellent,2,Electric,123656,Yes,306492
Maruti,2018-02-05,800806,Average,4,Electric,114899,No,56599
Toyota,2020-02-18,451291,Average,5,Electric,57155,Yes,50000
Hyundai,2016-11-05,1434936,Average,5,Electric,81282,No,92022
Kia,2023-11-23,2977542,Excellent,2,Petrol,115955,No,741487
BMW,2023-03-15,2625176,Poor,5,Electric,157934,Yes,207465
BMW,2020-05-18,2355661,Excellent,1,Diesel,119407,Yes,329857
BMW,2024-09-07,1410903,Excellent,2,Petrol,36022,No,573154
Hyundai,2019-07-18,915425,Excellent,1,Electric,49839,No,195205
BMW,2021-12-12,1870940,Good,2,Diesel,96321,No,335445
Audi,2020-04-14,1052825,Poor,5,Petrol,114254,Yes,55758
Honda,2022-09-02,735677,Poor,5,Diesel,117240,Yes,60533
BMW,2016-05-07,1204999,Average,1,Electric,182795,No,50000
Kia,2022-04-01,1352694,Average,3,Electric,174129,No,135200
Maruti,2021-08-27,1389165,Good,5,Petrol,82439,No,199371
Toyota,2022-05-03,2622152,Poor,5,Petrol,79053,No,256197
BMW,2024-05-08,1801906,Excellent,1,Electric,197969,Yes,308261
Hyundai,2019-06-12,2093357,Good,3,Electric,24312,No,363087
Toyota,2016-11-25,2238289,Excellent,4,Hybrid,192866,No,106409
Toyota,2024-02-28,2921818,Average,4,Diesel,29105,Yes,643195
Kia,2015-07-09,2274255,Poor,1,Hybrid,159322,Yes,60026
Kia,2023-08-16,948853,Excellent,3,Electric,139404,Yes,204264
BMW,2021-07-20,2517068,Excellent,3,Electric,171990,No,342588
Toyota,2022-09-09,1196480,Good,5,Electric,47848,No,285964
Kia,2020-08-01,580898,Average,1,Electric,17543,No,110431
Mahindra,2017-02-02,889422,Excellent,5,Electric,115563,Yes,67557
Tata,2018-09-12,539286,Good,5,Diesel,60143,No,56522
Maruti,2024-04-14,941688,Excellent,1,Electric,143852,Yes,243925
Mahindra,2023-02-04,2604191,Excellent,3,Petrol,123483,Yes,465669
Tata,2015-04-12,2158335,Excellent,5,Petrol,160549,Yes,76019
Kia,2017-08-25,2950393,Average,3,Electric,32282,Yes,267169
Tata,2015-07-25,1016872,Good,2,Hybrid,17521,No,95488
Toyota,2017-09-19,1290399,Excellent,1,Petrol,56349,No,163999
Ford,2019-08-24,1645269,Average,1,Electric,69345,Yes,197312
Tata,2022-07-16,987485,Average,5,Diesel,21576,No,179505
Ford,2018-06-23,400256,Excellent,5,Diesel,162251,Yes,50000
Ford,2016-12-12,1904714,Average,1,Hybrid,76081,Yes,134609
BMW,2018-10-15,1669485,Average,5,Hybrid,105815,No,122672
Mahindra,2020-09-19,936254,Good,5,Petrol,50020,No,132584
Tata,2021-08-15,1299130,Excellent,5,Diesel,137576,Yes,160212
BMW,2017-01-10,416198,Excellent,4,Diesel,98207,No,50000
Toyota,2020-01-08,1184300,Good,1,Petrol,161027,Yes,93633
Maruti,2016-05-25,1725263,Average,5,Electric,35545,Yes,111921
Toyota,2020-02-24,1555256,Excellent,4,Petrol,42100,No,264080
Mahindra,2018-04-27,1652405,Poor,1,Petrol,147629,No,72423
Ford,2021-10-01,1783850,Good,4,Electric,64978,No,362420
Ford,2024-03-23,1743442,Poor,1,Petrol,83414,Yes,255415
Audi,2024-09-06,1810112,Good,4,Petrol,99251,No,416760
Honda,2022-11-16,690230,Good,5,Petrol,147263,Yes,76340
Ford,2022-05-05,2305844,Average,1,Petrol,110217,Yes,290532
Toyota,2019-02-27,2347501,Poor,4,Diesel,117295,No,128757
Kia,2023-03-03,2879029,Good,5,Hybrid,96674,No,564539
Tata,2022-10-14,2934280,Poor,4,Electric,142288,Yes,255623
Audi,2016-05-02,2837645,Good,2,Hybrid,89231,No,225421
Hyundai,2016-07-20,1776258,Excellent,4,Hybrid,127281,Yes,115736
Kia,2024-05-30,2262379,Good,3,Electric,35588,No,844061
Audi,2015-11-28,1441507,Poor,3,Electric,174557,Yes,50000
Kia,2018-01-06,1876343,Average,2,Petrol,40071,Yes,152218
Maruti,2024-02-06,2933646,Good,2,Petrol,183524,Yes,358533
Tata,2022-10-17,928574,Excellent,5,Hybrid,12749,No,290417
Toyota,2016-03-03,2731067,Excellent,1,Hybrid,144364,Yes,177325
Maruti,2015-05-31,1695765,Average,3,Diesel,76768,No,87250
Tata,2019-06-02,2959941,Good,4,Electric,138113,No,283457
Hyundai,2017-06-20,2343610,Excellent,1,Diesel,145035,Yes,175419
BMW,2018-05-14,1072803,Average,3,Electric,72658,No,103003
Toyota,2024-04-08,2003047,Good,3,Hybrid,172199,Yes,298958
BMW,2023-10-10,889629,Excellent,4,Diesel,99448,No,226938
Toyota,2019-02-15,411354,Poor,4,Petrol,66195,Yes,50000
Audi,2022-10-11,1758258,Excellent,3,Electric,74664,No,514255
Ford,2024-09-24,2848887,Excellent,2,Diesel,95848,No,966242
Ford,2022-07-16,2541011,Excellent,1,Petrol,140038,No,464410
Tata,2018-12-03,1923767,Average,2,Diesel,105183,No,161364
Audi,2019-05-03,1656094,Excellent,5,Petrol,50883,No,223980
Ford,2022-07-08,1619179,Poor,5,Electric,191287,Yes,87605
Toyota,2018-05-26,691375,Good,5,Diesel,43119,No,73929
Mahindra,2021-10-20,301383,Good,3,Petrol,137831,Yes,50000
Hyundai,2017-06-11,1764302,Excellent,5,Diesel,145072,No,116887
Audi,2023-10-18,1816340,Poor,4,Hybrid,32344,Yes,297875
Hyundai,2020-04-30,582672,Average,5,Hybrid,119694,Yes,50000
Honda,2016-05-08,1209271,Average,3,Petrol,132484,Yes,50000
Maruti,2020-07-11,2014219,Good,4,Electric,153053,No,209688
Audi,2015-12-31,2122671,Average,3,Hybrid,197952,Yes,52721
Kia,2022-09-30,2786217,Average,1,Electric,161345,No,369619
Hyundai,2024-03-14,2333566,Poor,1,Electric,72367,No,482838
Toyota,2018-12-16,2451814,Good,5,Hybrid,26269,No,326331
Tata,2015-01-13,2665296,Excellent,1,Hybrid,71562,No,234611
Hyundai,2015-11-12,815037,Good,3,Diesel,177813,Yes,50000
BMW,2022-09-21,562474,Poor,4,Petrol,104990,Yes,50000
Ford,2023-09-19,2093075,Average,2,Petrol,102814,No,361678
Toyota,2015-11-29,351301,Good,3,Hybrid,102091,Yes,50000
Kia,2018-09-05,1911204,Excellent,2,Hybrid,53315,No,312167
Kia,2018-07-30,1170392,Excellent,3,Hybrid,141623,Yes,102936
Hyundai,2021-08-14,388452,Poor,1,Diesel,148547,No,50000
Maruti,2024-07-09,904471,Average,4,Hybrid,47500,No,233268
Toyota,2016-08-06,1077291,Poor,4,Electric,106998,No,50000
Honda,2016-11-06,1919615,Poor,1,Electric,27966,No,143607
Mahindra,2023-04-26,771295,Excellent,4,Electric,14051,No,295151
BMW,2019-12-19,2002822,Excellent,5,Diesel,37693,No,338542
Maruti,2023-10-26,2368807,Excellent,1,Diesel,70335,No,819920
Kia,2015-11-10,1391679,Average,3,Diesel,199903,No,50000
Toyota,2022-08-03,1538960,Poor,3,Diesel,138467,Yes,124241
Toyota,2021-01-29,2668974,Excellent,4,Diesel,49696,No,548283
Ford,2021-12-10,2942284,Average,5,Diesel,7480,Yes,458952
Mahindra,2015-04-27,2772894,Poor,5,Hybrid,194482,Yes,50000
BMW,2017-08-16,1503289,Good,5,Petrol,142553,Yes,72962
Tata,2015-08-16,1865210,Excellent,2,Electric,119405,Yes,129759
Ford,2015-05-13,2190765,Poor,5,Petrol,84659,Yes,60405
Ford,2023-10-12,1261563,Excellent,1,Electric,170026,Yes,250498
Hyundai,2023-04-05,2669541,Average,3,Electric,46900,Yes,569087
Maruti,2023-02-01,782209,Good,4,Electric,145635,No,129712
Toyota,2024-01-01,2671522,Average,4,Electric,120788,No,477434
Hyundai,2022-11-16,2824692,Average,3,Petrol,151918,Yes,272603
Hyundai,2019-01-28,1647691,Good,4,Petrol,13975,No,217159
Tata,2018-04-02,2717102,Poor,4,Petrol,130550,No,111325
Honda,2022-03-02,2648789,Good,2,Petrol,20432,No,630459
Maruti,2018-03-24,2995189,Poor,3,Diesel,149818,Yes,110605
Ford,2024-12-07,1452675,Good,2,Electric,159929,No,329958
Toyota,2021-06-30,1081802,Poor,5,Electric,60686,Yes,109129
Tata,2023-05-03,1187298,Excellent,3,Hybrid,50620,No,396101
Ford,2020-11-04,1582170,Excellent,1,Electric,118188,Yes,272659
Audi,2022-04-19,1152569,Excellent,3,Diesel,19047,No,343058
Hyundai,2020-02-12,1318701,Poor,1,Petrol,183854,No,59001
Maruti,2024-04-24,1853832,Good,1,Diesel,121225,Yes,406055
BMW,2015-07-11,2957869,Poor,5,Diesel,73691,Yes,94276
Kia,2018-11-25,1907174,Good,5,Petrol,94914,No,164862
Hyundai,2019-09-05,1047197,Poor,3,Electric,171766,Yes,50000
Kia,2023-11-22,2008622,Average,5,Diesel,160060,Yes,205801
Audi,2020-06-21,1800866,Average,4,Petrol,191114,Yes,81640
Hyundai,2015-12-21,2408969,Average,2,Electric,52739,Yes,161867
Honda,2020-01-01,2055932,Average,2,Diesel,12077,No,303740
Toyota,2022-01-24,2898071,Excellent,5,Diesel,101373,No,521946
Ford,2022-10-26,1750211,Excellent,5,Diesel,84951,No,385730
Toyota,2020-10-02,1328332,Average,4,Diesel,55278,Yes,151814
Ford,2023-10-28,2880326,Excellent,3,Diesel,22284,No,1085972
Toyota,2016-06-27,588352,Good,5,Petrol,117904,Yes,50000
Ford,2015-04-10,1791594,Good,2,Hybrid,170830,Yes,66045
Toyota,2020-07-08,2725005,Average,2,Hybrid,101978,Yes,289145
Tata,2021-08-19,461760,Average,5,Diesel,161222,Yes,50000
Mahindra,2015-04-13,2547005,Average,2,Diesel,198587,No,61512
Kia,2016-03-12,2070015,Excellent,2,Electric,122839,Yes,155046
Honda,2022-12-09,1655575,Poor,2,Diesel,181668,Yes,109411
Audi,2024-01-21,2593568,Good,3,Hybrid,32427,No,869761
Kia,2017-05-01,683451,Good,1,Petrol,20051,No,78106
Toyota,2024-10-03,2128794,Average,3,Electric,44460,Yes,584544
Mahindra,2017-03-05,1588678,Poor,2,Petrol,17022,Yes,91788
Ford,2023-11-24,1730673,Excellent,4,Diesel,56609,No,546629
Ford,2023-11-04,339075,Excellent,5,Electric,145994,Yes,64477
Mahindra,2017-02-05,1306242,Poor,5,Hybrid,129473,No,50000
Tata,2018-02-04,657519,Excellent,1,Electric,151462,Yes,59203
Audi,2019-06-24,1016280,Average,1,Diesel,143397,Yes,71058
Mahindra,2022-04-18,1820885,Excellent,1,Diesel,114564,Yes,357561
BMW,2020-09-13,2216736,Good,5,Diesel,169925,Yes,157089
Honda,2017-07-12,1652149,Good,1,Petrol,13055,No,199835
Audi,2023-08-18,346960,Excellent,3,Hybrid,108996,Yes,83683
Tata,2020-10-15,1019437,Average,4,Hybrid,78325,Yes,113227
Honda,2015-06-18,496880,Excellent,5,Hybrid,178388,No,50000
BMW,2021-04-13,1720016,Good,4,Diesel,60923,No,290664
Tata,2016-11-21,2189222,Excellent,1,Hybrid,73821,No,258038
Mahindra,2017-02-03,2179078,Poor,2,Diesel,106115,No,101329
Ford,2020-03-29,1009909,Poor,2,Petrol,153622,Yes,50000
Honda,2016-04-16,2366048,Excellent,5,Electric,183252,Yes,99891
Maruti,2024-08-27,1245482,Good,5,Diesel,146958,No,219470
Honda,2024-08-29,813801,Excellent,2,Petrol,115400,No,230258
Honda,2023-08-16,2018561,Excellent,5,Hybrid,103546,Yes,444714
Honda,2022-03-13,1894258,Good,4,Diesel,25955,No,425764
Ford,2020-12-08,1310222,Good,1,Diesel,57808,No,249483
Toyota,2016-04-06,2785995,Excellent,4,Petrol,165853,Yes,117731
Ford,2019-07-11,1901340,Excellent,4,Hybrid,103237,Yes,228892
BMW,2019-08-31,1085282,Good,5,Diesel,39179,No,144741
Mahindra,2022-04-08,1688319,Poor,4,Hybrid,41262,Yes,208772
Tata,2022-09-28,1460331,Poor,2,Petrol,55722,No,200086
Audi,2019-01-16,2536637,Excellent,2,Petrol,98692,No,313895
Honda,2019-10-21,2792050,Poor,5,Hybrid,165002,Yes,113564
Toyota,2018-09-07,1096784,Excellent,5,Electric,144747,No,100967
Kia,2024-08-20,2621655,Average,4,Electric,12327,No,833922
Mahindra,2015-12-21,1309369,Good,2,Diesel,84479,No,93979
Tata,2019-11-23,1655227,Good,3,Hybrid,83646,No,228116
Toyota,2021-11-17,1309604,Poor,2,Diesel,150198,No,102468
Maruti,2021-03-16,456345,Average,3,Hybrid,24116,No,79408
Maruti,2023-02-12,1021353,Poor,1,Petrol,96265,Yes,117526
Maruti,2017-12-29,1645033,Excellent,1,Diesel,66261,No,224775
Ford,2015-03-13,2362850,Average,4,Electric,132232,Yes,84974
Audi,2018-05-26,1357758,Average,3,Diesel,43580,No,130433
Tata,2023-07-15,2659371,Poor,1,Hybrid,192263,Yes,197976
Honda,2023-08-09,956844,Poor,2,Electric,91475,No,156355
Hyundai,2024-09-14,1749689,Poor,2,Petrol,161239,No,187395
Tata,2024-01-05,814194,Poor,2,Hybrid,83529,Yes,125016
Honda,2016-03-11,487567,Poor,2,Diesel,47110,Yes,50000
Kia,2016-03-17,2043989,Average,4,Hybrid,156542,Yes,69753
Mahindra,2017-06-29,1921144,Average,1,Electric,60255,Yes,168761
Mahindra,2016-02-05,1667879,Excellent,4,Diesel,138086,No,98560
Honda,2021-03-18,1123610,Good,4,Hybrid,199864,No,83854
BMW,2019-06-11,2588037,Poor,2,Electric,137754,No,167237
Toyota,2021-01-05,2742951,Poor,2,Diesel,136554,Yes,183088
Kia,2017-07-14,2364108,Average,4,Hybrid,188328,No,86561
BMW,2015-07-14,1750261,Excellent,4,Diesel,24987,No,160278
Ford,2022-10-27,2558588,Poor,3,Electric,158784,No,236164
Audi,2019-10-21,1327123,Good,1,Diesel,21457,No,241704
Honda,2017-10-21,1790116,Good,2,Electric,142344,Yes,129191
Tata,2021-09-30,2992678,Good,5,Diesel,140159,Yes,308927
Hyundai,2022-01-12,2672776,Average,4,Diesel,151631,Yes,228004
Ford,2015-07-27,2152158,Good,5,Diesel,156707,Yes,72906
Tata,2017-06-20,2628352,Poor,4,Electric,88972,Yes,129041
Toyota,2019-03-16,2048155,Good,4,Petrol,98186,No,194492
Hyundai,2016-05-30,812090,Poor,5,Diesel,15555,No,50000
Honda,2018-01-18,946823,Poor,1,Diesel,120033,No,50250
Audi,2020-09-02,1683380,Excellent,1,Diesel,144669,No,236266
Kia,2016-02-11,1302993,Good,4,Petrol,131225,No,62592
Hyundai,2022-04-21,331657,Average,1,Petrol,128653,No,50000
Maruti,2024-09-27,1894526,Average,4,Diesel,161795,Yes,233834
Ford,2016-09-02,2721156,Average,3,Petrol,65575,No,168418
Maruti,2017-05-10,1548042,Poor,5,Petrol,186057,Yes,50000
Ford,2024-09-28,1979021,Average,1,Hybrid,148532,Yes,336092
Maruti,2017-02-24,2789968,Excellent,5,Electric,109005,Yes,221613
Kia,2020-03-01,850172,Good,3,Electric,120528,Yes,97129
BMW,2018-01-07,480085,Good,4,Petrol,43628,No,50000
Tata,2023-10-14,2589151,Average,2,Petrol,70055,Yes,474809
Toyota,2021-04-10,1288034,Good,2,Electric,137631,Yes,168297
Tata,2017-08-14,2376587,Excellent,4,Hybrid,87213,No,252172
Mahindra,2017-05-16,2085953,Poor,3,Diesel,114258,No,92124
Honda,2020-02-28,1922517,Good,2,Petrol,41377,No,305434
Mahindra,2016-12-01,2311555,Average,4,Hybrid,88979,No,144688
Tata,2024-11-23,1711327,Poor,1,Electric,104697,Yes,306159
Maruti,2022-04-28,2594621,Average,5,Hybrid,102626,No,344315
Hyundai,2019-02-04,1461363,Excellent,5,Diesel,143835,Yes,114882
Mahindra,2022-10-02,1207139,Good,3,Petrol,41288,No,277074
Maruti,2021-12-25,1038206,Average,1,Electric,89566,No,184609
Honda,2023-02-25,888732,Excellent,3,Electric,192207,No,132165
Mahindra,2015-08-19,459941,Good,5,Petrol,151398,Yes,50000
Audi,2023-12-22,954297,Good,2,Hybrid,10072,No,361171
Toyota,2021-03-05,1839638,Excellent,4,Diesel,148619,No,232147
BMW,2021-05-28,434705,Average,3,Electric,91490,No,62750
Audi,2023-08-24,2483157,Excellent,1,Petrol,82925,No,737250
BMW,2015-11-08,2564591,Excellent,5,Diesel,162862,No,116115
Ford,2023-02-09,1356622,Average,3,Hybrid,135882,Yes,172226
Kia,2020-08-25,2013772,Average,3,Petrol,51778,Yes,226827
Maruti,2023-01-22,860182,Excellent,4,Diesel,183064,Yes,102513
Toyota,2024-03-18,1935747,Poor,5,Petrol,50135,Yes,261147
BMW,2022-09-09,1409637,Good,5,Hybrid,48439,No,316348
Maruti,2022-04-24,1023723,Poor,4,Hybrid,66969,Yes,114828
Maruti,2024-02-08,1788221,Good,4,Hybrid,46085,No,541785
Maruti,2022-08-04,2471882,Excellent,4,Electric,139034,Yes,425889
Tata,2023-01-03,2399482,Poor,3,Petrol,136376,No,217832
Tata,2016-06-23,1482144,Poor,2,Hybrid,94842,Yes,63337
Ford,2021-04-02,1113773,Poor,1,Electric,129164,Yes,96361
Tata,2020-01-22,1442795,Excellent,4,Electric,139959,Yes,163719
Maruti,2017-06-12,849028,Good,3,Hybrid,188805,Yes,50000
Tata,2015-06-01,2962246,Average,3,Petrol,156273,No,91629
Hyundai,2018-10-02,1179213,Good,1,Hybrid,25155,No,190517
Honda,2019-06-13,2321261,Average,1,Hybrid,37554,No,320793
Tata,2016-11-03,1781118,Average,4,Hybrid,81943,Yes,102398
Kia,2023-06-08,1595524,Average,3,Electric,68710,Yes,319805
Toyota,2017-01-15,723806,Average,3,Hybrid,105940,Yes,50000
Kia,2015-07-03,2904460,Average,3,Hybrid,57632,No,175628
Mahindra,2021-08-26,1284948,Good,3,Hybrid,178446,Yes,119172
Audi,2016-08-30,2285044,Excellent,1,Hybrid,54695,No,281509
Hyundai,2018-08-17,1477967,Average,3,Petrol,32921,Yes,128898
Audi,2020-01-04,2337449,Poor,4,Petrol,6970,No,220417
Kia,2016-05-14,2691044,Average,4,Petrol,108787,Yes,109906
Audi,2015-02-28,1376658,Excellent,5,Diesel,155442,No,58703
Audi,2021-10-23,880197,Good,5,Electric,173288,Yes,82472
Mahindra,2019-03-06,1261852,Average,4,Petrol,174428,Yes,53442
Hyundai,2024-01-01,2161868,Good,1,Electric,26265,No,867838
Mahindra,2017-01-03,2115253,Excellent,4,Diesel,33241,No,238852
Honda,2018-10-17,447977,Poor,2,Electric,101804,Yes,50000
BMW,2017-09-22,2338021,Poor,1,Electric,147962,No,112725
Kia,2018-01-07,1872603,Average,1,Petrol,77846,Yes,136732
Mahindra,2023-04-06,2436230,Good,5,Diesel,26461,No,611700
Tata,2015-04-01,1118608,Poor,5,Hybrid,94768,Yes,50000
Tata,2023-12-13,2033851,Poor,3,Diesel,81901,No,307336
Honda,2017-09-11,2919316,Excellent,3,Electric,87937,No,351650
Kia,2022-01-29,2712686,Good,3,Petrol,126249,Yes,337304
BMW,2020-05-22,2413330,Average,1,Electric,135540,Yes,232932
Tata,2022-05-20,2009475,Average,3,Hybrid,29459,No,415255
Ford,2023-11-08,830803,Poor,4,Diesel,162473,No,73609
Maruti,2017-04-12,1360378,Poor,4,Diesel,37794,Yes,71007
Honda,2024-03-16,305556,Average,1,Petrol,96245,Yes,55974
Kia,2020-02-17,2703194,Good,3,Petrol,27195,No,427072
Toyota,2022-07-16,2095249,Excellent,1,Diesel,19157,No,720345
Maruti,2017-01-04,972655,Poor,1,Electric,56967,No,66738
Mahindra,2017-06-17,2320116,Good,5,Hybrid,37170,No,232411
Audi,2019-09-26,1462958,Good,3,Hybrid,92307,No,188613
BMW,2021-09-16,2872440,Excellent,2,Petrol,36502,No,717858
Kia,2017-07-11,672087,Poor,4,Hybrid,110343,Yes,50000
Maruti,2023-09-16,681833,Good,3,Diesel,59941,No,181747
Tata,2024-06-26,396257,Excellent,4,Hybrid,58620,No,145698
Kia,2021-03-16,2158289,Poor,4,Electric,115553,Yes,170074
Mahindra,2017-05-03,404241,Poor,3,Diesel,96408,Yes,50000
Ford,2021-07-17,1667304,Poor,3,Petrol,177440,Yes,80409
Audi,2016-12-10,2825102,Excellent,4,Petrol,24931,No,303752
Hyundai,2023-11-30,2379177,Excellent,5,Hybrid,122193,Yes,497338
Audi,2015-03-12,1838609,Excellent,3,Diesel,196192,Yes,57309
BMW,2015-03-08,552363,Excellent,2,Petrol,31652,No,50000
Tata,2017-05-26,2162889,Poor,1,Petrol,120443,Yes,86569
Mahindra,2018-05-28,950603,Poor,1,Electric,68738,Yes,70068
Tata,2016-06-27,1587698,Good,1,Petrol,114755,No,104678
Honda,2015-11-24,657113,Average,3,Diesel,7980,No,50000
Audi,2024-01-28,735927,Average,4,Petrol,13216,Yes,157877
Maruti,2019-10-31,300314,Average,3,Hybrid,93600,Yes,50000
Audi,2019-03-14,2442634,Excellent,1,Diesel,25085,No,477511
Hyundai,2022-03-11,2865387,Average,2,Petrol,95647,No,400421
Honda,2018-04-04,696112,Good,4,Electric,40144,No,88595
Kia,2015-04-07,1380292,Average,4,Petrol,42628,No,70460
Tata,2018-07-10,752000,Good,4,Electric,33438,No,102512
BMW,2021-01-26,2462717,Excellent,4,Petrol,182970,No,220476
Kia,2015-10-06,2757191,Good,3,Petrol,109447,No,149563
Honda,2015-12-16,2457828,Poor,3,Petrol,164764,No,58595
Hyundai,2016-07-25,2019300,Excellent,1,Diesel,140746,Yes,134102
Hyundai,2022-11-24,618367,Average,3,Diesel,181766,No,56926
Maruti,2016-05-19,1298155,Excellent,4,Hybrid,92250,No,109966
Tata,2019-08-15,2586639,Average,2,Electric,183226,No,165111
Mahindra,2023-10-08,401444,Good,2,Electric,110248,No,102182
Audi,2016-12-28,2653084,Good,5,Hybrid,116016,No,172399
Hyundai,2022-08-14,2504743,Excellent,1,Petrol,45306,No,738360
Audi,2024-09-20,808119,Average,4,Electric,103775,No,177776
Honda,2024-06-18,2128617,Excellent,1,Electric,61946,No,961421
Maruti,2022-11-12,1600488,Poor,2,Hybrid,94202,No,215411
Audi,2015-10-31,1665120,Poor,3,Hybrid,121273,No,58742
Honda,2018-06-12,2306404,Excellent,5,Electric,184970,Yes,136202
Audi,2017-02-16,316903,Average,1,Electric,137534,Yes,50000
Tata,2017-04-14,1508917,Excellent,2,Hybrid,178549,Yes,87060
BMW,2024-06-27,532703,Average,3,Hybrid,61017,No,136947
Kia,2023-12-28,1721232,Excellent,1,Diesel,151193,Yes,357301
Audi,2021-08-06,1466187,Good,2,Electric,126875,Yes,215284
Kia,2023-08-18,2158401,Poor,2,Petrol,55286,Yes,308012
Honda,2015-11-11,1413088,Excellent,4,Diesel,15556,No,141185
Hyundai,2015-12-22,1875669,Good,2,Electric,118824,No,128318
Kia,2017-11-29,650063,Poor,1,Hybrid,42848,No,51426
Ford,2024-10-16,2436679,Poor,3,Diesel,62635,Yes,413673
Tata,2016-06-25,830910,Average,1,Diesel,84864,No,54485
Tata,2022-11-16,2454735,Excellent,5,Electric,94496,No,591424
Tata,2023-11-26,1308327,Excellent,2,Electric,31769,No,577361
BMW,2021-07-12,2558230,Poor,1,Diesel,178087,Yes,145777
Honda,2023-08-06,2623780,Good,2,Hybrid,38037,No,843766
Toyota,2017-07-10,1924350,Average,5,Petrol,44779,No,132378
Toyota,2016-02-22,1793413,Poor,2,Hybrid,189797,Yes,50000
BMW,2023-12-24,929522,Excellent,2,Electric,57505,No,375491
Honda,2023-08-11,520848,Poor,4,Diesel,137775,No,52320
Hyundai,2019-03-07,2696041,Excellent,5,Petrol,29919,No,385408
Honda,2023-04-01,1180708,Excellent,3,Diesel,184109,Yes,152265
Ford,2019-11-22,988404,Excellent,2,Petrol,126404,Yes,108975
BMW,2023-08-10,621099,Excellent,4,Petrol,19062,No,201597
Kia,2023-08-03,2139359,Poor,3,Electric,158544,Yes,201660
Mahindra,2015-06-06,1849785,Average,4,Hybrid,35213,Yes,102628
Kia,2018-02-26,940252,Excellent,5,Petrol,63857,No,99494
Mahindra,2022-04-05,2776048,Good,5,Petrol,133944,Yes,301986
Ford,2021-02-02,2410263,Average,1,Hybrid,81363,Yes,326223
Hyundai,2018-04-22,2153259,Average,1,Hybrid,133229,Yes,141346
Hyundai,2022-08-12,2749002,Average,5,Diesel,146542,No,278757
Hyundai,2022-04-22,1216394,Excellent,5,Diesel,60433,No,274787
Mahindra,2017-01-06,1547179,Average,2,Petrol,175013,No,57001
Tata,2017-03-29,1453683,Average,5,Hybrid,33486,Yes,102594
Ford,2017-05-08,2882871,Good,5,Hybrid,175324,Yes,121112
Toyota,2019-10-04,317577,Average,2,Petrol,81615,No,50000
Hyundai,2021-10-15,497178,Excellent,2,Petrol,69311,No,110193
Mahindra,2022-10-16,1293043,Excellent,4,Electric,155551,Yes,206527
Audi,2023-12-15,2391778,Good,1,Diesel,35646,No,811972
Honda,2017-07-04,1373250,Good,2,Petrol,142625,No,86235
Toyota,2015-01-27,2387214,Excellent,5,Electric,17121,No,222563
Tata,2016-02-15,771329,Poor,1,Diesel,133928,Yes,50000
Toyota,2022-10-30,2085075,Poor,4,Electric,64125,Yes,273610
Mahindra,2016-01-15,2684882,Excellent,3,Hybrid,88289,No,232121
Kia,2016-02-03,1946347,Excellent,5,Hybrid,10961,No,205941
Maruti,2023-01-28,2364651,Poor,5,Diesel,81674,No,275851
Honda,2018-02-02,481995,Excellent,2,Diesel,64818,No,63941
Maruti,2018-11-15,1224127,Poor,5,Petrol,106666,Yes,53627
Hyundai,2017-07-23,1954873,Good,1,Diesel,186319,Yes,90774
Hyundai,2022-08-23,2868206,Average,3,Electric,34378,No,645020
Hyundai,2017-02-25,1734491,Excellent,1,Petrol,24717,No,227230
Mahindra,2020-08-15,1254756,Poor,4,Electric,106345,No,104909
Kia,2021-11-01,1599424,Good,4,Petrol,100385,No,230449
Toyota,2016-01-31,752345,Excellent,3,Diesel,53174,No,71601
Mahindra,2017-08-07,2789131,Excellent,3,Petrol,43064,No,330042
Audi,2018-11-29,2052449,Excellent,4,Hybrid,187162,No,142494
Honda,2016-04-06,1652094,Average,1,Hybrid,32312,No,138749
BMW,2023-01-22,2810678,Poor,1,Diesel,34817,Yes,446839
Mahindra,2017-07-10,1524012,Average,5,Diesel,50729,No,109708
BMW,2015-09-05,484975,Poor,4,Hybrid,33009,Yes,50000
Ford,2022-02-11,1407249,Excellent,5,Diesel,140679,No,204928
Hyundai,2019-04-01,1954952,Excellent,3,Petrol,63828,No,278004
Kia,2023-07-05,2805454,Average,4,Electric,84138,No,557391
Tata,2017-05-30,2447983,Good,1,Diesel,81824,No,236640
Maruti,2016-01-04,1680268,Good,1,Diesel,142679,No,93246
Audi,2017-04-01,1823196,Average,2,Petrol,139417,No,89628
Ford,2022-08-15,973420,Good,1,Diesel,114692,Yes,167841
Mahindra,2015-12-09,2308897,Good,1,Hybrid,190598,No,93950
Toyota,2024-05-10,1752083,Average,4,Hybrid,59309,Yes,377446
Kia,2019-05-15,1699168,Good,5,Hybrid,87415,No,187768
Hyundai,2019-03-25,1009647,Average,5,Petrol,16472,No,101825
Ford,2016-12-03,1371301,Poor,5,Petrol,8903,No,73198
Mahindra,2015-01-29,2597835,Average,2,Hybrid,133653,Yes,95594
BMW,2023-03-09,1891252,Poor,3,Petrol,27168,No,294694
Toyota,2015-07-08,1509092,Poor,1,Diesel,134766,No,50000
Tata,2020-02-24,307034,Excellent,1,Petrol,7706,No,69513
BMW,2023-01-30,843043,Poor,3,Hybrid,169711,Yes,63441
BMW,2024-01-23,2319926,Poor,1,Diesel,145417,Yes,253049
Toyota,2016-12-28,1528728,Average,3,Petrol,49036,No,106708
Ford,2020-02-10,589431,Poor,3,Petrol,138083,Yes,50000
Maruti,2019-03-29,324486,Excellent,1,Diesel,72911,No,52749
Ford,2017-09-04,1094873,Average,3,Hybrid,198858,Yes,50000
Tata,2021-07-24,1079833,Poor,2,Hybrid,180832,Yes,61275
Mahindra,2015-07-27,1545835,Poor,2,Petrol,130729,No,50000
Audi,2020-06-21,2609511,Poor,4,Electric,85222,No,236124
BMW,2019-03-16,1037938,Good,1,Diesel,152317,Yes,81823
Maruti,2022-12-20,1872903,Average,1,Hybrid,154089,Yes,229606
Hyundai,2017-10-25,2314872,Good,5,Hybrid,187531,Yes,94626
Honda,2023-07-26,1448363,Good,2,Hybrid,112418,Yes,298702
Mahindra,2018-01-07,2635596,Poor,3,Electric,14499,No,225237
Tata,2016-09-12,2839210,Excellent,1,Hybrid,98405,No,289123
BMW,2019-12-14,1173629,Excellent,4,Hybrid,23598,No,236387
Hyundai,2019-06-25,1333181,Excellent,5,Petrol,168871,Yes,87458
Hyundai,2021-06-06,1961585,Average,4,Diesel,8325,Yes,298265
Tata,2015-01-12,1363417,Average,2,Electric,71214,Yes,72761
Kia,2019-03-16,849432,Average,4,Diesel,35866,No,90488
BMW,2023-12-23,2605815,Excellent,5,Petrol,148483,No,455925
BMW,2022-07-26,2006957,Good,5,Electric,146867,No,285528
Toyota,2015-07-21,2415094,Poor,5,Electric,117615,Yes,70621
Kia,2023-02-13,2086554,Excellent,1,Hybrid,171853,Yes,345339
Toyota,2018-12-31,377567,Poor,1,Diesel,103973,Yes,50000
Toyota,2021-09-27,368593,Good,1,Electric,119432,Yes,60811
Maruti,2018-11-12,1641063,Average,2,Diesel,48089,No,176335
Hyundai,2021-04-20,2567145,Poor,2,Hybrid,142493,Yes,184566
Hyundai,2016-11-18,1249084,Good,5,Diesel,43688,No,104136
Ford,2017-04-24,1447895,Good,2,Petrol,150542,Yes,75295
Honda,2016-01-24,1845446,Excellent,3,Electric,145929,No,123861
Hyundai,2020-10-17,495528,Poor,5,Diesel,177589,No,50000
Toyota,2016-05-21,1179814,Excellent,1,Hybrid,23989,No,156351
Honda,2017-01-29,1647490,Average,3,Hybrid,99497,No,106507
Hyundai,2023-05-20,1457303,Excellent,3,Hybrid,63357,No,464852
Ford,2019-02-20,764548,Good,3,Diesel,179686,No,50000
Tata,2019-04-22,2328576,Poor,4,Electric,15976,No,230494
Honda,2022-09-10,1642496,Good,4,Petrol,35650,No,360270
Audi,2021-07-05,737492,Average,1,Electric,189859,No,63548
Honda,2017-04-21,1727219,Good,2,Hybrid,115372,Yes,126640
Honda,2015-01-27,2213553,Good,4,Petrol,42951,No,136739
Ford,2023-07-13,2743545,Poor,5,Hybrid,18512,Yes,426526
Ford,2023-05-08,1144639,Excellent,1,Petrol,81038,No,326703
BMW,2024-11-17,1329415,Good,5,Petrol,156491,No,212647
Tata,2024-07-10,1207862,Excellent,1,Hybrid,66496,No,508601
Hyundai,2024-08-01,2039648,Average,5,Petrol,182198,Yes,183771
Honda,2024-12-04,2043046,Average,1,Hybrid,65707,Yes,552943
BMW,2021-08-07,2011313,Average,4,Electric,112515,Yes,229028
Mahindra,2023-04-11,2629147,Average,3,Petrol,11541,Yes,527458
Audi,2017-05-04,2990149,Good,5,Diesel,38478,No,273991
Audi,2020-08-06,2554033,Poor,2,Petrol,22152,No,280869
Kia,2021-11-20,1030643,Average,4,Diesel,199143,Yes,58371
Ford,2015-04-10,2561421,Excellent,1,Petrol,85034,No,192982
Toyota,2024-01-14,2028589,Average,4,Hybrid,6861,Yes,505223
Ford,2020-09-25,736464,Poor,4,Electric,191206,No,50000
Audi,2022-12-13,678663,Poor,4,Hybrid,59593,No,96798
Tata,2022-09-11,1207822,Good,5,Diesel,105835,Yes,176680
Tata,2019-08-04,1493731,Poor,1,Diesel,186542,No,64218
Ford,2017-06-06,2512693,Good,2,Petrol,9471,No,287684
Tata,2016-06-01,2984344,Poor,4,Electric,157402,Yes,83447
Ford,2024-09-29,2843187,Poor,3,Petrol,98604,Yes,379357
BMW,2023-06-13,507725,Good,2,Petrol,168490,No,70017
Tata,2015-02-04,1472758,Good,1,Hybrid,66639,No,111446
Kia,2016-11-26,1645606,Poor,3,Diesel,41970,No,93559
Honda,2017-09-25,2477374,Good,1,Hybrid,169842,No,160613
Ford,2024-01-02,535276,Average,4,Diesel,127445,No,81307
BMW,2023-08-21,1810785,Excellent,3,Hybrid,77691,No,565561
Kia,2024-09-28,911969,Poor,3,Electric,182030,Yes,86511
Tata,2021-06-16,2749398,Excellent,5,Electric,107860,No,491770
Ford,2023-07-01,2166147,Excellent,3,Hybrid,147720,Yes,407724
Audi,2024-12-02,1326783,Excellent,3,Hybrid,17929,No,647896
Tata,2020-01-25,2244135,Good,1,Electric,12833,No,498409
Toyota,2018-09-05,2201979,Poor,3,Diesel,13044,Yes,167212
Mahindra,2016-05-09,2710092,Poor,2,Electric,159391,Yes,82661
Ford,2023-11-06,1444025,Poor,3,Electric,69174,Yes,231710
BMW,2020-12-08,2769094,Poor,1,Diesel,36124,Yes,310219
Tata,2021-11-07,654041,Excellent,5,Diesel,5179,No,168872
Honda,2020-08-17,443592,Average,5,Diesel,193546,No,50000
Tata,2015-12-26,1113261,Good,4,Diesel,89386,No,70021
BMW,2016-03-05,2468014,Good,2,Electric,75033,No,216675
Tata,2024-12-25,1712389,Good,5,Diesel,33138,No,555036
Tata,2023-08-03,867678,Excellent,4,Diesel,138500,Yes,155631
Honda,2019-11-07,2232360,Average,4,Hybrid,72921,Yes,218016
Tata,2017-02-13,1216480,Average,5,Diesel,119756,Yes,53378
Toyota,2017-06-17,2389072,Average,3,Electric,61195,No,207929
Maruti,2015-12-18,894325,Excellent,5,Petrol,161343,No,50000
Audi,2021-12-09,819187,Poor,1,Diesel,46785,Yes,103652
Maruti,2020-06-15,438646,Good,2,Petrol,168334,No,50000
BMW,2021-05-03,2110986,Excellent,5,Diesel,156298,No,244337
Tata,2022-09-21,2790904,Average,5,Electric,105958,Yes,371567
Mahindra,2023-01-01,1792708,Poor,4,Petrol,176003,No,116377
Honda,2017-05-14,2619699,Average,5,Hybrid,135523,No,129403
BMW,2020-12-26,1317206,Good,2,Petrol,75284,No,208001
Audi,2017-09-26,600283,Poor,2,Electric,167597,No,50000
Tata,2024-01-31,2780327,Good,4,Hybrid,6480,No,970295
Kia,2016-04-28,1485103,Excellent,2,Hybrid,54208,No,164801
Tata,2024-11-18,1502364,Poor,5,Diesel,184884,No,123976
Toyota,2020-05-17,343155,Good,5,Diesel,20555,No,55051
BMW,2018-11-19,551659,Good,2,Electric,149301,Yes,50000
Toyota,2023-08-14,1460997,Poor,5,Diesel,67741,No,198021
Tata,2017-08-20,2027634,Excellent,3,Petrol,14401,No,268248
Toyota,2024-07-13,329363,Good,4,Hybrid,155575,No,60841
Tata,2015-08-29,1893303,Good,4,Electric,54123,No,149427
Tata,2016-01-20,614087,Average,4,Petrol,175028,Yes,50000
Audi,2018-11-10,1820780,Average,3,Hybrid,48361,No,197316
Audi,2024-10-17,637748,Excellent,1,Diesel,150206,Yes,151903
Hyundai,2024-12-14,374670,Poor,5,Electric,84339,Yes,59769
Tata,2019-11-12,1863558,Average,5,Electric,90405,No,187066
Toyota,2021-04-02,1700253,Excellent,1,Hybrid,66749,No,420070
Mahindra,2016-05-25,1704674,Poor,3,Diesel,45521,No,88026
BMW,2019-09-11,2434591,Excellent,3,Diesel,144310,No,262940
Ford,2019-11-26,934332,Good,2,Petrol,38289,No,144054
Tata,2021-01-29,2257873,Poor,5,Hybrid,199161,Yes,84417
Audi,2021-02-14,1032923,Excellent,4,Hybrid,7428,No,266450
Ford,2024-04-26,308379,Good,5,Diesel,114870,Yes,56007
Toyota,2020-08-26,2513678,Poor,4,Hybrid,133533,Yes,153782
Kia,2017-06-27,791174,Excellent,1,Diesel,128139,Yes,65881
Maruti,2018-06-12,841767,Poor,1,Diesel,128245,Yes,50000
Toyota,2019-06-13,2489033,Excellent,1,Diesel,79839,No,405784
Mahindra,2023-04-02,972201,Average,2,Hybrid,170372,Yes,105311
Hyundai,2021-08-20,921450,Average,5,Electric,184248,Yes,61323
BMW,2015-09-22,2505584,Good,5,Hybrid,97318,No,145948
Audi,2016-07-31,1070771,Average,4,Electric,8606,Yes,83785
Tata,2020-11-03,1262286,Poor,1,Petrol,7804,No,159878
Toyota,2022-04-22,2543545,Good,5,Diesel,126087,Yes,312844
Hyundai,2021-05-25,1128260,Excellent,2,Hybrid,177552,No,142337
Honda,2024-06-17,1633908,Poor,2,Hybrid,108755,Yes,238436
BMW,2015-06-24,1954473,Excellent,3,Hybrid,26580,No,199188
Maruti,2022-03-04,1085751,Good,1,Petrol,190186,No,106948
Honda,2021-11-19,2284878,Poor,4,Diesel,56330,No,260423
Ford,2016-04-12,2976019,Average,2,Diesel,75637,Yes,168365
Tata,2022-04-12,1762388,Good,2,Electric,164776,No,250915
Ford,2024-12-17,2067164,Poor,5,Diesel,156125,No,215971
Kia,2021-03-20,1610744,Poor,2,Diesel,131155,Yes,114787
BMW,2016-05-25,327648,Poor,1,Diesel,71783,Yes,50000
Mahindra,2018-04-23,1403698,Poor,3,Hybrid,65466,No,97230
Audi,2021-08-04,2691041,Poor,5,Electric,99825,No,256261
Toyota,2015-03-18,459650,Good,3,Petrol,18803,No,50000
Kia,2019-06-28,1098006,Excellent,3,Diesel,172519,No,93911
Kia,2018-05-21,754871,Excellent,3,Diesel,142476,No,66674
Audi,2015-11-05,2328489,Excellent,4,Petrol,72888,No,172908
Maruti,2023-05-18,710162,Good,4,Electric,134774,No,132143
Hyundai,2021-08-01,1101655,Excellent,2,Petrol,24951,No,281559
Maruti,2016-03-25,2298451,Average,4,Petrol,123139,Yes,84915
Toyota,2024-06-15,2023592,Poor,3,Diesel,170894,No,196555
Toyota,2023-08-01,1497721,Average,1,Petrol,102573,No,266870
Tata,2022-03-08,707388,Average,5,Hybrid,109494,No,88572
Tata,2020-06-19,892282,Excellent,5,Hybrid,64980,No,156381
Hyundai,2017-11-22,1900275,Excellent,2,Diesel,148104,Yes,141911
Hyundai,2022-12-12,2675041,Excellent,2,Petrol,50570,No,773916
Hyundai,2016-05-30,2312604,Excellent,3,Hybrid,196078,No,104268
Audi,2020-11-08,2592563,Poor,3,Diesel,103038,No,213915
Maruti,2017-08-27,2904007,Good,3,Petrol,177358,Yes,124120
Honda,2022-08-07,2500958,Average,2,Diesel,56182,No,477419
Kia,2015-01-10,1384338,Good,1,Diesel,170360,Yes,50000
Kia,2019-08-18,645709,Poor,1,Diesel,64631,Yes,52153
Toyota,2016-12-25,2143756,Excellent,1,Petrol,49892,No,248215
Ford,2021-04-15,1059855,Poor,4,Petrol,128822,Yes,64689
Honda,2024-08-13,2970752,Good,1,Hybrid,37264,No,1190817
Mahindra,2018-10-02,1355686,Average,3,Petrol,31244,Yes,121438
Maruti,2018-07-13,2940093,Excellent,3,Hybrid,97646,No,364324
Mahindra,2015-06-12,1137551,Average,4,Diesel,24563,No,68569
Tata,2023-09-30,668196,Excellent,4,Petrol,73526,No,178853
Ford,2017-06-24,2009801,Good,1,Petrol,66766,No,196015
Ford,2023-08-14,542281,Good,4,Electric,85637,No,136144
Tata,2017-12-10,2513885,Poor,3,Electric,114617,Yes,123992
BMW,2017-09-19,2808779,Good,4,Diesel,103219,Yes,196921
Toyota,2020-10-25,1358826,Good,2,Electric,174522,No,141527
Ford,2021-04-02,1785190,Excellent,4,Diesel,114074,No,280156
Ford,2017-07-28,1693951,Average,3,Petrol,124120,No,91068
Hyundai,2017-08-12,632504,Good,1,Diesel,85330,No,62175
Honda,2023-04-05,2555407,Average,5,Diesel,195856,No,195340
BMW,2015-04-28,2909118,Average,5,Hybrid,94995,No,128429
Tata,2016-06-19,2459414,Good,4,Hybrid,66642,No,197725
Honda,2024-06-11,798061,Excellent,2,Petrol,62784,No,280136
Kia,2022-04-15,1640716,Poor,1,Electric,101429,Yes,195240
Kia,2017-11-25,1491213,Good,3,Diesel,173777,Yes,73156
Honda,2024-09-21,2427947,Poor,2,Petrol,40414,No,487982
Ford,2016-12-15,437945,Excellent,3,Petrol,168875,Yes,50000
BMW,2017-05-27,316171,Excellent,4,Petrol,134518,Yes,50000
Toyota,2019-10-09,2782840,Average,2,Diesel,195557,Yes,129295
BMW,2021-09-20,1034071,Good,3,Electric,184599,Yes,97823
Maruti,2016-09-14,2152632,Good,1,Electric,57742,No,233447
Audi,2015-07-03,1166135,Good,4,Petrol,27809,No,81803
Maruti,2021-09-18,2879434,Poor,3,Diesel,37986,Yes,327132
Kia,2022-05-27,2721729,Excellent,5,Petrol,57747,No,589405
Kia,2018-10-04,669127,Poor,4,Petrol,77875,No,50000
Ford,2019-12-19,1504450,Good,2,Diesel,41556,No,247946
Kia,2019-03-12,2444467,Average,1,Hybrid,86402,Yes,237411
Tata,2015-11-24,2411813,Poor,5,Diesel,61233,Yes,86166
Audi,2021-09-04,2525618,Good,3,Diesel,25442,No,553340
Hyundai,2022-07-01,2278620,Excellent,3,Diesel,82428,No,542573
BMW,2023-09-26,795380,Poor,2,Hybrid,33371,No,159790
Tata,2021-02-09,2156449,Average,2,Electric,120697,Yes,242359
Kia,2021-12-18,2273941,Average,4,Petrol,11238,No,387183
Kia,2023-10-18,1169044,Good,2,Diesel,49613,No,348004
Honda,2018-06-16,2000922,Poor,3,Petrol,76136,Yes,106715
Tata,2015-05-26,1576287,Excellent,2,Petrol,37201,No,140781
BMW,2023-11-19,1587284,Average,5,Electric,134233,Yes,218041
Toyota,2018-08-03,489786,Excellent,1,Petrol,157308,Yes,50000
Honda,2019-04-04,1923793,Poor,4,Electric,142918,No,104476
Kia,2018-01-27,1742667,Average,5,Petrol,199603,No,51572
Mahindra,2017-04-24,889598,Excellent,3,Hybrid,187139,Yes,50000
Maruti,2023-05-25,1385629,Good,2,Hybrid,42465,No,424054
Kia,2015-05-23,560487,Poor,4,Diesel,56861,No,50000
BMW,2015-03-12,2223067,Excellent,4,Hybrid,111058,No,141172
Tata,2018-10-13,2094829,Good,2,Electric,36061,No,329675
Audi,2016-12-13,2984744,Excellent,1,Electric,140485,No,266216
Hyundai,2024-02-29,2968363,Poor,1,Electric,182908,No,313966
Mahindra,2024-12-01,1955224,Excellent,5,Diesel,192507,Yes,272767
Kia,2020-11-16,2724626,Excellent,5,Electric,186497,Yes,235759
Tata,2020-12-07,2940937,Good,4,Hybrid,74261,No,473025
Toyota,2022-02-13,1460142,Excellent,4,Diesel,116782,Yes,234034
Hyundai,2020-09-05,1295847,Average,1,Hybrid,133204,No,139065
Toyota,2022-07-27,1888377,Poor,5,Petrol,112048,Yes,146704
Audi,2017-07-27,2997370,Good,4,Petrol,85745,No,231641
Toyota,2020-08-12,2315459,Excellent,4,Diesel,21125,No,491322
BMW,2021-10-17,2587557,Excellent,5,Diesel,175239,Yes,252084
Kia,2019-02-26,384969,Excellent,1,Hybrid,69863,No,66722
Tata,2016-07-16,1403868,Average,4,Petrol,98683,No,68981
Toyota,2016-12-23,1100279,Average,4,Hybrid,156124,No,50000
Hyundai,2020-02-11,903667,Excellent,5,Hybrid,162343,Yes,78828
Toyota,2019-08-16,1452151,Average,5,Electric,77297,Yes,134040
Audi,2015-03-23,896842,Poor,4,Diesel,40146,Yes,50000
Hyundai,2024-10-05,1504627,Poor,2,Diesel,51613,Yes,280772
Ford,2017-11-30,614539,Good,4,Hybrid,7578,No,78353
Ford,2018-11-20,684705,Good,2,Diesel,11015,No,105877
Mahindra,2022-04-20,1216731,Good,5,Diesel,164466,Yes,116523
Toyota,2024-11-20,1378704,Poor,4,Electric,129006,Yes,183314
Honda,2024-01-02,2181811,Excellent,4,Electric,50356,No,815100
Kia,2023-09-04,1303851,Good,2,Diesel,52842,No,375696
Mahindra,2023-05-29,301285,Average,5,Diesel,92536,No,50000
Toyota,2023-12-12,2851080,Excellent,3,Hybrid,102978,No,829909
Maruti,2015-01-03,1236209,Good,3,Hybrid,126192,Yes,55637
Mahindra,2020-06-03,2995780,Average,1,Electric,46514,Yes,448061
BMW,2015-12-22,792352,Excellent,4,Diesel,80709,No,62157
Hyundai,2020-11-12,333568,Excellent,2,Petrol,77609,No,61341
Maruti,2021-12-31,644149,Average,4,Electric,68722,No,107288
Hyundai,2021-02-09,1023260,Average,1,Petrol,92764,No,128025
Audi,2021-06-04,2447148,Excellent,1,Electric,68498,No,655709
Mahindra,2015-06-16,372462,Poor,2,Hybrid,69767,No,50000
Toyota,2024-07-28,2390035,Poor,2,Electric,165756,No,294352
Audi,2017-09-10,2424746,Excellent,2,Electric,16512,No,411959
Hyundai,2015-06-27,1794643,Excellent,2,Electric,83499,No,162642
Tata,2022-08-07,500259,Good,4,Petrol,115146,No,75577
Maruti,2024-02-17,722482,Average,5,Hybrid,169719,Yes,76413
BMW,2018-11-15,1884363,Excellent,1,Electric,140016,Yes,207375
BMW,2024-10-04,1778391,Excellent,1,Electric,191212,Yes,346637
BMW,2016-09-05,1171738,Good,2,Diesel,121403,No,78211
BMW,2020-08-11,1197671,Excellent,1,Electric,27224,No,331290
Tata,2021-04-14,640920,Average,2,Hybrid,5985,Yes,114381
Tata,2022-07-28,2987480,Poor,4,Electric,128319,Yes,273639
Tata,2021-09-29,1286911,Poor,5,Diesel,101629,No,109862
Audi,2019-02-16,2019990,Average,5,Diesel,139349,Yes,109489
BMW,2015-07-27,859524,Average,5,Diesel,36789,Yes,50000
Honda,2023-01-05,2956917,Poor,3,Electric,46869,No,504719
Kia,2018-08-29,1007323,Poor,3,Petrol,171378,No,50000
Mahindra,2023-02-27,1205119,Excellent,4,Petrol,122387,Yes,206893
Kia,2019-10-12,1998333,Average,5,Diesel,43041,No,214019
Audi,2020-02-10,1495173,Good,3,Diesel,109284,No,176384
Honda,2023-12-27,1533571,Average,5,Hybrid,178099,No,164768
Hyundai,2022-03-08,309660,Poor,3,Hybrid,71759,No,50000
Tata,2017-03-27,1080235,Poor,5,Hybrid,183649,Yes,50000
Kia,2021-01-14,2655104,Excellent,4,Hybrid,152648,No,340219
Mahindra,2017-03-24,616480,Average,4,Hybrid,40298,No,50000
Hyundai,2018-03-04,1871395,Excellent,2,Hybrid,185449,Yes,117644
Audi,2019-06-18,985153,Poor,1,Electric,151652,Yes,55315
Toyota,2022-06-04,521275,Excellent,5,Petrol,51835,No,116052
Kia,2018-04-13,1901745,Average,4,Petrol,96644,Yes,112762
Kia,2016-12-03,956653,Average,3,Diesel,39410,Yes,66121
Honda,2023-09-27,760920,Poor,5,Hybrid,82041,No,105278
Hyundai,2023-09-13,1245113,Good,1,Diesel,156404,Yes,198264
Maruti,2020-03-12,653076,Good,2,Diesel,121206,Yes,69569
Mahindra,2019-01-29,2318724,Average,3,Petrol,32841,Yes,217704
Maruti,2024-08-24,2747066,Good,3,Petrol,131727,Yes,502299
Tata,2021-05-04,1237059,Excellent,2,Hybrid,114658,Yes,210621
Honda,2017-10-06,2588894,Good,4,Petrol,25548,No,264517
Maruti,2018-12-28,2789673,Average,4,Petrol,181450,Yes,108216
Ford,2016-03-18,2603303,Good,4,Hybrid,157732,Yes,110178
Kia,2016-05-16,1949828,Poor,2,Diesel,131496,No,70091
Toyota,2022-10-18,436339,Poor,1,Petrol,143538,No,50000
Audi,2020-10-07,1894115,Good,3,Petrol,90506,No,254921
Mahindra,2017-04-26,1517354,Excellent,1,Diesel,66298,No,185707
Mahindra,2016-06-29,672412,Excellent,3,Petrol,117877,No,50000
Honda,2016-08-13,2606268,Excellent,1,Electric,126891,Yes,215038
Maruti,2019-11-22,2295871,Good,1,Electric,14484,No,492725
Audi,2020-05-15,2271527,Good,2,Diesel,185270,Yes,159760
Tata,2015-09-06,1638660,Good,2,Diesel,15712,No,147990
Audi,2022-08-31,1262143,Average,3,Hybrid,97779,No,204104
Ford,2020-10-01,485501,Excellent,5,Diesel,166817,Yes,50000
BMW,2019-08-24,540008,Poor,3,Petrol,180324,Yes,50000
Hyundai,2020-01-29,1916143,Average,3,Petrol,154550,Yes,115231
Audi,2022-05-01,2163561,Average,2,Electric,167541,No,243436
Maruti,2017-10-27,2977788,Average,1,Petrol,122843,No,186577
Kia,2023-01-25,1766819,Average,3,Electric,97541,No,324489
Audi,2017-06-19,2262313,Average,1,Diesel,143417,Yes,114017
Maruti,2016-09-02,1582687,Poor,4,Diesel,121674,Yes,50896
Honda,2016-11-04,1779417,Average,4,Electric,199284,Yes,50226
Ford,2020-04-03,1628164,Average,2,Petrol,75913,No,182118
Tata,2019-07-26,604014,Average,3,Petrol,9637,Yes,66720
Mahindra,2020-01-29,619913,Excellent,5,Electric,23721,No,127387
Tata,2018-01-19,2340910,Average,5,Electric,46450,Yes,190524
Maruti,2022-06-07,2189611,Good,2,Diesel,58955,No,502698
Ford,2023-08-21,1556695,Good,1,Diesel,17826,No,535702
Kia,2020-02-20,1709801,Good,5,Diesel,191362,No,102586
Kia,2022-05-23,2857076,Average,1,Petrol,155750,No,306466
Kia,2019-07-08,1498396,Poor,2,Hybrid,49063,Yes,128385
Toyota,2024-01-04,813164,Excellent,5,Diesel,63499,No,239212
Hyundai,2015-06-14,1649276,Excellent,1,Petrol,108123,Yes,102753
Kia,2019-07-14,2687063,Poor,4,Diesel,167418,No,113676
Mahindra,2015-07-02,2819771,Good,5,Hybrid,73502,No,176968
BMW,2020-11-01,1063493,Excellent,1,Electric,136983,Yes,164108
Hyundai,2021-05-02,2473931,Average,3,Electric,44129,No,433187
Honda,2019-03-21,2071805,Average,5,Diesel,165295,No,106172
Hyundai,2016-01-30,305416,Poor,5,Hybrid,33253,Yes,50000
Honda,2018-12-28,2427894,Poor,2,Petrol,136644,No,120872
Audi,2023-06-09,2343970,Poor,4,Electric,51222,No,397904
Maruti,2024-11-22,2882292,Poor,3,Diesel,127185,No,402415
Maruti,2019-01-26,1935094,Excellent,3,Electric,43946,No,351943
Kia,2020-03-14,848229,Poor,4,Diesel,158425,No,50000
Hyundai,2017-08-30,2165631,Poor,5,Hybrid,96662,Yes,93665
Maruti,2017-04-08,1243361,Good,4,Petrol,45374,No,108736
Hyundai,2020-03-01,1050579,Good,2,Diesel,160030,Yes,87183
BMW,2017-05-16,2685694,Excellent,2,Diesel,94940,No,276444
BMW,2019-05-21,1497728,Poor,3,Electric,10366,Yes,145939
Audi,2018-01-07,926586,Excellent,5,Petrol,10457,No,117573
Maruti,2017-06-19,950097,Poor,3,Hybrid,37144,Yes,57875
Toyota,2015-04-11,994377,Poor,5,Hybrid,136839,No,50000
Kia,2021-01-27,694871,Good,3,Hybrid,131437,Yes,81355
Maruti,2018-01-30,1858848,Good,4,Diesel,80426,No,171432
Mahindra,2020-02-06,690403,Average,5,Electric,33484,Yes,82408
Ford,2019-11-30,2840919,Excellent,2,Petrol,63354,No,476119
Hyundai,2019-11-07,1198727,Poor,1,Diesel,14921,No,135084
Hyundai,2021-06-29,1773358,Good,4,Electric,34811,No,389870
Honda,2021-04-02,2033677,Average,1,Diesel,110574,Yes,229524
Hyundai,2016-06-02,2141100,Average,3,Hybrid,176066,Yes,69167
Mahindra,2017-04-19,2766144,Average,3,Electric,161974,Yes,121986
Mahindra,2016-08-09,1281201,Excellent,1,Electric,63135,No,160427
Hyundai,2023-06-10,1788777,Poor,5,Petrol,157045,Yes,121774
Kia,2019-07-27,596981,Average,3,Hybrid,149243,No,50000
Ford,2016-01-23,2260094,Good,2,Petrol,181198,Yes,76224
Ford,2019-10-01,1546067,Good,2,Electric,73490,No,244349
BMW,2022-01-11,2053067,Good,5,Diesel,33275,No,411386
Toyota,2020-05-24,2312272,Average,4,Petrol,94196,No,217414
Hyundai,2017-04-05,1394805,Good,3,Diesel,33326,No,144735
Ford,2018-12-22,2179839,Excellent,2,Diesel,39302,No,370131
Honda,2018-01-19,1563437,Poor,1,Petrol,131512,Yes,65283
Audi,2017-09-01,2412706,Excellent,5,Hybrid,14831,No,325504
Toyota,2021-06-17,2426156,Excellent,3,Petrol,147604,Yes,287122
Kia,2016-11-11,820202,Average,5,Petrol,77799,No,50000
BMW,2022-04-09,1607705,Poor,3,Hybrid,147113,Yes,124437
BMW,2021-01-05,499863,Good,2,Petrol,65619,No,82696
Toyota,2017-02-09,2489143,Excellent,1,Hybrid,123373,Yes,213678
Maruti,2016-06-03,2109656,Average,2,Diesel,88926,Yes,114912
Kia,2022-09-22,733582,Good,2,Hybrid,80583,No,171506
Maruti,2015-07-30,2879629,Average,2,Hybrid,142159,Yes,109032
Hyundai,2017-11-06,1749430,Average,5,Electric,57507,Yes,131761
Kia,2020-12-23,2834713,Poor,2,Electric,28358,Yes,354339
Hyundai,2024-03-24,1425290,Poor,2,Diesel,189176,Yes,108799
Honda,2023-04-07,453424,Poor,1,Diesel,111984,No,58715
Tata,2021-01-30,375324,Average,2,Electric,39679,Yes,60969
Honda,2019-05-18,2929282,Poor,1,Petrol,86664,Yes,192119
Tata,2020-10-05,2806974,Good,2,Petrol,106863,Yes,330573
Mahindra,2017-01-05,2838998,Poor,1,Diesel,85748,No,151591
Audi,2017-11-29,1414390,Good,3,Electric,9509,No,201447
Maruti,2016-03-07,917536,Poor,1,Electric,31770,Yes,54642
Kia,2023-06-28,1103369,Poor,3,Electric,139469,No,129060
Audi,2018-08-09,1647694,Excellent,1,Diesel,175257,Yes,119426
Tata,2017-03-01,1814864,Poor,3,Petrol,56019,No,94994
BMW,2015-04-18,2465731,Good,4,Electric,100650,Yes,133837
Tata,2016-05-03,1582483,Poor,1,Petrol,21666,Yes,82605
Tata,2022-01-07,2707355,Good,1,Diesel,9370,No,737573
Maruti,2024-08-17,1814705,Good,3,Petrol,33880,No,581255
Maruti,2019-11-01,1530452,Excellent,2,Hybrid,162258,No,168433
Honda,2020-06-25,1484187,Average,5,Electric,180775,Yes,84347
Kia,2020-08-20,2964777,Average,4,Petrol,142702,Yes,199420
Honda,2018-04-14,620662,Average,5,Electric,141008,Yes,50000
Honda,2020-11-11,2415170,Average,2,Diesel,127364,Yes,221539
Toyota,2016-09-08,1326870,Average,3,Electric,45519,Yes,97687
Ford,2022-03-19,1883194,Good,2,Diesel,185439,Yes,178462
Hyundai,2022-07-20,313776,Excellent,3,Hybrid,131575,Yes,55995
Audi,2024-08-29,1388206,Excellent,2,Diesel,179547,No,274600
Tata,2017-12-05,1923684,Poor,3,Hybrid,18735,No,150207
BMW,2020-07-21,377086,Excellent,1,Electric,72059,No,86350
Maruti,2023-07-02,1588281,Poor,2,Petrol,46284,Yes,230125
Honda,2021-10-09,384102,Average,5,Diesel,115000,Yes,50000
Audi,2017-10-21,2055946,Average,5,Electric,25870,Yes,173807
Tata,2019-10-02,383079,Average,1,Diesel,193648,Yes,50000
Ford,2019-06-19,1382213,Excellent,4,Petrol,120147,No,146430
Toyota,2024-10-22,1110520,Excellent,4,Electric,167149,Yes,226494
Tata,2023-08-17,557881,Excellent,2,Petrol,105579,Yes,126444
Toyota,2018-02-01,1459489,Poor,1,Hybrid,168059,No,60953
Honda,2022-01-10,2676238,Average,2,Petrol,31225,Yes,431028
Toyota,2022-04-25,993270,Excellent,2,Hybrid,137933,Yes,173277
Toyota,2020-11-09,2185304,Excellent,1,Electric,47764,No,581818
Tata,2022-09-30,1825063,Average,5,Electric,8473,Yes,366516
Kia,2020-01-15,2435012,Good,5,Hybrid,9281,No,410397
Tata,2020-03-20,1177925,Good,5,Diesel,6457,No,193446
Kia,2019-06-24,2627610,Good,3,Diesel,178327,Yes,160586
Mahindra,2016-11-11,2958295,Poor,5,Diesel,59652,No,138331
Audi,2021-11-18,424645,Excellent,4,Diesel,185777,No,50000
Maruti,2023-12-25,1903842,Average,5,Petrol,148710,No,221935
Tata,2024-08-01,2145758,Excellent,3,Electric,177969,Yes,410378
Maruti,2019-07-24,2600638,Poor,4,Hybrid,92880,Yes,165735
Toyota,2017-12-11,837888,Average,1,Petrol,126782,Yes,50000
Honda,2019-05-02,2028196,Excellent,2,Electric,94571,No,326028
Maruti,2022-02-10,1437039,Good,2,Petrol,36435,No,319603
BMW,2018-10-24,463306,Good,3,Electric,190996,No,50000
Ford,2024-11-29,1001692,Poor,4,Hybrid,43614,No,209672
Toyota,2018-09-06,1473904,Good,1,Diesel,53416,No,197985
Kia,2024-04-09,1221310,Good,3,Petrol,120487,No,249038
Mahindra,2024-12-16,1493745,Good,3,Hybrid,107050,No,418402
Mahindra,2018-05-27,1854587,Average,3,Hybrid,176036,Yes,82721
Audi,2024-07-25,2720535,Excellent,4,Diesel,112356,Yes,664642
Kia,2019-06-13,1681383,Poor,3,Hybrid,182997,No,69924
Ford,2022-10-09,920593,Average,5,Hybrid,43948,No,170491
Ford,2017-07-29,1755123,Poor,4,Electric,188261,Yes,50000
BMW,2022-12-04,2232984,Poor,3,Hybrid,25049,No,384140
Ford,2015-05-16,533871,Good,3,Petrol,144537,No,50000
Toyota,2024-08-14,2924495,Average,1,Electric,168251,No,499884
BMW,2016-09-14,1415139,Good,3,Petrol,43792,No,120296
Toyota,2018-08-26,546869,Poor,3,Hybrid,31748,Yes,50000
Honda,2019-09-18,409556,Average,4,Electric,196097,Yes,50000
Ford,2016-03-31,2037578,Average,1,Petrol,193364,No,59488
Maruti,2022-04-17,1761622,Good,4,Electric,64146,No,392274
Hyundai,2021-01-04,1422482,Good,3,Diesel,70992,No,233291
Tata,2018-03-27,1019162,Average,5,Electric,121383,No,66893
BMW,2023-09-15,390352,Good,2,Electric,90705,No,108476
Ford,2023-11-14,1765761,Good,2,Hybrid,172845,No,288175
Kia,2015-05-31,2037224,Poor,4,Electric,36267,No,99412
Mahindra,2017-09-13,891540,Excellent,5,Electric,108800,No,86144
Ford,2023-04-24,2667560,Excellent,4,Hybrid,36426,No,884784
Honda,2018-04-06,1142526,Average,1,Electric,106975,No,101751
Kia,2020-08-16,689597,Poor,4,Diesel,147294,No,50000
Ford,2019-09-02,936148,Average,4,Electric,149697,Yes,62434
Ford,2017-05-17,2685035,Poor,1,Petrol,126767,Yes,103269
Honda,2019-10-19,1853821,Poor,5,Diesel,85049,Yes,112456
Honda,2021-05-26,2084043,Good,1,Electric,169913,No,260444
Hyundai,2024-05-07,2680243,Poor,5,Hybrid,176392,Yes,209032
BMW,2019-03-23,1175093,Good,5,Diesel,52672,No,138331
Tata,2015-01-01,2904727,Excellent,3,Petrol,39270,No,228592
Kia,2018-12-27,2650182,Good,4,Electric,99395,No,293258
Tata,2015-12-09,2281642,Poor,5,Hybrid,67317,Yes,85302
BMW,2019-02-20,637299,Average,4,Hybrid,142174,Yes,50000
Maruti,2015-05-30,1146832,Good,5,Petrol,145852,No,50000
Audi,2017-06-26,2356920,Excellent,1,Diesel,123785,Yes,201143
BMW,2023-01-03,1069941,Good,5,Electric,108481,No,204525
Tata,2018-09-28,2993474,Average,2,Petrol,139810,No,187117
Toyota,2015-10-06,1024005,Poor,3,Hybrid,103476,No,50000
Mahindra,2021-04-13,1484538,Poor,4,Electric,194886,No,75003
Toyota,2017-05-11,1908451,Poor,2,Petrol,158255,Yes,56903
Audi,2016-12-29,932357,Poor,4,Petrol,9776,Yes,50000
BMW,2023-01-02,1463514,Poor,2,Petrol,40420,Yes,200150
Kia,2020-06-29,1898278,Excellent,5,Hybrid,83280,No,308155
Kia,2024-05-15,1539930,Good,1,Hybrid,133052,No,376823
Honda,2015-11-22,938810,Excellent,1,Hybrid,59058,No,100196
Maruti,2021-02-20,1210011,Average,2,Petrol,161632,Yes,86849
Tata,2021-02-03,1512377,Poor,5,Electric,95543,No,135650
Hyundai,2019-04-25,1557507,Excellent,2,Hybrid,191591,Yes,111567
Kia,2024-03-17,2041766,Average,2,Petrol,7043,Yes,511117
Tata,2016-06-04,1815304,Average,2,Hybrid,5750,Yes,147099
Maruti,2023-04-27,2990409,Poor,4,Petrol,102978,No,324806
Tata,2019-05-24,2781270,Excellent,1,Petrol,175472,Yes,213523
Audi,2021-08-15,1917137,Average,2,Petrol,74441,No,269553
Hyundai,2022-11-03,836480,Good,4,Hybrid,78602,No,179890
Mahindra,2017-06-09,835312,Excellent,3,Electric,9529,No,132172
Tata,2019-04-15,968193,Excellent,5,Diesel,66223,No,130607
Maruti,2016-06-26,1520438,Good,4,Diesel,159242,Yes,62404
BMW,2020-06-21,2830281,Poor,4,Diesel,40799,No,272709
Maruti,2016-02-01,510198,Average,5,Diesel,36705,No,50000
Tata,2024-08-21,1055902,Good,2,Petrol,31537,No,360782
Mahindra,2021-07-17,1474577,Average,5,Hybrid,140198,No,139550
Maruti,2023-10-21,438083,Poor,2,Diesel,27861,No,85157
Hyundai,2020-06-10,1926336,Average,4,Diesel,18176,Yes,240989
Maruti,2015-08-07,975072,Average,1,Diesel,194156,Yes,50000
Kia,2022-06-21,2004154,Good,3,Petrol,17434,No,479906
BMW,2023-08-13,2288531,Good,3,Electric,29210,No,768149
Kia,2021-03-17,1805286,Poor,4,Hybrid,99844,Yes,145357
BMW,2020-11-25,2372558,Poor,1,Hybrid,193916,Yes,113321
Ford,2017-07-07,2317895,Excellent,3,Petrol,180721,Yes,113027
Maruti,2024-05-05,2344735,Poor,1,Petrol,139240,No,288770
Tata,2019-09-04,2824391,Average,2,Electric,21101,No,434445
Ford,2017-06-25,953946,Average,2,Diesel,49077,No,81541
BMW,2018-06-29,2137576,Average,4,Hybrid,59959,No,196607
Toyota,2017-04-11,1680596,Poor,5,Petrol,173668,No,50000
Tata,2021-09-19,2517500,Good,1,Petrol,28222,No,569992
BMW,2016-01-25,2820865,Excellent,1,Hybrid,28494,No,349059
Ford,2022-12-28,2838832,Excellent,5,Petrol,181077,Yes,298898
Maruti,2024-02-21,1814389,Good,4,Petrol,74735,No,429203
Mahindra,2016-10-16,1520758,Poor,5,Diesel,33871,No,77833
BMW,2015-12-30,2824616,Average,4,Hybrid,87122,Yes,138156
Hyundai,2020-06-10,2597371,Average,2,Electric,66991,Yes,340296
Maruti,2024-07-23,2993207,Poor,3,Diesel,74180,No,517204
Kia,2016-12-08,2023379,Good,4,Hybrid,196188,Yes,70312
Honda,2024-05-16,2458664,Excellent,4,Petrol,168347,Yes,381267
Honda,2015-02-05,406992,Good,4,Diesel,105387,No,50000
BMW,2019-03-31,1321246,Average,4,Petrol,24158,Yes,124298
Tata,2018-11-13,2994391,Good,5,Petrol,44915,No,320234
Tata,2017-11-01,890157,Good,5,Petrol,113076,No,58979
Toyota,2023-03-07,1837858,Good,1,Electric,99128,No,473695
Tata,2015-04-19,1431810,Good,5,Electric,18224,No,114928
Mahindra,2016-07-24,343946,Average,3,Petrol,32482,No,50000
Kia,2017-02-05,2157977,Average,4,Petrol,17159,No,163141
Honda,2021-08-25,2855361,Excellent,3,Diesel,163526,No,371491
BMW,2016-09-29,938156,Good,2,Electric,106751,No,77617
Kia,2017-02-19,685585,Good,2,Electric,84979,No,67260
Honda,2016-08-29,494420,Poor,2,Petrol,85817,Yes,50000
Maruti,2016-09-14,2624024,Good,5,Petrol,114899,No,143247
Tata,2022-01-08,1274915,Average,5,Petrol,143069,Yes,100870
Honda,2017-04-07,2806238,Excellent,1,Electric,107065,No,318639
Tata,2021-01-06,1594791,Poor,3,Electric,82869,Yes,151902
Honda,2023-12-04,1927388,Average,3,Diesel,112467,Yes,299315
Ford,2024-09-29,1391615,Poor,3,Petrol,169044,No,134151
BMW,2023-02-15,2236641,Average,4,Hybrid,170177,No,236334
Tata,2018-06-10,2073712,Good,3,Petrol,44299,No,233314
Audi,2023-12-23,719308,Excellent,3,Electric,136333,No,185711
Tata,2021-09-13,742428,Excellent,5,Petrol,13617,No,169589
Honda,2016-05-08,427154,Excellent,5,Diesel,57584,No,50000
Tata,2021-01-26,1616612,Average,5,Diesel,182783,Yes,87706
Tata,2017-09-11,1180203,Good,5,Petrol,20438,No,114326
Audi,2015-04-13,2422369,Good,1,Electric,24154,No,237297
Honda,2021-09-11,2201841,Excellent,2,Electric,171438,Yes,292755
Honda,2018-03-05,345693,Poor,4,Petrol,142333,No,50000
Audi,2019-12-20,1073408,Excellent,2,Diesel,193259,No,87717
Hyundai,2021-04-23,983271,Excellent,1,Electric,128616,Yes,172290
Audi,2023-03-30,2518172,Excellent,1,Diesel,178857,No,418718
Audi,2016-05-04,2791608,Average,4,Electric,164763,Yes,97481
Honda,2021-09-12,2035567,Excellent,3,Diesel,124894,Yes,308281
Mahindra,2021-01-12,2174982,Good,5,Petrol,185708,Yes,133397
Ford,2016-08-04,2358793,Average,4,Hybrid,90155,No,139245
Ford,2024-02-21,1437798,Good,3,Electric,44801,No,495405
Tata,2017-06-07,781553,Average,2,Hybrid,58313,Yes,61279
Toyota,2023-11-08,1519122,Excellent,1,Electric,84067,No,563547
Honda,2020-04-04,2959778,Excellent,2,Electric,61857,No,641121
Tata,2020-05-24,2236309,Excellent,3,Electric,62699,No,467587
Honda,2019-11-26,554686,Good,3,Hybrid,153565,No,51809
Audi,2018-02-25,2075085,Poor,5,Hybrid,50155,Yes,119425
Kia,2022-01-02,1353353,Good,2,Electric,71856,No,310924
Audi,2021-06-06,2496741,Excellent,1,Petrol,7591,No,696509
Tata,2016-10-01,940744,Good,3,Petrol,145849,Yes,50000
Honda,2024-07-29,1624064,Excellent,1,Diesel,151858,Yes,369177
Toyota,2017-07-20,413284,Excellent,4,Diesel,146791,Yes,50000
Hyundai,2017-11-27,508211,Poor,4,Electric,67477,Yes,50000
Hyundai,2016-02-10,1995747,Poor,4,Hybrid,107511,No,74943
Maruti,2019-06-26,2902603,Poor,2,Electric,23989,Yes,289098
Maruti,2020-11-01,1445050,Average,2,Hybrid,107371,No,174513
BMW,2022-07-28,1025688,Average,3,Diesel,91473,Yes,142145
Maruti,2016-11-27,1027701,Good,1,Diesel,39769,No,109173
Toyota,2017-06-20,343745,Poor,4,Petrol,179669,Yes,50000
BMW,2015-12-07,948854,Poor,4,Hybrid,28970,Yes,50000
BMW,2021-10-14,2919302,Excellent,5,Petrol,199541,Yes,213452
Honda,2018-05-03,1634250,Excellent,3,Hybrid,177914,No,118377
Maruti,2020-10-05,2829964,Good,3,Electric,122309,Yes,352736
Hyundai,2017-11-19,1966085,Poor,5,Hybrid,44626,Yes,110718
Mahindra,2019-10-29,842058,Good,1,Hybrid,97491,No,119355
Tata,2020-04-21,417125,Good,4,Diesel,186625,Yes,50000
Audi,2017-07-12,799467,Excellent,5,Petrol,98086,No,65322
Audi,2021-11-05,2502541,Excellent,2,Petrol,113100,No,453596
Maruti,2024-12-23,1531944,Poor,4,Hybrid,101091,Yes,226305
Maruti,2019-06-07,2569808,Excellent,3,Electric,77504,No,430711
Ford,2015-05-21,1320614,Average,1,Diesel,58425,No,81338
Toyota,2018-08-04,2778364,Average,1,Diesel,196218,Yes,111445
Honda,2015-01-05,2263723,Average,3,Electric,151702,Yes,73955
BMW,2015-07-15,1973072,Good,1,Hybrid,171228,Yes,79661
Ford,2023-02-20,1777965,Good,3,Hybrid,10369,No,555966
Ford,2024-11-24,1869572,Average,2,Petrol,94287,No,408509
Audi,2024-11-29,2101515,Average,2,Electric,34920,No,720104
Kia,2017-12-26,981295,Poor,4,Petrol,79947,No,50005
Hyundai,2015-07-12,2994499,Average,1,Petrol,164452,Yes,88965
BMW,2018-06-10,1948464,Excellent,3,Petrol,161743,No,142239
Ford,2017-05-05,1533223,Excellent,2,Petrol,26381,No,195583
Ford,2024-08-04,1333030,Good,1,Petrol,15632,No,504019
Toyota,2024-08-02,970977,Excellent,1,Petrol,141736,Yes,220472
Toyota,2015-10-30,340266,Poor,5,Hybrid,36332,Yes,50000
Tata,2023-09-09,2529334,Excellent,5,Diesel,123158,No,528129
Kia,2020-05-01,2470068,Excellent,3,Electric,143453,No,337238
Hyundai,2020-05-01,2873466,Good,3,Electric,126675,Yes,325770
Hyundai,2022-05-04,1947520,Average,5,Electric,196697,No,144104
Honda,2015-01-21,2411397,Average,2,Diesel,131592,No,93243
Tata,2024-06-22,759416,Excellent,2,Hybrid,26760,No,352641
Mahindra,2017-09-05,946263,Poor,5,Hybrid,159416,Yes,50000
Ford,2019-11-25,1014476,Excellent,1,Electric,132080,No,153862
Hyundai,2016-10-01,2795406,Good,3,Petrol,100878,No,186086
Ford,2024-08-22,1662782,Average,3,Electric,57435,No,472633
Hyundai,2016-10-27,1409059,Average,2,Diesel,64680,No,101461
Honda,2017-09-11,815489,Good,5,Hybrid,171838,No,50000
Ford,2021-11-11,1598029,Poor,5,Petrol,133422,No,108987
BMW,2024-11-09,873373,Poor,4,Petrol,167316,Yes,73843
Kia,2020-12-27,1189213,Good,3,Electric,192602,Yes,92963
Honda,2024-03-25,1932035,Average,5,Hybrid,182220,No,208670
Hyundai,2017-06-18,2129735,Good,1,Diesel,11484,No,274563
Toyota,2019-10-14,2946421,Average,4,Electric,163172,No,202518
Maruti,2024-04-09,1747860,Poor,5,Hybrid,76949,No,269927
Tata,2024-10-15,419510,Poor,3,Diesel,136573,Yes,50000
Hyundai,2020-12-22,1282933,Good,3,Electric,28386,No,281190
Maruti,2022-06-11,2459410,Poor,3,Diesel,83526,Yes,259875
Kia,2017-05-26,2149698,Poor,3,Electric,98665,No,117151
Hyundai,2021-09-05,2971182,Average,3,Petrol,39322,No,461683
Tata,2018-05-09,1346391,Average,3,Hybrid,196740,No,55138
Hyundai,2021-10-14,1916749,Average,3,Diesel,194466,No,131453
Tata,2020-09-26,1819008,Excellent,1,Diesel,127713,No,286213
Audi,2024-04-30,574663,Poor,4,Petrol,29555,No,100977
Hyundai,2018-05-14,1617557,Average,1,Electric,36210,Yes,180205
Ford,2016-09-01,2353760,Average,3,Petrol,30498,Yes,150662
Hyundai,2022-12-01,2991830,Excellent,5,Petrol,169915,No,378284
Hyundai,2023-02-01,2659922,Poor,5,Electric,59862,Yes,348743
Mahindra,2016-11-03,338188,Good,1,Hybrid,27958,No,50000
Mahindra,2021-02-21,1848468,Excellent,3,Diesel,198581,Yes,148128
Honda,2021-03-15,755700,Poor,4,Diesel,71096,Yes,65179
Hyundai,2023-08-29,307181,Poor,4,Diesel,85891,Yes,50000
BMW,2019-11-09,2643466,Average,4,Petrol,95576,Yes,203539
Hyundai,2017-04-27,727857,Good,4,Petrol,103405,Yes,50000
Audi,2018-04-23,2077883,Poor,2,Hybrid,56750,No,157571
Ford,2024-02-22,2698586,Average,1,Petrol,88681,No,563869
Hyundai,2024-08-19,1598784,Excellent,2,Electric,35694,No,782979
Hyundai,2019-01-25,417316,Good,2,Diesel,51652,No,57110
Mahindra,2021-07-27,2624962,Excellent,3,Diesel,113834,Yes,413900
Ford,2024-08-16,905721,Excellent,2,Hybrid,108481,No,302099
Maruti,2018-09-07,2387343,Poor,3,Diesel,36817,Yes,166418
Toyota,2017-04-21,513141,Excellent,1,Hybrid,195718,Yes,50000
Hyundai,2016-12-03,1894190,Excellent,3,Petrol,146251,Yes,108141
Honda,2021-02-19,1757370,Poor,4,Petrol,138862,Yes,98529
Audi,2015-09-03,2562096,Excellent,4,Electric,191108,No,107703
Ford,2022-09-19,786594,Poor,4,Hybrid,101250,Yes,80376
Maruti,2018-08-13,2172358,Average,5,Electric,100413,No,169495
BMW,2021-06-04,1936021,Excellent,3,Petrol,173498,Yes,189089
Hyundai,2023-02-16,1034544,Good,2,Diesel,20612,No,308259
Mahindra,2017-11-02,2644459,Good,5,Petrol,88554,No,198290
Tata,2024-01-11,2812696,Excellent,5,Hybrid,138736,Yes,543323
Tata,2024-12-16,2753052,Excellent,5,Petrol,171121,No,480736
Toyota,2016-08-26,616881,Poor,5,Diesel,99017,No,50000
Mahindra,2017-02-01,2801798,Poor,4,Diesel,198323,Yes,54970
Tata,2019-09-20,1119002,Good,2,Diesel,9901,No,198878
Toyota,2023-04-26,1693635,Good,5,Hybrid,73646,No,378708
Mahindra,2020-05-17,2840704,Excellent,5,Diesel,12206,No,563216
Maruti,2024-04-26,2185357,Good,3,Petrol,197515,No,256339
Maruti,2022-05-06,2422262,Excellent,5,Electric,39682,No,678086
Audi,2018-03-06,593335,Excellent,3,Diesel,138703,No,51876
BMW,2024-12-29,1406656,Good,3,Hybrid,98249,No,414372
Honda,2023-11-24,1956615,Average,5,Diesel,157478,No,227060
Hyundai,2016-01-08,2037936,Poor,1,Hybrid,166260,No,61641
Tata,2020-04-10,2786071,Excellent,5,Petrol,139233,No,283294
Tata,2022-02-22,1419368,Average,4,Hybrid,189293,Yes,98144
BMW,2017-01-08,534320,Good,5,Hybrid,138018,No,50000
Mahindra,2021-10-05,2590081,Poor,3,Diesel,10799,No,363621
BMW,2022-10-21,2216949,Good,2,Petrol,195534,No,218730
Tata,2023-10-31,2671003,Good,3,Petrol,187725,Yes,285372
Mahindra,2023-03-23,598327,Good,2,Electric,103862,Yes,129666
Toyota,2015-07-17,716243,Good,3,Hybrid,188275,No,50000
Kia,2015-04-22,2329940,Good,1,Diesel,100789,Yes,131422
Ford,2017-02-09,401617,Average,5,Diesel,177511,No,50000
Tata,2015-03-19,1836744,Poor,3,Hybrid,104303,Yes,57742
BMW,2021-10-18,2544026,Good,3,Electric,9089,No,682556
BMW,2018-08-12,2034163,Poor,4,Petrol,59136,No,125640
Audi,2020-11-12,955748,Good,5,Hybrid,157178,Yes,81472
BMW,2024-09-12,737794,Good,1,Diesel,183074,Yes,112543
Toyota,2018-11-10,1803945,Excellent,5,Petrol,139989,Yes,130524
BMW,2015-05-14,2048143,Poor,2,Hybrid,153651,Yes,52109
Toyota,2024-10-14,334804,Good,2,Petrol,177474,No,53480
Hyundai,2017-06-25,651099,Poor,1,Electric,150016,No,50000
BMW,2022-10-13,618891,Excellent,5,Diesel,82898,No,136905
Hyundai,2015-05-10,2677572,Average,3,Petrol,190671,Yes,56148
BMW,2016-11-15,2672951,Average,5,Petrol,34757,No,171958
Kia,2017-09-06,1098999,Poor,3,Hybrid,11489,No,84566
Ford,2016-12-11,2917547,Average,3,Petrol,25139,Yes,199224
Maruti,2021-09-30,1947625,Good,5,Petrol,145139,Yes,181799
Toyota,2016-03-14,980369,Poor,1,Petrol,42396,No,51467
Maruti,2021-11-20,2995200,Good,5,Electric,37254,No,654707
Mahindra,2021-08-12,1415571,Excellent,3,Hybrid,82892,No,310713
Tata,2024-01-22,596377,Poor,3,Hybrid,101136,No,89224
Maruti,2019-04-14,721870,Poor,2,Electric,32570,Yes,67434
Audi,2019-02-26,2179416,Poor,3,Diesel,30284,No,186763
Tata,2018-10-24,2985835,Good,2,Petrol,172143,Yes,169540
Hyundai,2023-03-17,1884349,Good,3,Diesel,124049,Yes,305408
BMW,2021-08-13,1564484,Average,4,Hybrid,18834,No,280133
Tata,2018-07-10,470507,Excellent,1,Electric,121323,Yes,54625
Honda,2021-01-11,1890658,Poor,2,Petrol,80099,Yes,158893
Maruti,2017-07-08,499827,Average,4,Diesel,180356,Yes,50000
Tata,2017-01-31,1856198,Good,3,Diesel,56164,No,171169
Mahindra,2015-01-27,2454456,Excellent,5,Petrol,73133,No,151135
Toyota,2022-04-27,625628,Good,3,Petrol,184701,No,59650
Hyundai,2016-12-08,1528085,Average,4,Electric,185750,Yes,50000
Mahindra,2023-04-01,2142564,Good,1,Petrol,56542,No,557363
Hyundai,2023-06-11,1753923,Good,1,Electric,104971,Yes,412271
Toyota,2017-09-07,1861679,Excellent,2,Diesel,10250,No,284868
BMW,2022-03-18,1799014,Excellent,1,Diesel,142777,Yes,295413
Hyundai,2021-05-21,652358,Excellent,3,Diesel,72753,No,135412
Toyota,2017-08-02,2698588,Average,5,Electric,141801,Yes,127048
Toyota,2018-07-27,798405,Average,4,Hybrid,16688,Yes,78983
Toyota,2018-05-29,1171292,Average,1,Hybrid,58580,Yes,113151
BMW,2022-10-29,765809,Good,2,Diesel,27333,No,212051
Toyota,2024-04-20,2651903,Good,2,Hybrid,161669,Yes,454636
BMW,2017-10-28,2452169,Average,3,Electric,35320,No,250977
Ford,2018-12-07,1810258,Poor,3,Hybrid,166120,No,79225
Maruti,2019-03-29,1255871,Good,3,Electric,185716,Yes,78599
Hyundai,2019-02-08,1167292,Poor,2,Electric,140507,No,70198
Maruti,2016-12-09,2960069,Average,5,Petrol,198312,Yes,66411
Kia,2024-04-29,2655558,Average,2,Electric,47663,No,787482
Mahindra,2020-06-27,1179704,Average,5,Diesel,112588,No,103412
Mahindra,2022-05-30,1216333,Average,2,Electric,41381,No,270680
Audi,2024-10-01,2789338,Poor,1,Petrol,174451,No,286687
Maruti,2017-05-15,2163599,Average,2,Diesel,190939,No,78928
Hyundai,2024-11-15,951826,Average,3,Electric,65702,Yes,244267
Hyundai,2023-01-22,354424,Good,1,Petrol,144493,Yes,51398
BMW,2018-06-26,1574141,Poor,3,Electric,186608,Yes,51867
BMW,2019-10-26,2413396,Poor,5,Hybrid,189594,Yes,80460
Ford,2024-01-25,2976032,Average,4,Electric,189751,Yes,297635
Mahindra,2020-03-19,1750323,Good,3,Hybrid,54117,No,288805
Tata,2019-09-18,556536,Good,4,Hybrid,51862,No,80674
Honda,2024-08-26,770805,Good,4,Hybrid,191511,Yes,98166
Tata,2016-01-26,2170842,Excellent,4,Petrol,162942,Yes,90809
Audi,2022-11-17,1445459,Poor,2,Hybrid,185184,Yes,97902
Kia,2015-07-19,300564,Excellent,5,Diesel,30879,No,50000
Mahindra,2019-01-14,2011628,Average,1,Petrol,27789,No,236002
Honda,2023-07-29,1608178,Excellent,3,Diesel,21185,No,584560
BMW,2019-05-02,2511454,Poor,5,Petrol,159024,Yes,86459
Ford,2024-01-13,1441616,Good,5,Petrol,78430,No,310262
Tata,2020-07-23,883000,Poor,2,Petrol,21996,Yes,86899
Kia,2018-12-14,1620996,Poor,3,Diesel,127535,No,85944
Kia,2019-03-09,1337649,Average,5,Electric,42051,No,147976
BMW,2019-04-10,450956,Good,4,Diesel,154660,Yes,50000
Kia,2023-12-25,1582658,Good,1,Petrol,154501,Yes,249513
Ford,2024-02-26,1758270,Excellent,1,Hybrid,56935,No,725719
Tata,2019-10-01,2960055,Average,3,Petrol,64944,Yes,272707
Honda,2017-04-25,2624428,Good,2,Diesel,36287,No,286810
Ford,2021-11-09,1844599,Average,4,Electric,35817,Yes,308621
Toyota,2021-11-06,2923764,Excellent,2,Diesel,76478,No,679357
Honda,2015-11-29,2174741,Good,1,Diesel,9277,No,219478
Toyota,2022-04-16,924074,Good,4,Diesel,186489,No,87342
Kia,2024-12-17,2631765,Good,5,Petrol,43921,No,761278
Ford,2022-11-03,816744,Excellent,1,Electric,27204,No,324634
Toyota,2020-04-11,2743746,Poor,1,Petrol,198419,Yes,99202
Kia,2021-09-03,432370,Average,2,Diesel,13346,Yes,75131
Hyundai,2021-10-03,1543177,Average,4,Petrol,88570,No,185987
BMW,2018-07-06,2689092,Average,2,Electric,15407,Yes,314378
Toyota,2023-05-16,1798987,Excellent,1,Petrol,145908,No,362637
Honda,2024-08-05,680655,Excellent,1,Hybrid,64192,No,292805
Kia,2015-06-10,754664,Poor,3,Electric,23597,No,50000
Maruti,2023-08-16,2591190,Poor,3,Petrol,67235,Yes,332909
Mahindra,2018-04-09,796863,Average,1,Diesel,120411,No,58337
Hyundai,2023-08-08,1246419,Poor,1,Hybrid,126865,Yes,150716
Tata,2023-02-11,1551255,Good,1,Petrol,198015,No,165396
Tata,2022-05-17,2402955,Excellent,5,Hybrid,142297,Yes,346885
Toyota,2023-12-11,1145719,Poor,5,Hybrid,20937,Yes,188865
Audi,2021-04-09,1415254,Average,4,Petrol,139069,No,119991
Tata,2016-11-22,1408854,Poor,4,Petrol,193004,Yes,50000
Honda,2016-11-10,1090849,Average,2,Hybrid,148370,No,54324
Tata,2021-02-28,1525160,Good,2,Diesel,199138,Yes,107251
Mahindra,2019-03-29,2176090,Poor,5,Diesel,162704,Yes,76995
Honda,2023-03-27,311827,Excellent,5,Electric,190360,Yes,50000
Mahindra,2022-07-20,2553750,Good,4,Electric,177718,Yes,276690
BMW,2019-06-14,866878,Poor,2,Petrol,7989,No,83139
Ford,2018-04-03,2426297,Average,4,Petrol,123384,No,138213
Hyundai,2018-08-04,909942,Poor,3,Petrol,174730,Yes,50000
Tata,2023-01-02,1373599,Poor,2,Hybrid,50454,No,229323
Toyota,2022-06-01,770963,Poor,2,Petrol,127514,Yes,63664
Hyundai,2015-10-26,1476927,Poor,1,Hybrid,107631,No,62173
Mahindra,2017-07-28,2054196,Excellent,5,Electric,71970,No,231816
Kia,2020-02-02,1186963,Good,5,Hybrid,18180,No,195487
Ford,2021-11-17,2663986,Poor,1,Petrol,119444,No,246825
BMW,2021-10-07,2833370,Average,5,Hybrid,69104,Yes,361659
Kia,2024-04-15,2338895,Excellent,3,Diesel,159181,No,482304
Maruti,2018-05-08,2608025,Average,5,Diesel,131468,Yes,130682
Mahindra,2021-02-27,2241775,Average,5,Electric,178225,No,161394
BMW,2015-04-25,2666249,Excellent,2,Electric,54437,No,266486
Honda,2024-05-21,2300269,Good,3,Hybrid,103272,Yes,538698
Mahindra,2024-04-21,1981798,Poor,3,Electric,10554,Yes,429543
Honda,2023-03-12,1103862,Poor,5,Petrol,106781,No,108422
Audi,2024-02-01,1834642,Poor,3,Petrol,141019,No,192860
Maruti,2021-12-09,2432103,Average,3,Petrol,123304,Yes,240509
Audi,2015-10-15,2863074,Excellent,4,Hybrid,123686,Yes,168187
Maruti,2018-03-02,2638221,Excellent,2,Petrol,65716,No,329488
Audi,2018-11-19,367096,Excellent,1,Electric,85700,No,60234
Hyundai,2015-08-23,1657476,Good,2,Diesel,159518,Yes,66158
Honda,2017-04-09,1106227,Poor,3,Hybrid,120869,No,50000
Kia,2023-05-17,1528799,Average,5,Hybrid,23297,No,337452
Honda,2021-03-22,553672,Average,4,Petrol,162854,Yes,50000
Maruti,2024-06-06,1702323,Good,3,Hybrid,55055,No,555473
Maruti,2016-06-16,505396,Average,4,Hybrid,42155,Yes,50000
Tata,2023-03-12,646818,Excellent,4,Electric,10039,No,246011
Mahindra,2018-07-17,1970484,Poor,3,Hybrid,82686,No,131346
Kia,2016-04-20,1932624,Good,1,Petrol,142155,Yes,94801
BMW,2015-11-15,1683741,Poor,1,Petrol,145622,No,50216
Toyota,2015-07-27,2294134,Average,1,Electric,64822,Yes,144556
Honda,2023-08-24,1170571,Average,4,Petrol,14419,No,259093
Tata,2015-05-23,344794,Average,2,Hybrid,58220,Yes,50000
Toyota,2022-06-06,1445778,Excellent,1,Petrol,74429,No,366040
Audi,2024-06-12,2538879,Poor,3,Petrol,98824,Yes,322353
Ford,2023-02-07,2522155,Excellent,5,Diesel,7082,No,793020
Ford,2024-06-25,641100,Average,1,Petrol,90688,Yes,126195
Honda,2019-08-29,2280650,Average,2,Electric,112230,Yes,211997
Ford,2018-01-26,1368165,Poor,3,Hybrid,23299,No,107559
Audi,2015-09-06,2491958,Excellent,4,Electric,108803,No,184179
BMW,2022-09-28,2334841,Excellent,2,Petrol,132428,Yes,395014
Tata,2024-10-31,1335439,Poor,5,Petrol,132898,No,148112
Toyota,2016-06-25,2282060,Good,4,Diesel,103568,Yes,130653
Toyota,2016-09-16,2436759,Average,2,Hybrid,110780,Yes,132994
Toyota,2024-08-26,696326,Excellent,2,Diesel,30023,No,308310
Mahindra,2023-03-05,1093163,Average,4,Petrol,159976,No,109889
Tata,2016-09-03,2777004,Good,3,Electric,195623,No,116208
Tata,2022-09-04,779486,Excellent,4,Petrol,73678,No,175186
Honda,2023-06-16,2564380,Good,2,Diesel,129466,Yes,442792
Hyundai,2024-03-21,2085601,Poor,3,Hybrid,5346,Yes,427169
Honda,2020-05-28,2804796,Good,1,Petrol,100309,Yes,339283
Honda,2023-05-04,449734,Average,3,Petrol,75484,No,78831
Audi,2019-03-29,1629279,Poor,2,Diesel,182109,Yes,58781
Hyundai,2019-06-14,525311,Average,5,Petrol,28062,Yes,50000
Mahindra,2015-02-02,1731285,Average,5,Electric,123252,Yes,60673
Mahindra,2018-11-29,1950138,Poor,5,Hybrid,114644,Yes,94194
Kia,2023-02-27,2174186,Excellent,2,Diesel,179002,Yes,304498
Audi,2017-03-28,1635313,Good,4,Hybrid,38447,No,167070
Mahindra,2015-08-09,2328450,Average,5,Electric,188792,Yes,55825
Audi,2015-06-14,2948151,Average,3,Hybrid,115737,Yes,120951
Audi,2015-10-13,1936317,Poor,2,Electric,181310,No,50470
Honda,2017-01-17,2980853,Poor,4,Petrol,140161,Yes,85236
Ford,2020-12-10,1097371,Poor,2,Diesel,46762,Yes,112182
Tata,2019-11-13,2565793,Excellent,5,Hybrid,130682,No,293868
BMW,2023-11-20,1623180,Average,3,Hybrid,46005,No,402117
Audi,2016-06-17,429462,Good,3,Petrol,8765,No,50000
Ford,2022-06-28,1974236,Poor,2,Petrol,72632,No,241668
Toyota,2022-04-03,2456147,Excellent,3,Electric,44094,No,749317
Kia,2015-10-13,845697,Excellent,4,Hybrid,8610,No,91145
Kia,2016-12-31,2283343,Poor,1,Hybrid,84661,No,130419
Mahindra,2020-01-14,2103924,Average,3,Petrol,93835,Yes,178145
Honda,2024-10-18,792016,Excellent,2,Electric,57798,No,365062
BMW,2024-10-21,1526878,Poor,5,Hybrid,154914,Yes,150562
Maruti,2016-07-08,1981550,Average,4,Hybrid,43389,No,141335
Maruti,2021-10-10,2317333,Average,5,Hybrid,93189,Yes,265291
Maruti,2015-03-26,1292582,Excellent,3,Diesel,32823,No,115939
Maruti,2017-07-12,2762147,Good,2,Petrol,101481,Yes,197624
Ford,2020-09-02,1059237,Good,4,Electric,115168,Yes,127811
Toyota,2022-05-17,721469,Poor,4,Hybrid,110856,Yes,66360
Honda,2021-02-24,2700722,Good,5,Hybrid,15964,No,532834
Toyota,2024-04-24,2304498,Poor,4,Electric,163015,No,248395
Mahindra,2024-08-06,2766045,Good,4,Hybrid,82977,No,776049
BMW,2024-04-16,2301736,Average,2,Electric,10660,Yes,700320
Honda,2015-02-15,1879543,Excellent,2,Petrol,22432,No,169578
Maruti,2024-06-12,1068954,Poor,3,Diesel,116237,Yes,132829
Hyundai,2022-08-31,1812155,Good,2,Hybrid,165669,No,256850
Hyundai,2015-06-12,2701270,Excellent,5,Electric,102316,No,186982
Hyundai,2024-09-13,2147917,Good,5,Petrol,115588,Yes,386012
Hyundai,2023-07-15,1937275,Average,5,Electric,54390,Yes,372619
Tata,2024-06-22,2773803,Average,3,Diesel,68283,Yes,582081
Toyota,2015-05-04,2942031,Excellent,5,Electric,7566,No,296069
BMW,2016-08-19,2679511,Average,2,Hybrid,10394,No,245618
Audi,2024-05-23,1854685,Average,4,Petrol,105462,Yes,284208
Hyundai,2023-08-08,2397537,Average,4,Petrol,98853,No,371119
Honda,2023-08-20,2149368,Good,5,Electric,68472,No,550011
Kia,2023-01-19,2397278,Poor,2,Hybrid,184825,Yes,167511
Ford,2015-03-09,1602464,Poor,2,Electric,73262,Yes,65170
Hyundai,2021-04-23,2142853,Excellent,2,Diesel,24423,No,562310
Kia,2019-06-22,1650709,Excellent,4,Diesel,115420,No,192547
Ford,2021-10-11,2922204,Average,3,Diesel,153732,Yes,249653
Maruti,2021-09-13,1832029,Poor,3,Hybrid,37412,No,246671
Audi,2024-10-30,345328,Average,4,Diesel,177248,No,50000
Ford,2021-09-12,1747416,Good,3,Diesel,53998,No,344248
Ford,2016-11-12,1226577,Excellent,2,Electric,126208,Yes,100512
Toyota,2017-01-31,846030,Poor,3,Electric,98691,No,50000
BMW,2024-08-11,633277,Poor,3,Diesel,30828,No,131541
Hyundai,2016-10-18,2505847,Good,1,Hybrid,63692,No,253290
Toyota,2017-10-17,2677669,Excellent,4,Electric,51075,No,363353
Honda,2024-11-21,2636346,Excellent,2,Electric,164347,Yes,621877
Kia,2018-11-13,2426182,Good,1,Hybrid,64861,No,341683
Mahindra,2017-07-01,2785941,Average,2,Hybrid,105932,Yes,177284
Mahindra,2015-12-17,686640,Excellent,5,Diesel,169389,Yes,50000
Mahindra,2021-12-16,2001222,Average,1,Diesel,18137,Yes,376991
Mahindra,2021-05-31,2073636,Poor,5,Hybrid,75089,No,202860
Ford,2024-09-17,2897844,Excellent,2,Diesel,135515,Yes,710472
Hyundai,2016-11-04,1185471,Poor,5,Hybrid,71824,Yes,50363
Toyota,2019-08-17,2227033,Poor,1,Hybrid,110355,No,171695
Tata,2019-05-08,1559409,Excellent,4,Petrol,192366,No,97034
Hyundai,2021-10-02,1158238,Good,3,Electric,50602,No,264517
Tata,2024-05-31,893265,Poor,4,Hybrid,36244,Yes,159641
Kia,2015-03-31,2979044,Excellent,5,Diesel,150849,Yes,119600
BMW,2023-01-15,828693,Good,3,Diesel,92696,No,171116
Mahindra,2017-07-01,491590,Poor,5,Diesel,116192,Yes,50000
Mahindra,2022-07-10,2723782,Good,3,Electric,76290,No,632351
Hyundai,2024-11-15,2339870,Poor,1,Diesel,192442,Yes,202691
Toyota,2015-11-24,1608983,Poor,4,Diesel,153451,Yes,50000
Ford,2015-05-28,2522175,Excellent,2,Electric,30930,No,280307
Mahindra,2018-06-10,541198,Good,5,Hybrid,41641,No,62500
Ford,2016-09-02,2857690,Poor,5,Electric,10849,No,176604
Ford,2020-08-25,854773,Good,4,Diesel,65509,No,127828
Maruti,2021-07-30,2564454,Average,1,Electric,180330,Yes,218502
Ford,2015-03-16,702171,Average,2,Electric,66351,Yes,50000
Mahindra,2021-03-13,1826741,Poor,5,Hybrid,124362,No,134732
BMW,2021-06-10,994059,Good,3,Diesel,106836,Yes,132721
BMW,2024-09-22,1837587,Good,4,Petrol,148368,No,321854
Maruti,2023-06-18,716525,Poor,5,Petrol,74319,Yes,77281
Ford,2020-01-24,1065712,Poor,4,Electric,35934,No,110951
Maruti,2017-02-06,1312382,Good,5,Electric,31891,No,134413
BMW,2016-06-24,2354843,Good,4,Diesel,132655,Yes,114805
Hyundai,2017-11-22,846255,Good,2,Petrol,56499,No,87552
Tata,2023-03-01,2446784,Average,5,Hybrid,169157,No,246776
Hyundai,2018-09-10,1084049,Poor,5,Diesel,177240,No,50000
Honda,2016-07-12,2439690,Poor,5,Diesel,9366,Yes,117590
Tata,2017-09-08,2952360,Good,4,Diesel,151569,No,172630
Toyota,2021-04-26,453582,Poor,1,Hybrid,76766,Yes,50000
Toyota,2018-10-23,2827872,Average,1,Hybrid,90817,No,280796
Toyota,2021-04-29,396598,Average,2,Diesel,51850,No,62643
Hyundai,2022-05-08,687997,Excellent,2,Hybrid,138904,Yes,119995
Ford,2019-08-19,2604379,Poor,1,Hybrid,188859,Yes,105998
Hyundai,2019-11-03,2433897,Good,5,Petrol,59043,No,287980
Hyundai,2024-12-07,2293562,Average,1,Electric,19523,No,878450
Maruti,2021-04-29,319214,Average,4,Diesel,52113,Yes,50000
Ford,2017-02-05,2982330,Poor,1,Diesel,195281,Yes,71023
Toyota,2017-05-02,2014878,Average,5,Petrol,198620,Yes,50000
Ford,2017-08-04,2755581,Good,3,Electric,55681,No,313333
Ford,2018-08-06,1710889,Excellent,4,Petrol,65384,No,205314
Tata,2016-03-18,530666,Poor,1,Petrol,133539,Yes,50000
Ford,2024-12-29,436534,Average,2,Hybrid,119309,No,97255
Ford,2017-09-17,446681,Excellent,3,Diesel,199670,Yes,50000
Tata,2020-11-28,1716943,Poor,4,Electric,147586,Yes,106550
BMW,2020-03-14,930353,Excellent,2,Electric,68196,No,194335
BMW,2024-02-28,2155419,Excellent,4,Electric,62402,No,786085
Ford,2024-01-23,2444177,Poor,4,Petrol,87559,Yes,290667
Maruti,2023-04-23,2815279,Excellent,2,Hybrid,168600,No,520054
Kia,2019-03-22,2877317,Good,1,Diesel,110967,No,323458
Tata,2022-07-31,302910,Excellent,1,Electric,168053,Yes,50240
Honda,2015-02-01,2756089,Average,1,Diesel,159806,Yes,84460
Ford,2024-07-21,1769167,Excellent,5,Hybrid,175787,No,318580
Maruti,2018-07-13,1329178,Good,1,Diesel,123862,Yes,112006
Kia,2015-10-11,2810368,Good,1,Petrol,90818,No,186360
Maruti,2024-05-24,363742,Good,3,Electric,139581,No,82113
BMW,2024-05-01,2414088,Average,1,Electric,109295,Yes,513009
BMW,2016-12-12,1744362,Excellent,3,Diesel,79568,No,170658
Honda,2023-08-04,2898988,Poor,4,Electric,111173,Yes,344664
Tata,2019-04-03,679718,Poor,3,Petrol,136584,Yes,50000
Mahindra,2020-11-20,1589028,Poor,3,Hybrid,5980,Yes,188899
Kia,2021-09-23,894647,Excellent,5,Hybrid,120139,Yes,132603
Mahindra,2022-02-11,1443081,Excellent,1,Hybrid,23228,No,486755
Toyota,2021-06-18,2346481,Excellent,2,Petrol,153496,No,313237
Mahindra,2015-01-01,1180377,Excellent,2,Petrol,134398,No,62277
Tata,2023-02-27,2164300,Poor,1,Petrol,69001,Yes,284263
Hyundai,2015-08-07,1399554,Average,5,Hybrid,98598,Yes,57143
Tata,2015-11-24,1480597,Excellent,1,Hybrid,182157,Yes,69619
Kia,2021-02-25,658399,Good,5,Hybrid,158390,Yes,58312
Hyundai,2020-11-28,1693068,Good,5,Diesel,159078,Yes,134458
Tata,2022-06-01,1270003,Poor,1,Diesel,91706,No,158705
Toyota,2023-07-31,2276250,Good,2,Electric,194794,Yes,280366
Audi,2018-11-24,2854537,Excellent,5,Electric,7141,No,513213
Audi,2022-10-27,2246309,Average,5,Diesel,146271,Yes,212434
Maruti,2024-08-01,2962585,Good,3,Electric,36543,No,1132637
Honda,2015-05-06,2162942,Poor,3,Electric,196900,No,50000
Tata,2017-12-22,2332482,Average,1,Diesel,88274,Yes,172676
Hyundai,2023-02-01,1584448,Good,5,Electric,118160,Yes,262175
Ford,2015-01-29,1211033,Good,2,Hybrid,83254,No,80645
Toyota,2016-11-20,2589178,Poor,3,Diesel,148100,Yes,77784
Audi,2018-07-30,1870565,Poor,2,Petrol,197483,Yes,50000
Ford,2019-03-12,1074060,Good,2,Electric,58325,No,165462
Audi,2022-05-16,1103383,Average,2,Electric,37550,Yes,222869
Tata,2020-07-03,1193206,Good,2,Diesel,41832,No,214450
Tata,2019-03-19,2811585,Good,3,Electric,144801,No,264333
BMW,2021-04-11,2156738,Average,2,Electric,55260,Yes,339963
Kia,2022-05-05,1111495,Poor,4,Diesel,28435,Yes,136877
Maruti,2023-03-17,1128017,Good,2,Hybrid,29907,No,351095
Ford,2024-10-18,1841421,Average,5,Hybrid,184694,Yes,192153
Audi,2019-04-07,637873,Good,1,Electric,123681,Yes,68710
Honda,2021-05-13,925956,Good,5,Petrol,102639,Yes,103496
Maruti,2020-03-21,2232542,Average,5,Electric,159686,No,158968
Kia,2016-08-25,2373329,Excellent,2,Electric,120854,Yes,193546
Honda,2016-03-11,2230269,Poor,1,Electric,153314,Yes,72764
Maruti,2023-07-06,2572739,Average,1,Hybrid,75385,Yes,530278
Hyundai,2016-07-19,1644741,Average,2,Petrol,186019,No,51208
Ford,2024-06-01,1801272,Good,3,Petrol,147487,No,319506
BMW,2021-09-19,1873221,Excellent,2,Diesel,60022,No,457418
Hyundai,2023-10-10,315451,Good,2,Petrol,92307,No,72441
Mahindra,2016-12-18,465294,Average,3,Hybrid,153444,Yes,50000
Tata,2022-10-16,1736363,Average,3,Hybrid,171003,No,182823
Maruti,2023-05-13,2450912,Excellent,1,Electric,196060,Yes,363712
Hyundai,2024-10-29,1220722,Poor,3,Electric,34654,Yes,264084
Honda,2017-05-20,354201,Good,5,Hybrid,87712,No,50000
Kia,2022-01-20,2254370,Average,3,Diesel,124557,Yes,241640
Hyundai,2017-12-25,2353448,Average,1,Petrol,197163,Yes,79088
Tata,2024-05-03,2524330,Good,2,Diesel,54690,No,804065
Hyundai,2017-03-29,2658157,Excellent,3,Petrol,26521,No,315827
Tata,2019-08-28,2610756,Excellent,2,Petrol,91746,No,369266
Tata,2017-12-05,1856761,Good,3,Hybrid,133889,Yes,128436
Kia,2021-11-07,1478978,Poor,1,Hybrid,50084,Yes,194223
Tata,2015-04-24,2843983,Good,3,Electric,94891,No,187356
Hyundai,2023-11-26,1977396,Average,5,Hybrid,55361,Yes,378469
Ford,2017-09-06,2697706,Good,3,Diesel,121415,Yes,180693
Toyota,2021-02-04,1659075,Good,2,Hybrid,34142,No,360596
Toyota,2015-03-31,2480326,Poor,3,Hybrid,196226,Yes,50000
BMW,2023-02-09,446001,Poor,4,Petrol,52817,Yes,52855
Mahindra,2021-01-11,922184,Excellent,1,Electric,126487,No,173700
Ford,2022-05-07,936249,Excellent,1,Petrol,44771,No,264645
Toyota,2021-10-20,2280398,Average,3,Electric,196006,No,175126
Ford,2016-10-01,1595565,Good,2,Petrol,84434,No,121374
Honda,2018-10-02,878754,Poor,1,Electric,183016,No,50000
Kia,2018-11-10,1454023,Average,5,Hybrid,47828,No,140360
Toyota,2024-05-17,934560,Average,3,Hybrid,144416,Yes,138225
Tata,2019-05-01,2198790,Poor,1,Petrol,198618,Yes,68014
Tata,2019-03-15,1807477,Poor,1,Electric,153698,Yes,95943
BMW,2019-04-22,367221,Good,1,Petrol,132617,No,50000
Mahindra,2020-01-13,499143,Good,1,Electric,151325,Yes,51379
Kia,2019-05-30,2902155,Good,2,Electric,11184,No,553424
Kia,2016-08-08,1160515,Poor,3,Hybrid,85517,No,55705
Maruti,2018-07-02,2624864,Poor,2,Hybrid,92959,Yes,157305
Audi,2018-10-19,1463326,Excellent,2,Hybrid,135487,Yes,146295
Honda,2016-03-28,1634333,Poor,3,Petrol,169572,No,50000
BMW,2024-03-06,1298496,Good,2,Diesel,144399,Yes,230096
Mahindra,2016-03-27,1017737,Average,3,Petrol,34117,Yes,59903
Tata,2015-09-24,2369692,Average,1,Electric,152296,No,106973
Tata,2017-09-03,2363043,Average,4,Electric,162324,No,115940
Toyota,2020-06-20,357652,Average,4,Hybrid,151961,Yes,50000
Audi,2021-12-24,1799234,Poor,3,Diesel,114410,No,167976
Audi,2020-06-17,2954503,Poor,1,Hybrid,132821,Yes,207004
Ford,2022-07-26,1912778,Good,4,Hybrid,176390,No,219664
Kia,2016-03-21,1477447,Good,2,Petrol,57731,No,115858
Maruti,2020-10-29,1644129,Poor,1,Diesel,96464,No,155071
Audi,2016-07-26,1056997,Average,2,Hybrid,134411,Yes,50000
Hyundai,2023-06-09,684433,Good,2,Petrol,92071,No,148968
Maruti,2017-10-14,842108,Poor,5,Hybrid,150367,Yes,50000
Audi,2016-03-18,946541,Poor,2,Electric,35865,Yes,52992
Tata,2018-09-10,2893371,Poor,3,Petrol,176015,No,98667
Mahindra,2020-01-24,585465,Average,1,Diesel,102518,No,63091
Toyota,2017-10-24,2483757,Poor,5,Petrol,89186,No,110964
Audi,2020-10-29,2817571,Excellent,1,Petrol,54425,No,598521
Toyota,2022-07-28,2857214,Poor,4,Diesel,171964,Yes,172214
Hyundai,2024-04-25,1837173,Average,1,Diesel,8162,No,584172
Ford,2016-06-16,2646419,Poor,2,Petrol,84449,Yes,103643
Kia,2024-09-10,768246,Average,5,Petrol,185063,No,76387
BMW,2018-12-05,844379,Good,2,Electric,177049,Yes,57042
Audi,2018-06-23,2298358,Poor,4,Diesel,68868,Yes,128465
Audi,2023-06-03,1212693,Excellent,5,Petrol,7404,No,374329
Mahindra,2020-02-05,671464,Average,2,Electric,87516,No,84273
Tata,2023-04-05,2570634,Good,4,Petrol,107178,No,450993
Honda,2024-09-16,2473451,Excellent,4,Electric,42802,No,1067908
Honda,2017-06-14,1490186,Good,4,Diesel,59369,No,135951
BMW,2023-01-09,1738125,Good,3,Hybrid,144244,No,286869
Honda,2016-04-28,2215265,Average,1,Electric,170750,Yes,86746
Audi,2021-01-28,2488783,Excellent,2,Diesel,138758,Yes,331140
Mahindra,2017-09-02,1774358,Average,2,Diesel,128183,Yes,96384
Tata,2024-07-23,1809814,Excellent,5,Diesel,199426,Yes,222845
Ford,2015-07-12,759530,Excellent,4,Electric,136331,Yes,50000
Honda,2019-09-27,1638159,Poor,3,Hybrid,47337,Yes,138804
Mahindra,2015-09-26,2262554,Poor,5,Diesel,7917,Yes,96320
Honda,2015-09-14,2885635,Poor,3,Hybrid,96817,Yes,102000
Audi,2017-02-07,1960741,Excellent,5,Electric,137389,No,146222
Tata,2016-05-19,2199586,Average,2,Diesel,60502,Yes,135040
Maruti,2017-03-25,2658272,Excellent,5,Hybrid,40656,No,303729
Kia,2024-04-17,1951549,Good,3,Diesel,15884,No,677220
Audi,2021-02-20,382573,Good,3,Hybrid,127066,Yes,50000
Tata,2020-05-10,2837313,Poor,5,Petrol,166509,Yes,109250
BMW,2020-09-30,1982663,Good,5,Petrol,140275,No,180278
Tata,2023-08-24,573204,Good,1,Hybrid,11551,No,215372
Mahindra,2024-11-25,1910464,Poor,2,Petrol,165426,Yes,184414
Mahindra,2019-03-28,1894418,Poor,5,Hybrid,54082,Yes,128006
Kia,2018-03-23,2956177,Poor,3,Petrol,97839,Yes,137090
Audi,2018-02-01,1651177,Good,1,Hybrid,52716,No,215404
Kia,2022-08-10,2570806,Good,1,Hybrid,16303,No,802504
Toyota,2023-10-21,2867928,Poor,5,Petrol,10834,Yes,419020
Kia,2023-05-18,1370017,Average,4,Hybrid,193882,No,123277
Hyundai,2020-11-26,1820370,Average,1,Diesel,46521,No,288674
Mahindra,2023-09-12,569828,Excellent,3,Petrol,197312,Yes,65376
Kia,2022-08-28,2874007,Excellent,1,Electric,120724,No,728659
Mahindra,2017-03-01,2992169,Poor,1,Diesel,142530,Yes,108304
Tata,2022-06-29,2269245,Average,2,Hybrid,157011,Yes,239685
Kia,2020-08-01,1653329,Poor,1,Diesel,184716,No,84893
Audi,2015-04-21,1647445,Poor,1,Petrol,11844,Yes,75239
Honda,2019-01-08,1021121,Good,2,Diesel,155195,Yes,72778
Honda,2022-01-28,1731894,Poor,4,Hybrid,116720,No,163386
Honda,2016-08-11,2410790,Poor,5,Diesel,13653,Yes,116023
Tata,2024-02-17,1814193,Excellent,1,Diesel,195036,No,301936
Kia,2017-05-17,2363372,Poor,1,Electric,44906,Yes,162533
Hyundai,2022-06-18,739822,Excellent,2,Hybrid,40371,No,235320
Mahindra,2018-05-19,558568,Good,4,Petrol,123486,No,50000
Ford,2017-11-07,414450,Excellent,2,Electric,137525,No,50000
Maruti,2018-11-21,1637380,Excellent,5,Electric,118681,No,182018
Audi,2022-10-23,345238,Good,5,Diesel,168223,No,50000
Maruti,2015-12-05,454016,Average,3,Electric,67811,Yes,50000
Audi,2015-12-23,1162572,Poor,4,Hybrid,165001,Yes,50000
Toyota,2019-12-11,2255199,Good,2,Hybrid,95041,No,313290
Tata,2024-12-21,2380267,Excellent,5,Petrol,168983,No,423477
Audi,2024-07-10,2302792,Good,1,Diesel,146663,Yes,447713
Tata,2017-04-15,2443547,Good,2,Petrol,62490,No,223477
Tata,2015-04-13,2513037,Excellent,4,Diesel,137326,No,130661
BMW,2020-03-15,2229427,Poor,4,Electric,53010,Yes,199874
Toyota,2019-09-04,1420400,Poor,2,Diesel,37678,Yes,122392
Tata,2023-11-08,2046113,Average,4,Electric,23387,No,550995
BMW,2015-05-08,1537645,Good,5,Diesel,42162,No,100497
BMW,2018-01-05,2526750,Average,3,Diesel,166520,Yes,106799
Kia,2018-09-23,2824388,Poor,3,Electric,10509,Yes,247194
Audi,2018-09-26,2134851,Excellent,2,Hybrid,153147,Yes,188578
Honda,2022-09-10,2693574,Average,3,Diesel,48611,Yes,458922
Ford,2024-04-15,2173977,Excellent,1,Petrol,125129,Yes,519588
Hyundai,2024-06-26,813949,Average,4,Electric,37311,Yes,207633
Ford,2023-12-08,1431133,Poor,5,Electric,25673,Yes,246076
Kia,2024-12-05,1354964,Poor,5,Petrol,144218,No,142297
Kia,2018-02-15,1960925,Excellent,3,Petrol,181315,Yes,105076
Maruti,2022-06-22,2395311,Excellent,3,Hybrid,163619,No,379828
Audi,2021-12-08,1074084,Excellent,3,Hybrid,87612,No,243074
Toyota,2023-10-04,2386492,Good,4,Diesel,140742,No,401783
Toyota,2015-04-25,1103185,Poor,2,Petrol,199938,No,50000
Kia,2024-11-09,393390,Poor,4,Petrol,28986,Yes,67937
Mahindra,2020-08-22,1282147,Average,1,Petrol,19983,Yes,180777
Audi,2023-09-09,2124593,Good,1,Hybrid,120766,No,499576
Maruti,2018-04-11,2050317,Good,3,Petrol,61357,No,209617
Honda,2019-10-11,1602394,Average,4,Diesel,145364,No,109682
Audi,2016-11-11,855995,Excellent,4,Hybrid,158508,No,53411
Audi,2024-05-26,1100599,Good,1,Electric,100246,No,344061
BMW,2024-12-02,1204510,Excellent,5,Hybrid,44165,No,474204
BMW,2015-07-15,2380029,Excellent,3,Petrol,82911,No,170095
Ford,2024-04-03,1241156,Average,2,Electric,5721,Yes,381860
Kia,2017-09-21,1799053,Excellent,1,Electric,152993,No,167663
Tata,2015-02-02,2452196,Good,4,Electric,193829,Yes,68560
Honda,2022-12-14,1391206,Good,3,Hybrid,6135,No,428223
Maruti,2021-01-20,2911404,Poor,4,Diesel,59562,Yes,257496
Kia,2021-01-13,1457597,Excellent,4,Hybrid,91937,No,263608
Tata,2016-02-03,1967643,Good,4,Petrol,73371,No,126469
BMW,2016-02-08,2314608,Average,1,Hybrid,172592,Yes,81146
Maruti,2016-03-06,1427750,Poor,4,Petrol,156310,No,50000
Toyota,2015-11-09,2457711,Average,5,Electric,25993,No,168061
Tata,2020-01-29,1747514,Excellent,5,Diesel,151290,Yes,153494
Audi,2016-01-08,1031330,Average,5,Electric,10980,Yes,68761
Tata,2016-07-01,1477758,Average,3,Electric,29242,Yes,112252
BMW,2024-07-20,1123961,Excellent,3,Petrol,116029,No,294951
Mahindra,2019-02-18,2690727,Average,1,Diesel,29627,Yes,307093
Kia,2017-01-25,2083226,Good,4,Petrol,74088,No,156470
Mahindra,2022-03-30,1542280,Good,5,Electric,105014,Yes,238579
Ford,2019-03-24,1529693,Average,1,Hybrid,129587,No,132405
Hyundai,2020-01-15,1885852,Average,2,Diesel,126574,No,168867
Mahindra,2024-03-18,485623,Poor,4,Electric,159676,Yes,50000
Mahindra,2016-12-14,1346932,Poor,2,Hybrid,77885,No,74818
Ford,2019-09-12,2157085,Poor,1,Petrol,160259,Yes,97625
Mahindra,2017-11-04,2983612,Good,5,Hybrid,56757,No,294393
Audi,2021-10-27,2543434,Average,1,Diesel,120789,Yes,297930
Audi,2015-02-14,2118741,Average,5,Electric,30380,Yes,113873
Audi,2024-06-22,901569,Good,4,Electric,39284,No,316459
BMW,2017-03-08,374377,Good,5,Electric,112892,Yes,50000
Mahindra,2022-09-04,2577778,Poor,4,Diesel,169886,Yes,160587
Maruti,2017-08-06,325312,Poor,1,Hybrid,119535,Yes,50000
Hyundai,2024-07-04,1656461,Average,4,Electric,187124,No,202462
Maruti,2017-06-28,2015658,Poor,4,Hybrid,14384,No,140565
Ford,2018-02-08,1042936,Average,5,Diesel,137502,Yes,50000
Toyota,2016-01-11,2743404,Poor,4,Petrol,100883,Yes,82807
Toyota,2022-04-03,2489324,Good,4,Electric,65834,No,546929
BMW,2023-10-26,2037541,Good,4,Hybrid,163452,Yes,285133
Toyota,2021-08-09,2649062,Poor,5,Diesel,113711,Yes,186845
Ford,2019-03-22,2372977,Good,3,Diesel,171328,Yes,147080
Honda,2019-06-10,1800241,Excellent,3,Hybrid,51391,No,317733
Maruti,2018-12-26,2157771,Excellent,4,Hybrid,32307,No,359694
Mahindra,2024-11-13,1514171,Average,4,Hybrid,188130,Yes,164774
Mahindra,2015-07-21,2482136,Excellent,1,Diesel,119991,No,175579
Ford,2019-03-25,2318533,Excellent,1,Petrol,88365,No,327259
Kia,2015-07-25,2842487,Excellent,2,Diesel,47264,No,268668
Mahindra,2016-01-03,2110366,Average,5,Electric,169663,No,70345
Hyundai,2024-03-06,2740163,Average,5,Hybrid,139410,No,400123
BMW,2017-04-30,2587402,Poor,5,Diesel,96960,No,110245
BMW,2016-10-07,1517760,Good,4,Petrol,94688,No,98651
Honda,2015-05-26,815847,Good,5,Hybrid,125923,No,50000
Kia,2022-03-30,992364,Poor,1,Electric,149990,Yes,88576
Hyundai,2016-07-03,2287235,Average,4,Petrol,72912,Yes,113438
Hyundai,2022-08-23,771404,Average,1,Electric,14940,Yes,186173
Maruti,2024-09-20,2300621,Average,1,Hybrid,144467,Yes,399767
Audi,2019-11-02,2522502,Excellent,3,Electric,82156,No,442140
Mahindra,2023-06-22,1107812,Poor,5,Electric,99747,Yes,128969
Toyota,2020-12-14,951890,Good,5,Petrol,33189,No,149491
Maruti,2018-06-11,734279,Average,4,Hybrid,173446,No,50000
Toyota,2022-01-16,2536572,Poor,2,Diesel,183737,No,158206
Honda,2015-12-05,2050343,Average,5,Petrol,173513,Yes,50000
Audi,2016-11-29,2609387,Excellent,1,Petrol,68973,No,275866
Honda,2020-04-25,2163625,Good,3,Petrol,177681,Yes,142180
Maruti,2021-10-15,2279148,Average,2,Diesel,106875,Yes,271858
Tata,2021-01-21,2508661,Excellent,1,Electric,68036,No,634523
Maruti,2016-04-22,1226725,Excellent,2,Hybrid,58531,No,133378
Hyundai,2019-11-21,1827380,Good,1,Hybrid,54131,No,317714
Tata,2023-03-26,2134897,Excellent,4,Petrol,141472,Yes,331090
Honda,2016-09-03,2571190,Excellent,2,Diesel,77509,No,256334
BMW,2022-06-24,2011842,Average,3,Hybrid,87413,Yes,298635
Mahindra,2024-09-01,2632882,Average,1,Hybrid,168491,No,426196
BMW,2020-12-04,312226,Excellent,4,Diesel,153264,Yes,50000
Hyundai,2015-04-29,1477039,Good,5,Petrol,135775,Yes,51442
BMW,2018-04-08,964325,Good,3,Electric,178908,Yes,54598
Hyundai,2017-01-30,2543712,Poor,3,Petrol,23104,No,149102
Kia,2021-09-23,2730765,Average,4,Hybrid,134984,Yes,263034
Kia,2017-04-17,2241940,Good,1,Petrol,36865,No,239330
Mahindra,2023-10-15,2703150,Poor,3,Diesel,57951,No,441576
Hyundai,2020-10-18,2850420,Poor,5,Electric,37948,Yes,281069
Audi,2016-12-02,1799071,Poor,1,Petrol,40646,Yes,96212
Hyundai,2015-02-26,2326231,Good,3,Diesel,82241,No,139960
Kia,2024-06-12,2176047,Excellent,5,Petrol,95775,No,554021
Kia,2021-03-30,2013216,Excellent,1,Diesel,29891,No,539269
Toyota,2021-01-25,2972313,Poor,1,Electric,153746,No,237427
Honda,2023-01-08,443533,Poor,3,Electric,59455,Yes,64835
Tata,2020-12-29,2639013,Average,1,Diesel,103287,No,329581
Tata,2017-03-17,2415118,Poor,5,Diesel,160584,Yes,62358
Audi,2018-02-18,323111,Poor,3,Electric,61627,Yes,50000
Tata,2016-03-29,655062,Average,5,Petrol,5114,No,50000
Ford,2024-07-26,864990,Good,3,Electric,62201,No,297694
Toyota,2020-05-04,2209809,Good,1,Electric,9075,No,519847
Ford,2017-06-24,1690059,Good,4,Petrol,117893,Yes,98454
Ford,2022-01-25,1058260,Average,1,Hybrid,67377,Yes,178651
Ford,2022-01-05,1668579,Poor,2,Electric,51298,Yes,225961
Audi,2020-03-01,2841049,Good,4,Electric,97019,No,385227
Maruti,2015-07-08,1083239,Good,5,Petrol,143814,Yes,50000
Toyota,2017-05-17,406495,Excellent,1,Diesel,13635,No,61534
Ford,2019-11-21,1207984,Excellent,2,Electric,29662,No,279709
Toyota,2024-03-15,1135108,Excellent,2,Petrol,8692,No,470503
Audi,2016-09-06,1471795,Good,3,Diesel,94846,No,106956
Kia,2022-04-08,2293642,Excellent,3,Petrol,10256,No,653909
Kia,2021-07-02,2965045,Average,3,Hybrid,113695,Yes,329027
Tata,2016-03-20,857817,Poor,3,Hybrid,99635,No,50000
Mahindra,2021-09-03,2983343,Poor,5,Electric,75690,Yes,290367
Kia,2018-11-22,440356,Poor,3,Diesel,25974,No,50000
BMW,2016-02-21,2983204,Poor,4,Electric,40606,Yes,145064
Toyota,2020-10-09,2552774,Excellent,1,Diesel,153607,Yes,308952
Toyota,2018-01-10,2938452,Excellent,3,Diesel,67665,No,361109
Mahindra,2022-05-31,1222006,Poor,1,Electric,131182,No,140205
Kia,2015-09-02,1670122,Average,5,Diesel,133034,No,59572
Kia,2022-11-29,2325476,Excellent,2,Petrol,161557,Yes,334138
Hyundai,2022-04-30,721069,Excellent,2,Hybrid,183898,Yes,90315
Mahindra,2021-11-16,1570612,Good,2,Hybrid,146418,Yes,201496
Mahindra,2016-12-14,1666412,Good,4,Diesel,92004,No,121181
Kia,2023-04-22,2002330,Average,2,Hybrid,7785,Yes,493319
Hyundai,2021-08-16,2698537,Poor,3,Electric,100714,Yes,260419
Mahindra,2017-07-21,2199796,Good,4,Hybrid,55308,No,221298
Toyota,2015-09-14,2391150,Poor,1,Diesel,16784,Yes,122723
BMW,2020-02-07,427921,Poor,4,Petrol,112653,Yes,50000
Tata,2019-01-25,2281885,Poor,4,Petrol,94221,Yes,116683
Toyota,2023-09-25,2254892,Good,2,Hybrid,73423,No,641305
Ford,2024-02-10,1673495,Average,2,Diesel,125080,No,293044
Toyota,2021-12-10,1839478,Average,2,Hybrid,43213,No,354499
Honda,2024-03-13,807032,Average,5,Electric,191359,No,84970
Hyundai,2017-10-20,2990048,Excellent,2,Electric,171569,Yes,210852
Tata,2020-08-04,1369389,Poor,5,Diesel,83317,No,105868
Kia,2022-06-21,735867,Average,1,Hybrid,70058,No,145667
Tata,2021-09-30,396774,Good,4,Hybrid,35741,No,85270
BMW,2019-03-24,408571,Poor,1,Petrol,111710,Yes,50000
Hyundai,2019-01-28,2475917,Average,3,Electric,17395,No,331627
Kia,2015-11-26,1953852,Average,1,Petrol,174723,Yes,57023
Ford,2020-04-28,1460163,Good,3,Hybrid,56970,No,242412
Ford,2020-11-12,1096463,Good,5,Diesel,129198,No,116435
Audi,2018-11-24,672398,Average,5,Electric,71871,Yes,56501
Toyota,2021-09-18,1203699,Excellent,5,Electric,153111,Yes,154466
Toyota,2017-07-24,2053955,Good,1,Electric,124947,Yes,166521
Tata,2020-05-10,1076927,Excellent,1,Diesel,74196,No,208757
Maruti,2021-04-17,1793157,Average,2,Petrol,154355,No,154326
Toyota,2018-11-11,1330634,Excellent,2,Diesel,71029,No,194852
Maruti,2022-10-01,2251826,Average,5,Diesel,68702,No,351914
Honda,2017-07-27,2362724,Average,3,Hybrid,88482,Yes,157055
Mahindra,2019-01-30,575298,Good,4,Petrol,92165,No,55143
Mahindra,2018-03-13,1208332,Average,5,Hybrid,58496,No,100297
BMW,2018-04-13,882751,Good,1,Electric,146872,No,78201
Hyundai,2017-11-08,974769,Excellent,2,Electric,108907,Yes,103145
Honda,2021-04-04,1637584,Excellent,4,Hybrid,150093,Yes,199094
Audi,2021-02-19,1072730,Poor,3,Electric,9468,Yes,139422
Audi,2022-06-20,1171331,Good,5,Hybrid,21129,No,281083
Hyundai,2017-06-19,301114,Poor,2,Petrol,51542,No,50000
Kia,2024-09-18,730184,Average,2,Diesel,20755,No,225228
Toyota,2021-03-28,2193113,Excellent,5,Petrol,14223,No,463665
Audi,2015-07-31,901611,Poor,1,Hybrid,106214,Yes,50000
BMW,2019-04-06,1250113,Average,1,Hybrid,43057,No,164096
Tata,2018-10-22,1632481,Good,5,Petrol,106415,No,131201
Ford,2017-10-12,1625650,Poor,5,Petrol,152087,No,50686
Honda,2018-05-25,959857,Good,3,Petrol,113887,Yes,70241
Hyundai,2017-08-04,453055,Poor,1,Electric,62126,Yes,50000
Ford,2022-10-17,475150,Excellent,4,Electric,104723,No,114047
Ford,2015-10-04,1754414,Good,3,Diesel,35467,No,141426
BMW,2024-06-11,2634596,Excellent,5,Electric,135542,Yes,590049
Maruti,2021-04-27,942743,Average,5,Petrol,109414,Yes,80826
Mahindra,2015-03-08,1495005,Good,5,Electric,95828,No,85340
Maruti,2024-12-14,2409611,Excellent,4,Electric,27854,No,1145307
Hyundai,2017-12-27,2575510,Good,1,Diesel,120635,Yes,202357
Ford,2020-06-28,1101071,Poor,5,Diesel,153877,No,56466
BMW,2023-06-12,1642182,Poor,1,Hybrid,29445,Yes,302528
Honda,2023-12-22,1377374,Poor,1,Diesel,7955,Yes,279823
Tata,2021-04-09,2838916,Good,1,Hybrid,185830,Yes,258288
Audi,2023-01-19,1835403,Poor,1,Electric,47820,No,348957
Tata,2021-12-15,2153934,Excellent,3,Petrol,116111,No,370442
Hyundai,2019-01-31,454398,Average,1,Electric,41993,No,61821
BMW,2021-07-28,977714,Average,2,Diesel,184200,Yes,67511
BMW,2016-10-13,1373530,Good,1,Hybrid,12627,No,168462
Ford,2022-06-14,648399,Good,5,Hybrid,8317,No,162309
Mahindra,2015-03-08,377256,Good,3,Petrol,127138,No,50000
Kia,2021-03-16,1965307,Poor,5,Electric,17122,Yes,223541
Mahindra,2023-07-14,1367997,Average,2,Electric,111587,Yes,239587
Honda,2023-11-11,815695,Average,5,Hybrid,160246,Yes,88593
Maruti,2019-04-15,2992776,Average,5,Hybrid,56370,Yes,269271
Audi,2022-03-27,2309547,Average,4,Petrol,42200,No,366903
BMW,2020-11-20,2223702,Poor,1,Diesel,102885,Yes,184606
Honda,2020-09-16,2735306,Poor,3,Hybrid,156038,Yes,154670
Audi,2021-03-14,2601249,Good,5,Petrol,46921,No,403335
Maruti,2024-03-26,1907412,Good,4,Diesel,30766,No,586613
Tata,2019-06-13,2927677,Excellent,2,Petrol,19121,No,539916
Kia,2024-09-17,2303213,Average,4,Electric,34315,No,685119
Toyota,2020-02-23,1743969,Good,4,Diesel,88352,No,216882
Ford,2018-08-31,2484158,Good,2,Hybrid,11327,No,394798
Maruti,2018-12-19,2749556,Poor,4,Petrol,159221,Yes,94614
Tata,2021-11-01,2420705,Excellent,3,Diesel,126921,Yes,370524
Ford,2022-08-11,512615,Poor,4,Electric,67587,Yes,63960
Maruti,2020-08-20,2574658,Excellent,1,Electric,5096,No,773046
Ford,2019-06-01,1998792,Good,2,Petrol,139234,Yes,157393
Hyundai,2023-01-17,2763719,Poor,4,Electric,152019,No,261855
Maruti,2019-05-13,863464,Average,1,Petrol,187826,Yes,50000
Toyota,2016-05-25,305053,Poor,3,Diesel,31677,No,50000
Audi,2023-01-07,343215,Average,1,Electric,150665,Yes,50000
Kia,2024-09-19,718114,Poor,2,Diesel,180441,No,71159
Honda,2016-06-14,1877522,Poor,3,Petrol,55141,No,87846
Tata,2019-04-16,766221,Average,3,Diesel,142363,Yes,50000
Hyundai,2015-04-09,1111620,Excellent,5,Hybrid,89414,No,74979
BMW,2017-07-01,1652925,Good,3,Electric,54374,No,186118
Audi,2015-08-25,2385577,Poor,4,Diesel,182571,No,50000
Ford,2019-03-30,2701018,Good,2,Hybrid,141517,Yes,232994
BMW,2021-04-05,2358716,Poor,2,Hybrid,189482,No,131331
Kia,2017-05-23,2174479,Excellent,4,Diesel,64174,No,231029
Toyota,2017-11-16,1213058,Excellent,2,Diesel,84352,No,142520
Audi,2018-07-09,2111849,Good,2,Diesel,196762,No,109904
Honda,2024-08-12,1358948,Excellent,1,Petrol,64806,No,511781
Tata,2021-10-11,493209,Good,1,Diesel,189288,Yes,50000
Maruti,2024-06-20,1475081,Poor,5,Hybrid,183276,Yes,110783
Mahindra,2024-04-04,1345042,Good,3,Diesel,29626,No,441613
Kia,2021-10-11,1696390,Poor,4,Diesel,109113,No,148859
Maruti,2016-08-13,1422620,Poor,3,Petrol,63758,Yes,59362
Maruti,2015-06-15,654825,Good,1,Petrol,78723,No,50000
Mahindra,2016-09-07,1062140,Poor,2,Diesel,55941,Yes,52362
Audi,2016-07-21,2544804,Poor,1,Diesel,57346,Yes,128523
Tata,2020-07-12,1005363,Excellent,3,Electric,168720,No,118857
Hyundai,2020-08-05,2067502,Excellent,1,Petrol,175037,No,215184
Kia,2019-09-06,844016,Excellent,5,Hybrid,54829,No,135799
Toyota,2020-06-13,919914,Average,2,Hybrid,68654,Yes,112774
BMW,2016-02-09,1202309,Excellent,3,Hybrid,169944,No,64569
Tata,2023-07-23,1445238,Good,5,Diesel,163341,No,190222
Toyota,2023-06-27,1012472,Poor,2,Petrol,190828,Yes,62981
Mahindra,2015-09-08,587664,Poor,1,Electric,61488,Yes,50000
Hyundai,2015-02-23,1205602,Average,2,Petrol,171465,No,50000
Tata,2023-11-20,2974855,Average,1,Petrol,124715,Yes,445020
Maruti,2017-02-16,2691811,Good,5,Hybrid,140419,Yes,139618
Mahindra,2017-01-25,1153869,Average,5,Petrol,18145,No,81414
Honda,2018-02-18,1530403,Poor,1,Petrol,153064,No,62754
Ford,2021-05-07,648681,Good,2,Petrol,131543,Yes,73293
Hyundai,2024-05-03,1160045,Excellent,4,Petrol,148452,Yes,205878
Mahindra,2019-02-23,2719344,Excellent,1,Diesel,179756,Yes,207502
Toyota,2015-01-24,1033275,Excellent,2,Hybrid,112178,No,71391
BMW,2024-09-10,1443179,Average,4,Diesel,42019,Yes,329992
Honda,2021-10-20,333162,Excellent,5,Diesel,39393,No,75432
BMW,2017-07-13,554938,Poor,2,Petrol,105983,Yes,50000
Mahindra,2018-04-12,2771365,Average,1,Electric,163708,Yes,157263
Honda,2015-07-15,2098307,Average,5,Electric,47938,No,125293
BMW,2016-07-17,2838167,Excellent,1,Electric,13559,No,425388
Honda,2024-08-13,2100175,Average,2,Electric,118140,No,470537
Ford,2024-03-18,2118429,Average,3,Hybrid,95570,No,445380
Ford,2015-01-11,576634,Average,3,Petrol,154231,Yes,50000
BMW,2021-09-23,520851,Poor,1,Petrol,107128,Yes,50000
Mahindra,2023-01-29,2197654,Excellent,5,Petrol,175802,Yes,245120
Hyundai,2022-09-30,1569237,Average,2,Electric,126930,Yes,222167
Audi,2017-07-13,521562,Good,5,Electric,125143,Yes,50000
Hyundai,2017-11-17,462032,Good,5,Hybrid,93119,No,50000
Tata,2017-11-23,2738621,Poor,1,Hybrid,31794,Yes,202825
Hyundai,2017-03-01,1826811,Poor,4,Hybrid,119044,No,76548
Ford,2019-08-14,2690916,Poor,2,Hybrid,34721,No,275320
BMW,2017-03-22,2620838,Poor,2,Petrol,120593,Yes,96730
Mahindra,2017-07-17,552335,Good,5,Hybrid,92251,No,50000
Toyota,2017-03-11,1971950,Poor,4,Petrol,152206,Yes,53383
Audi,2016-05-04,2067628,Good,4,Hybrid,125738,No,121615
BMW,2024-02-13,1623533,Poor,5,Diesel,27292,Yes,252278
Honda,2022-06-14,2066166,Excellent,5,Electric,88956,No,477133
Hyundai,2023-07-05,1403005,Poor,4,Hybrid,144024,No,142177
Toyota,2015-05-12,986630,Excellent,1,Diesel,124772,Yes,59267
BMW,2023-07-10,1667567,Average,4,Petrol,26779,Yes,311506
Toyota,2019-11-09,2758796,Good,4,Hybrid,174841,Yes,185792
Maruti,2017-01-04,2304079,Average,4,Hybrid,30246,No,187173
Kia,2015-10-07,2083340,Good,1,Electric,81845,No,174638
Toyota,2023-05-27,2788392,Excellent,5,Diesel,126111,Yes,491714
BMW,2024-03-11,1293219,Poor,4,Petrol,149343,No,123801
Maruti,2020-01-03,734961,Average,2,Diesel,152238,Yes,50196
Tata,2020-11-15,1236013,Average,5,Petrol,56014,Yes,126164
Maruti,2015-02-20,2665519,Excellent,3,Diesel,158196,Yes,112489
Maruti,2017-12-06,1221916,Excellent,5,Petrol,91254,No,110200
Toyota,2019-01-07,2593696,Good,5,Petrol,160012,Yes,140398
Maruti,2018-10-07,404289,Excellent,5,Petrol,18331,No,56354
Maruti,2015-07-22,1488816,Average,1,Electric,179572,Yes,50000
Audi,2022-04-09,2828762,Excellent,4,Diesel,71103,No,644980
Hyundai,2024-11-08,1886279,Poor,3,Hybrid,52738,Yes,359486
Honda,2016-09-10,923594,Average,5,Petrol,93697,Yes,50000
Toyota,2023-10-04,1009256,Excellent,5,Diesel,53749,No,296730
Maruti,2016-03-17,1549619,Average,5,Diesel,176756,Yes,50000
Hyundai,2022-04-10,2624709,Good,5,Hybrid,20029,No,612655
Maruti,2022-09-30,994959,Poor,1,Diesel,155960,No,90739
Maruti,2021-05-28,529924,Poor,2,Petrol,110290,Yes,50000
Mahindra,2016-04-07,2706474,Average,3,Diesel,79560,No,158004
BMW,2024-03-15,2897737,Good,5,Petrol,33701,No,770524
Honda,2020-08-31,2371307,Excellent,3,Petrol,46752,No,455394
Toyota,2022-01-23,2350721,Good,5,Diesel,82458,No,386231
BMW,2024-07-27,695978,Excellent,3,Petrol,116501,Yes,164465
Honda,2022-07-04,1467199,Good,5,Hybrid,11420,No,366618
Toyota,2018-10-14,1496663,Excellent,5,Electric,61551,No,215127
Audi,2018-10-22,2611862,Excellent,5,Petrol,104560,Yes,228879
Honda,2017-02-24,1040393,Average,5,Petrol,104457,Yes,50000
Mahindra,2017-09-07,2890562,Average,2,Diesel,155403,Yes,132436
Toyota,2016-01-29,2841135,Average,1,Electric,49113,Yes,207472
Audi,2020-08-12,2859171,Average,1,Hybrid,121341,No,325164
Mahindra,2019-05-10,2861404,Excellent,3,Petrol,92998,No,362896
Tata,2021-01-27,602217,Average,2,Electric,193139,No,50000
Mahindra,2017-04-20,654470,Poor,2,Electric,94729,Yes,50000
Maruti,2023-09-05,2727572,Poor,3,Petrol,199170,Yes,153159
Honda,2022-03-20,1691048,Average,4,Petrol,14440,Yes,266983
Hyundai,2016-03-11,1251395,Good,1,Petrol,154722,Yes,55500
Hyundai,2016-12-19,1742098,Excellent,2,Diesel,18839,No,230186
Tata,2021-02-14,2294481,Poor,3,Diesel,190048,Yes,99359
Mahindra,2018-07-08,826846,Excellent,5,Petrol,78168,No,87167
Hyundai,2016-02-28,2483929,Good,1,Electric,27143,No,277673
Tata,2021-10-31,2534497,Excellent,1,Petrol,110592,Yes,440069
Tata,2020-02-28,2366514,Excellent,4,Petrol,127972,Yes,241661
Audi,2015-02-18,646436,Excellent,5,Diesel,187669,No,50000
Hyundai,2016-11-03,2942253,Poor,3,Hybrid,114963,No,126652
Ford,2017-06-23,2021268,Poor,3,Diesel,122581,Yes,78050
Tata,2022-03-21,1662164,Poor,5,Petrol,64217,Yes,153018
Honda,2022-10-13,1214851,Poor,2,Electric,81316,Yes,163940
Kia,2021-03-14,2644624,Poor,3,Diesel,97585,Yes,213473
Toyota,2021-04-17,2717590,Excellent,1,Hybrid,121520,Yes,465481
Toyota,2021-06-22,2940111,Average,3,Diesel,117050,No,332251
Ford,2021-10-21,2397335,Average,5,Diesel,30593,No,374243
Hyundai,2022-02-05,1397902,Poor,4,Diesel,168113,No,89284
Toyota,2022-08-01,457066,Good,2,Petrol,43233,No,106913
Maruti,2024-08-05,373838,Poor,1,Diesel,101112,Yes,57222
Tata,2017-07-07,1488914,Good,2,Electric,84154,No,155925
Mahindra,2020-05-04,836643,Good,2,Electric,45270,No,163713
BMW,2023-01-22,1674158,Poor,5,Petrol,97188,Yes,151988
Maruti,2017-06-12,2623517,Poor,3,Diesel,63163,No,149525
Toyota,2022-12-04,1134299,Good,2,Hybrid,39445,No,325316
Kia,2017-05-03,693555,Good,2,Hybrid,106269,Yes,53644
Tata,2018-01-23,1572378,Average,5,Hybrid,136838,No,86274
Maruti,2022-02-02,1896297,Excellent,1,Electric,170299,Yes,285481
Maruti,2021-02-07,2888081,Excellent,5,Petrol,18442,No,588597
Audi,2020-01-29,593932,Good,5,Diesel,126067,Yes,50847
Hyundai,2020-09-22,2836767,Good,1,Petrol,109721,Yes,344462
Tata,2019-03-30,672404,Poor,4,Petrol,41161,Yes,50000
Honda,2020-04-17,810706,Good,4,Hybrid,151087,No,77506
Maruti,2021-04-03,323657,Poor,1,Diesel,14699,Yes,50000
Mahindra,2019-09-07,2292996,Average,2,Hybrid,67510,Yes,249382
Maruti,2017-05-31,2419494,Good,5,Petrol,148244,No,121524
Mahindra,2019-01-13,2448256,Average,1,Hybrid,139208,No,193813
Kia,2016-04-13,2628836,Poor,1,Diesel,71848,No,132721
BMW,2023-07-09,474741,Excellent,3,Hybrid,88324,No,138506
Mahindra,2022-08-19,612330,Excellent,2,Hybrid,29547,No,208567
Mahindra,2020-05-03,1656453,Poor,5,Hybrid,68947,Yes,125774
Mahindra,2022-07-31,2773745,Average,5,Hybrid,61567,No,463663
Mahindra,2022-04-18,1644340,Excellent,1,Diesel,60135,No,464077
Audi,2016-06-09,1019118,Good,4,Electric,66399,No,86756
Hyundai,2022-03-23,506870,Poor,2,Hybrid,111567,No,56283
Audi,2023-02-19,679128,Average,1,Diesel,191944,No,65994
Maruti,2023-01-22,396774,Average,4,Diesel,90783,No,62668
Maruti,2018-01-20,2330579,Average,2,Electric,30624,Yes,239415
BMW,2016-09-13,2564585,Good,2,Electric,123756,Yes,172919
BMW,2021-01-19,954647,Excellent,1,Petrol,75835,No,191994
Hyundai,2022-02-13,2329092,Poor,4,Electric,175691,No,159474
Hyundai,2018-01-02,2164978,Good,3,Diesel,89091,No,200551
Toyota,2020-12-25,2871211,Average,5,Electric,64893,No,387876
Hyundai,2019-12-26,1164771,Good,1,Hybrid,123708,Yes,132735
Toyota,2021-04-29,2189956,Good,5,Hybrid,107823,No,300782
Maruti,2016-03-08,2299677,Excellent,4,Hybrid,75086,No,204246
Toyota,2020-12-30,366506,Average,4,Diesel,160768,Yes,50000
Ford,2022-12-31,643240,Good,4,Hybrid,10423,No,185665
Audi,2016-02-25,2180520,Poor,5,Hybrid,134410,No,66739
Tata,2018-04-01,948722,Good,3,Diesel,84892,No,93257
Ford,2021-06-29,380051,Average,5,Electric,97701,Yes,50000
Audi,2024-10-25,2413166,Poor,5,Petrol,197461,Yes,147415
Hyundai,2024-11-07,2635625,Excellent,3,Diesel,34296,No,1123999
Mahindra,2015-10-20,703909,Good,5,Hybrid,162067,Yes,50000
BMW,2024-08-09,1929024,Excellent,5,Diesel,108076,No,507452
Hyundai,2017-07-22,2553293,Average,1,Hybrid,28302,Yes,241696
Maruti,2017-01-21,2822756,Poor,5,Petrol,111554,No,99693
Kia,2015-06-04,649020,Poor,2,Hybrid,168150,Yes,50000
Ford,2022-07-20,1756310,Poor,4,Diesel,74706,No,206231
Audi,2024-08-29,539815,Excellent,5,Petrol,126957,Yes,108511
Honda,2024-02-10,1266531,Average,1,Petrol,63139,Yes,265543
Maruti,2018-09-11,1857209,Excellent,4,Petrol,5040,No,284725
Tata,2015-12-30,2739099,Good,3,Hybrid,148027,Yes,126586
Maruti,2023-11-29,2267995,Excellent,4,Hybrid,177095,Yes,348035
Ford,2016-11-30,1758521,Poor,2,Electric,133709,Yes,69496
Hyundai,2023-06-05,792667,Excellent,4,Diesel,41012,No,246765
Ford,2017-06-04,1076871,Poor,1,Diesel,128214,Yes,50000
Audi,2024-08-13,2235599,Excellent,1,Petrol,188522,No,399237
BMW,2024-10-12,2721870,Poor,5,Electric,10453,Yes,566840
Maruti,2018-03-05,976547,Good,3,Diesel,111393,No,83160
Audi,2021-06-30,2665344,Poor,5,Hybrid,39062,No,306581
Ford,2021-08-30,2268974,Poor,1,Petrol,81594,Yes,220956
Toyota,2024-05-30,1621124,Excellent,3,Hybrid,81963,No,563282
Kia,2018-12-15,634113,Good,4,Petrol,135207,Yes,50000
Honda,2015-01-15,829295,Average,4,Petrol,109269,Yes,50000
Maruti,2022-04-23,1997398,Good,1,Hybrid,8693,No,609904
Kia,2024-07-25,1813728,Average,2,Diesel,36402,Yes,463795
Audi,2018-10-23,2184497,Average,3,Hybrid,130465,Yes,142397
Maruti,2018-03-07,1000815,Average,3,Diesel,74966,Yes,73280
BMW,2018-10-10,1634562,Excellent,2,Diesel,196333,No,106836
Tata,2016-03-01,1932027,Good,1,Hybrid,168111,No,98342
Honda,2024-03-01,2755219,Good,3,Hybrid,134113,Yes,524815
Maruti,2016-04-23,809367,Good,2,Petrol,128819,Yes,50000
Audi,2021-10-13,1609099,Excellent,3,Hybrid,99018,No,336110
Audi,2018-05-14,1768321,Poor,5,Petrol,199014,Yes,50000
Tata,2018-10-19,2115847,Good,5,Diesel,36527,No,247641
Mahindra,2015-12-05,1152667,Average,1,Diesel,162193,No,50000
Ford,2020-04-25,2170091,Good,3,Petrol,22862,No,359000
Honda,2022-04-16,2284196,Excellent,1,Hybrid,125757,Yes,449163
Toyota,2017-03-06,1933099,Good,2,Electric,27961,No,241547
BMW,2016-05-23,2444429,Average,3,Petrol,22637,Yes,153948
Maruti,2022-05-10,983192,Average,4,Diesel,161175,No,91900
Hyundai,2023-12-31,707896,Excellent,2,Diesel,84254,No,225188
Kia,2015-06-28,315265,Good,3,Hybrid,119147,No,50000
Toyota,2018-02-21,356255,Excellent,2,Diesel,155905,No,50000
Audi,2018-04-24,1859153,Excellent,5,Electric,95337,No,212361
Tata,2019-12-26,2648305,Good,3,Electric,117311,No,332295
Toyota,2016-05-19,2513703,Excellent,1,Electric,11408,No,369745
Hyundai,2018-09-30,1375537,Good,1,Petrol,67864,No,164093
Tata,2015-02-15,2645087,Good,3,Electric,105848,Yes,144022
Hyundai,2015-11-03,613802,Average,2,Petrol,106417,No,50000
Audi,2024-05-13,1067465,Average,2,Petrol,86384,No,222063
Mahindra,2024-07-08,1515669,Average,5,Diesel,134801,Yes,203003
Ford,2017-09-19,1336843,Average,2,Diesel,48996,Yes,106892
BMW,2022-02-12,1217891,Average,1,Diesel,143075,Yes,131073
Ford,2023-04-01,553443,Good,3,Petrol,64294,No,125448
Honda,2016-03-15,916632,Poor,5,Diesel,86014,No,50000
Honda,2019-02-18,2721346,Excellent,5,Diesel,165419,Yes,185518
Tata,2015-09-07,1890822,Excellent,4,Diesel,161440,Yes,80461
Maruti,2015-03-15,2338037,Average,2,Hybrid,165133,Yes,71164
Hyundai,2022-08-10,1308940,Poor,1,Petrol,20695,No,211193
Hyundai,2015-12-11,2076267,Good,2,Petrol,9797,No,186453
Honda,2018-02-13,1542756,Excellent,5,Electric,148547,No,126404
Honda,2019-11-08,2412424,Good,3,Electric,175194,Yes,182177
Maruti,2022-03-23,672619,Average,3,Electric,175310,Yes,59697
Honda,2020-12-19,2371250,Good,5,Petrol,128077,Yes,216443
Hyundai,2020-12-28,390181,Excellent,3,Hybrid,24396,No,98267
BMW,2020-08-30,536542,Poor,1,Hybrid,76651,Yes,51905
Tata,2023-02-18,371448,Average,4,Petrol,186446,No,50000
Hyundai,2020-01-20,1005553,Poor,2,Petrol,38259,Yes,85804
Ford,2024-09-20,963410,Average,2,Petrol,153914,Yes,130704
Tata,2016-11-29,1762861,Poor,5,Electric,8600,No,114178
Maruti,2024-11-30,1411617,Good,1,Petrol,100316,Yes,355506
Audi,2016-05-01,334522,Average,3,Petrol,166467,No,50000
BMW,2018-10-01,2074083,Average,3,Petrol,13496,No,219967
Honda,2023-09-04,2255065,Average,3,Petrol,156024,Yes,240974
Kia,2019-06-04,492980,Good,4,Diesel,140830,Yes,50000
Maruti,2019-07-11,2543231,Good,4,Diesel,70698,No,309720
BMW,2024-11-05,705510,Good,1,Petrol,185092,Yes,101112
Honda,2024-10-27,1920478,Excellent,2,Hybrid,40900,No,894836
Kia,2021-01-13,2884051,Excellent,4,Hybrid,82798,No,544495
Hyundai,2015-06-19,1605674,Poor,1,Petrol,40659,No,75283
Toyota,2021-05-31,372602,Excellent,3,Petrol,68654,No,73816
Tata,2018-10-05,768245,Good,1,Hybrid,93187,No,93521
BMW,2021-04-05,337499,Poor,1,Hybrid,50630,Yes,50000
Mahindra,2023-08-25,407296,Poor,1,Diesel,160136,No,50000
Maruti,2017-02-02,2706204,Excellent,2,Diesel,125603,Yes,203655
Mahindra,2021-11-12,1263017,Good,5,Petrol,11452,No,248796
BMW,2016-10-04,398710,Excellent,3,Electric,102858,No,50000
Tata,2016-06-20,1163308,Excellent,4,Electric,42250,No,131766
Kia,2022-09-11,1858231,Poor,4,Hybrid,162756,No,145169
Maruti,2019-07-20,526744,Poor,4,Diesel,170985,Yes,50000
Ford,2020-11-14,2371155,Poor,3,Petrol,53478,Yes,206245
Maruti,2017-07-24,2224468,Excellent,4,Diesel,74794,No,232014
Tata,2023-10-05,2682977,Good,5,Hybrid,32824,No,761093
Kia,2021-01-23,1333040,Poor,2,Petrol,193675,Yes,54458
Audi,2021-12-09,886176,Excellent,4,Diesel,20437,No,233836
Tata,2016-07-27,2891016,Average,1,Petrol,161698,Yes,103837
Honda,2023-01-10,2892710,Poor,5,Hybrid,99319,No,328217
Kia,2017-01-19,1195371,Average,1,Electric,46140,Yes,103497
Tata,2016-10-03,1224230,Poor,5,Hybrid,80605,Yes,50000
Honda,2019-12-15,2454351,Excellent,3,Diesel,35718,No,469401
Honda,2016-08-09,2703483,Average,5,Hybrid,157417,No,102287
Tata,2024-06-22,358997,Poor,2,Hybrid,86683,No,65072
Hyundai,2019-04-01,318813,Poor,3,Petrol,50362,No,50000
Kia,2022-02-26,2984182,Excellent,4,Diesel,167761,No,385810
Maruti,2023-11-26,2213049,Average,1,Hybrid,51153,No,598414
BMW,2015-12-20,2562925,Poor,2,Electric,117737,No,105738
Maruti,2024-12-27,402074,Excellent,5,Hybrid,34327,No,166219
Hyundai,2020-08-11,2676744,Poor,4,Petrol,55615,Yes,208957
Ford,2020-07-14,1135176,Poor,4,Petrol,96387,No,81019
Honda,2016-11-29,1448681,Average,2,Petrol,72601,No,95475
Kia,2024-12-17,847644,Excellent,2,Petrol,61238,No,325773
Honda,2021-03-17,902186,Good,2,Electric,86311,No,170545
Honda,2020-08-26,787985,Average,1,Hybrid,32915,Yes,121326
Maruti,2015-04-16,1154787,Good,3,Hybrid,97878,No,70306
Hyundai,2015-06-06,346110,Good,5,Hybrid,25119,No,50000
Mahindra,2016-11-23,2806219,Poor,4,Electric,126132,Yes,103426
Honda,2022-08-01,1664378,Excellent,1,Hybrid,115796,Yes,362875
Audi,2023-05-18,2798181,Excellent,1,Electric,111349,Yes,755351
Tata,2016-10-26,1475293,Good,4,Diesel,27186,No,137679
Hyundai,2021-01-26,2692683,Good,5,Petrol,88374,No,341895
BMW,2018-04-24,2657652,Poor,3,Hybrid,88936,No,165740
Hyundai,2016-01-30,787858,Poor,3,Hybrid,51160,Yes,50000
Ford,2015-03-23,1877040,Good,1,Diesel,58695,No,140607
BMW,2016-05-27,2136985,Good,1,Electric,46077,No,231298
Mahindra,2024-07-13,1695557,Poor,1,Petrol,130652,Yes,204154
Honda,2021-05-29,774766,Poor,1,Electric,142322,Yes,63458
BMW,2022-06-27,1035791,Good,5,Hybrid,121828,Yes,143370
Hyundai,2020-06-10,2593021,Excellent,3,Hybrid,38385,No,566837
Tata,2024-10-02,2976779,Excellent,2,Diesel,103563,Yes,877438
Mahindra,2019-12-26,1754008,Poor,3,Petrol,71862,No,135801
BMW,2015-10-16,2384300,Good,5,Hybrid,19990,No,193932
Maruti,2019-06-03,1901991,Good,2,Petrol,168902,No,135823
Honda,2022-12-02,1280277,Good,1,Petrol,35926,No,342456
Honda,2015-04-22,701676,Excellent,5,Electric,167728,No,50000
Toyota,2019-04-11,1826275,Poor,1,Electric,110315,Yes,127206
Honda,2020-08-18,2781511,Average,3,Petrol,139355,Yes,202134
Kia,2022-09-27,2659345,Poor,2,Electric,195756,No,188727
Kia,2022-09-14,1472874,Poor,5,Diesel,141416,Yes,105723
Mahindra,2015-08-26,1637820,Average,4,Diesel,98883,Yes,67081
Toyota,2015-12-15,2295582,Good,2,Hybrid,84929,No,174914
Mahindra,2016-10-18,2651800,Excellent,1,Diesel,117980,No,232273
BMW,2021-08-22,1458601,Excellent,2,Petrol,189880,Yes,135587
Audi,2020-01-27,477105,Average,1,Electric,114571,Yes,50000
Tata,2019-01-24,620888,Average,1,Hybrid,170075,Yes,50000
Toyota,2015-04-18,1570709,Excellent,2,Hybrid,93786,No,123692
Mahindra,2017-02-07,500396,Excellent,4,Petrol,66793,No,50000
Kia,2017-09-04,1063217,Poor,5,Petrol,73733,No,50000
Mahindra,2018-01-10,632140,Good,3,Electric,109130,Yes,54247
Audi,2017-05-28,2111150,Average,3,Diesel,141619,No,106571
Tata,2016-10-07,427551,Excellent,3,Electric,88885,No,50000
Toyota,2024-01-22,1874254,Good,1,Hybrid,8456,No,761278
Ford,2019-03-23,747371,Good,4,Hybrid,51798,No,100063
BMW,2015-01-27,714400,Poor,4,Hybrid,42898,Yes,50000
Honda,2024-11-13,1481009,Poor,4,Petrol,122580,No,186375
Toyota,2015-06-13,1817139,Good,4,Petrol,121223,No,82981
Maruti,2020-01-15,2267845,Excellent,1,Diesel,93067,No,382591
Honda,2020-12-08,780575,Average,2,Hybrid,156457,Yes,64271
Audi,2018-10-04,1123506,Poor,1,Diesel,97608,No,75254
Maruti,2018-08-27,2792909,Excellent,3,Diesel,152126,No,241900
Ford,2024-07-08,1371601,Poor,1,Hybrid,8213,Yes,324478
Maruti,2022-03-17,2105676,Average,4,Hybrid,13331,No,423226
Honda,2019-06-12,769836,Good,2,Petrol,185502,Yes,50000
Hyundai,2017-08-17,1271350,Average,2,Diesel,42672,Yes,102697
Toyota,2018-12-02,2143745,Good,5,Petrol,182152,No,106817
Hyundai,2021-05-13,2063738,Poor,2,Hybrid,199300,No,106485
Toyota,2019-04-21,2604608,Poor,1,Electric,18708,Yes,270237
Tata,2022-04-11,2849722,Excellent,5,Hybrid,37843,No,747757
Tata,2015-06-19,2822856,Poor,4,Hybrid,42795,Yes,114761
Audi,2016-05-13,2049278,Excellent,4,Petrol,106980,No,140748
Mahindra,2023-12-20,1342165,Average,2,Petrol,20684,Yes,308032
BMW,2015-10-20,912538,Good,5,Diesel,167371,Yes,50000
Hyundai,2016-11-09,505624,Average,4,Diesel,158246,Yes,50000
Audi,2015-06-07,2326945,Average,4,Petrol,32202,Yes,114300
Honda,2018-10-10,755053,Poor,4,Electric,73910,No,54570
Mahindra,2022-07-27,2463418,Good,5,Petrol,115983,Yes,312286
Audi,2020-07-18,900812,Poor,5,Hybrid,87881,Yes,64954
Mahindra,2019-05-08,1868322,Good,4,Hybrid,163500,Yes,126373
Mahindra,2020-01-28,1073394,Poor,4,Hybrid,111596,Yes,67657
Tata,2015-08-07,1965371,Poor,2,Diesel,32487,Yes,88995
Mahindra,2023-09-10,2763865,Poor,4,Electric,173679,Yes,223477
Hyundai,2021-03-10,684756,Poor,4,Hybrid,47485,Yes,69341
Mahindra,2020-07-21,2584328,Average,5,Hybrid,154859,No,189152
Kia,2024-09-06,1673462,Average,3,Hybrid,94412,Yes,343786
Toyota,2016-08-14,2077290,Excellent,1,Electric,151739,No,163174
Maruti,2021-03-26,1474099,Good,1,Hybrid,189907,Yes,128522
Audi,2016-12-24,1844304,Good,2,Petrol,189224,Yes,67358
Toyota,2019-03-19,882562,Good,4,Petrol,60428,No,99620
Ford,2021-09-29,652192,Excellent,4,Diesel,63241,No,141209
Tata,2019-05-23,2911179,Excellent,4,Petrol,89055,No,357402
Honda,2024-03-29,515564,Average,4,Diesel,97486,Yes,85985
Honda,2015-02-02,1255393,Excellent,5,Electric,163519,No,56620
Mahindra,2022-07-12,638877,Poor,1,Diesel,155568,Yes,50741
Audi,2022-01-28,1055401,Average,5,Hybrid,197485,No,69886
Toyota,2023-06-03,1192155,Good,2,Petrol,138199,Yes,181235
Ford,2016-02-08,2925503,Average,1,Electric,47297,Yes,216140
BMW,2024-10-04,1187502,Good,5,Diesel,124343,Yes,219845
Ford,2018-09-22,2620094,Poor,5,Hybrid,162625,No,101108
Hyundai,2021-02-08,2295818,Poor,4,Petrol,105182,No,172068
Audi,2015-05-17,2189377,Good,4,Electric,180229,Yes,72326
Maruti,2023-08-11,1897020,Excellent,4,Diesel,40418,No,609840
Audi,2017-06-13,1981297,Good,3,Electric,99722,No,180452
Hyundai,2022-12-11,1168432,Excellent,3,Electric,52767,No,385275
Hyundai,2018-02-24,1201480,Excellent,3,Petrol,51522,No,150365
BMW,2020-11-23,303081,Excellent,2,Electric,128379,No,52484
Honda,2022-09-08,1095372,Good,1,Hybrid,111059,No,230684
Kia,2024-10-22,1442994,Good,5,Electric,70814,No,442452
Ford,2016-02-09,2502626,Poor,1,Diesel,121828,No,95899
Kia,2022-12-16,2466858,Excellent,3,Petrol,5618,No,799397
Kia,2022-06-10,2906264,Good,3,Diesel,102341,No,519031
Tata,2020-06-19,1543869,Average,3,Petrol,102753,No,149027
Mahindra,2018-12-31,2807231,Average,2,Hybrid,21523,Yes,327176
Kia,2022-09-17,639690,Average,1,Diesel,25960,Yes,132421
Toyota,2018-01-15,1172020,Excellent,4,Hybrid,73792,No,141586
Mahindra,2016-07-26,1008250,Average,5,Diesel,45949,Yes,56993
Toyota,2018-12-30,1840630,Poor,4,Petrol,195292,No,52600
Honda,2023-12-10,1546395,Poor,3,Electric,161775,Yes,150858
Mahindra,2015-08-13,1234718,Average,4,Electric,154958,No,50000
Tata,2015-07-23,1450983,Poor,2,Electric,134015,Yes,50000
Kia,2018-03-02,906350,Poor,1,Petrol,142275,Yes,50000
BMW,2022-10-25,1931279,Poor,5,Hybrid,174388,Yes,119283
Mahindra,2017-05-04,2205059,Excellent,1,Electric,62023,No,312564
Honda,2018-12-12,359204,Excellent,2,Petrol,72416,No,50000
Mahindra,2017-09-02,2977237,Average,3,Electric,96651,Yes,205509
Ford,2024-01-29,2929502,Good,1,Petrol,20699,No,1000550
Maruti,2022-12-06,2364013,Excellent,3,Petrol,194840,Yes,245197
Hyundai,2017-05-30,1392136,Excellent,5,Petrol,65049,No,129849
Maruti,2015-10-10,2083191,Poor,2,Diesel,145851,Yes,55927
Mahindra,2022-07-09,2914288,Average,4,Petrol,179012,No,227576
Kia,2021-08-16,1348439,Excellent,4,Petrol,122195,No,200671
Ford,2017-09-29,603729,Good,2,Petrol,40093,No,65085
BMW,2023-04-28,2681345,Excellent,3,Diesel,37308,No,881431
Maruti,2015-08-21,1694246,Average,1,Electric,162407,No,70175
Kia,2015-12-25,2627650,Excellent,2,Hybrid,5770,No,330157
Mahindra,2023-10-16,1968257,Good,3,Petrol,86074,No,442238
Ford,2023-08-24,1175360,Poor,2,Diesel,174677,Yes,92278
Ford,2016-02-10,323580,Average,2,Hybrid,88059,Yes,50000
Audi,2022-06-07,2514063,Poor,4,Hybrid,16023,Yes,350444
Ford,2020-08-06,1924239,Excellent,3,Hybrid,172973,No,209491
Honda,2018-06-04,2197192,Poor,4,Petrol,129015,Yes,84080
Hyundai,2019-01-15,1648347,Excellent,3,Petrol,93126,No,198493
Tata,2015-04-08,2286199,Poor,5,Hybrid,15975,Yes,93550
Tata,2017-06-05,1160213,Poor,3,Hybrid,13790,No,84972
Hyundai,2015-02-09,1936728,Good,2,Hybrid,18375,No,168398
Maruti,2022-10-02,2506854,Poor,2,Diesel,17634,No,426147
Maruti,2019-12-27,1733269,Poor,5,Electric,112085,Yes,107425
Kia,2018-06-18,2094761,Excellent,3,Hybrid,6321,No,372553
Tata,2022-06-04,2830218,Excellent,1,Petrol,193298,Yes,304783
Toyota,2016-11-13,2670802,Poor,4,Diesel,22986,No,153073
Hyundai,2020-12-09,2021523,Average,1,Petrol,121818,Yes,190389
Tata,2018-02-28,1347331,Good,2,Electric,31806,No,194743
Toyota,2015-02-14,2224964,Average,2,Diesel,153469,Yes,68096
Audi,2017-12-06,2599705,Poor,3,Electric,100458,Yes,137773
Mahindra,2021-05-11,2965211,Good,2,Petrol,118148,Yes,362321
BMW,2020-07-02,1487459,Excellent,3,Hybrid,100127,Yes,225779
Audi,2015-01-24,2239688,Poor,5,Electric,52316,Yes,82163
Hyundai,2018-03-05,2212104,Excellent,1,Diesel,134225,Yes,198688
Tata,2015-12-02,1944841,Average,3,Petrol,109817,Yes,77759
Honda,2019-03-15,1400918,Good,2,Hybrid,149301,No,126827
Hyundai,2020-12-15,710514,Average,3,Electric,19753,Yes,115328
Tata,2017-05-04,2735144,Average,5,Petrol,59431,Yes,154926
Hyundai,2019-04-15,1792201,Poor,1,Hybrid,106447,No,133444
Honda,2023-06-24,1771431,Poor,1,Electric,56817,No,348139
Toyota,2015-06-06,2982927,Excellent,2,Electric,141499,No,196068
Hyundai,2015-02-19,1293688,Excellent,1,Hybrid,15416,No,144221
Audi,2016-07-19,642672,Poor,2,Hybrid,22061,Yes,50000
Hyundai,2016-06-09,2642614,Average,5,Hybrid,26756,Yes,167826
Toyota,2022-08-13,2312789,Good,1,Petrol,58054,No,539468
Audi,2020-05-11,2233024,Poor,5,Hybrid,77235,No,182283
Audi,2024-07-29,1277934,Poor,1,Diesel,151903,No,161337
Honda,2023-06-19,2703942,Poor,2,Petrol,68698,Yes,355100
BMW,2017-06-22,546034,Good,1,Petrol,42758,No,58683
Honda,2015-08-07,1736472,Excellent,4,Hybrid,6160,No,183175
Audi,2020-05-31,701595,Poor,4,Electric,132408,Yes,50000
Honda,2018-06-29,1953061,Average,3,Hybrid,101099,Yes,141844
Maruti,2021-12-29,1313769,Good,3,Hybrid,23668,No,325387
Hyundai,2022-10-15,947207,Excellent,2,Hybrid,146305,Yes,169253
Tata,2024-11-04,593624,Poor,4,Hybrid,145241,No,74173
BMW,2024-09-11,1599845,Good,4,Electric,189330,Yes,222415
Toyota,2017-02-20,2471183,Poor,5,Electric,174992,Yes,64122
Audi,2022-01-18,2640378,Poor,2,Hybrid,159946,Yes,190613
Kia,2022-10-07,1814491,Average,5,Hybrid,31331,Yes,317054
BMW,2016-10-11,1623723,Poor,3,Hybrid,184349,Yes,50000
BMW,2020-03-14,1397590,Good,5,Hybrid,131332,No,140297
Honda,2021-12-26,2573866,Good,2,Hybrid,83695,No,526022
BMW,2019-12-10,2528689,Average,2,Electric,67640,No,338359
Audi,2018-05-13,1142647,Poor,1,Petrol,177440,Yes,50000
BMW,2017-01-17,864980,Good,2,Diesel,164735,Yes,50000
Mahindra,2015-07-10,1381600,Average,1,Diesel,164148,Yes,50000
Audi,2022-06-08,985823,Good,5,Hybrid,141428,Yes,120420
Honda,2021-10-28,350947,Average,4,Petrol,86160,Yes,50000
Honda,2018-01-01,1978424,Excellent,1,Petrol,130054,Yes,165322
Ford,2020-08-17,1095748,Good,3,Electric,146484,No,128277
BMW,2023-08-29,491193,Average,5,Petrol,190926,No,50000
Toyota,2023-01-29,2135074,Poor,1,Hybrid,175382,No,189639
Mahindra,2020-05-03,2969094,Poor,5,Electric,150659,Yes,154822
Maruti,2022-04-21,347129,Average,3,Electric,67429,Yes,58211
Honda,2020-02-05,791757,Good,4,Petrol,66364,No,100637
Honda,2018-09-13,2165498,Good,1,Hybrid,24065,No,348293
Maruti,2020-03-24,1359358,Average,2,Petrol,196830,No,69693
Audi,2020-08-07,2620412,Excellent,2,Hybrid,91011,No,495654
Hyundai,2016-08-07,2978900,Excellent,3,Hybrid,69337,No,307412
Ford,2019-07-16,2354328,Average,4,Hybrid,65553,No,250710
Honda,2018-04-06,650590,Average,1,Petrol,115308,Yes,50000
Toyota,2018-12-23,459345,Poor,5,Petrol,55138,Yes,50000
Toyota,2017-09-16,469662,Average,4,Hybrid,41397,Yes,50000
Tata,2022-06-23,385752,Average,1,Petrol,162963,No,50000
Tata,2017-09-02,1674175,Poor,3,Electric,118630,No,85893
Audi,2017-08-25,2668779,Good,4,Petrol,89144,No,205613
Tata,2022-08-24,1399861,Average,4,Electric,42142,No,288758
Maruti,2021-07-24,2945221,Good,5,Electric,106146,Yes,405423
Hyundai,2018-07-14,2351441,Average,2,Electric,150728,Yes,144704
Toyota,2015-09-27,410745,Good,5,Electric,171892,Yes,50000
Tata,2019-09-03,894334,Excellent,1,Hybrid,106600,No,141698
BMW,2016-04-30,2831385,Poor,2,Diesel,104158,Yes,105709
Maruti,2022-05-27,721337,Excellent,4,Hybrid,166869,Yes,93816
Ford,2022-03-22,2825853,Good,4,Petrol,143326,Yes,306248
Mahindra,2024-10-15,1832013,Good,5,Electric,38377,No,639241
Mahindra,2019-11-20,2098273,Poor,1,Hybrid,92478,Yes,166199
Maruti,2024-07-06,1675328,Poor,4,Electric,110136,Yes,232699
Hyundai,2024-01-13,2782096,Excellent,3,Hybrid,139964,No,667243
Maruti,2019-03-30,1067933,Excellent,2,Hybrid,154846,Yes,101248
Mahindra,2022-07-20,841384,Average,2,Electric,133080,No,123625
Hyundai,2023-12-25,1014631,Average,5,Hybrid,103214,Yes,158241
Audi,2020-01-18,1249943,Average,3,Electric,163764,Yes,85075
Ford,2020-03-22,675022,Excellent,1,Diesel,56367,No,138134
Tata,2022-11-19,743186,Average,5,Hybrid,84914,Yes,105970
Honda,2022-06-16,1264877,Good,1,Hybrid,112135,Yes,229628
Ford,2015-03-30,2865586,Average,4,Electric,168819,No,90213
Ford,2019-09-23,2777054,Excellent,2,Hybrid,28096,No,592925
Mahindra,2020-02-03,1860025,Average,2,Electric,161261,No,152290
BMW,2021-11-23,2058529,Average,4,Hybrid,56396,No,334192
Maruti,2017-10-10,931627,Poor,1,Diesel,172928,Yes,50000
Mahindra,2016-09-13,641829,Excellent,4,Diesel,66946,No,60237
Hyundai,2016-11-13,878882,Excellent,2,Electric,121732,No,82120
Hyundai,2017-11-02,2375457,Good,5,Hybrid,71517,No,219967
Toyota,2015-03-27,897290,Poor,1,Electric,147055,Yes,50000
Tata,2021-07-29,669454,Average,3,Diesel,159777,No,58947
Mahindra,2021-06-27,2252004,Good,4,Petrol,154380,Yes,201323
Ford,2021-03-28,1685804,Excellent,4,Electric,15901,No,457133
Hyundai,2020-04-10,701580,Good,1,Hybrid,196381,Yes,50000
Honda,2020-06-17,2984410,Poor,1,Diesel,168124,No,171817
Toyota,2023-03-11,2489868,Average,5,Hybrid,104451,Yes,339286
Tata,2020-03-17,1865067,Poor,5,Diesel,158640,Yes,79543
Maruti,2018-02-03,842845,Good,1,Petrol,6526,No,114281
Audi,2016-08-27,991848,Good,4,Petrol,181313,Yes,50000
Kia,2023-09-26,2089791,Good,4,Hybrid,6447,No,689289
Hyundai,2015-04-12,1771465,Excellent,4,Electric,108970,Yes,110273
Kia,2020-07-27,2910804,Average,5,Diesel,174921,Yes,155326
BMW,2024-08-13,710154,Good,2,Electric,11474,No,315536
Honda,2017-10-15,2051203,Good,5,Electric,59904,No,210377
BMW,2018-08-02,2823893,Poor,5,Diesel,63488,No,171938
Mahindra,2015-11-16,2138163,Excellent,1,Electric,40161,No,260780
Ford,2020-12-10,1165017,Poor,1,Diesel,31690,No,147585
Tata,2020-03-15,493443,Excellent,1,Petrol,63937,No,91032
Honda,2021-04-19,1742323,Poor,1,Diesel,101146,No,173331
Mahindra,2016-03-09,372196,Good,1,Diesel,115817,Yes,50000
Hyundai,2016-08-03,1825886,Poor,3,Diesel,30105,No,103162
BMW,2023-01-10,1865314,Poor,2,Electric,191082,No,144932
Hyundai,2024-01-24,987795,Poor,5,Hybrid,101193,Yes,118298
Audi,2021-06-02,2405967,Good,3,Petrol,111579,Yes,291415
Maruti,2021-03-28,2109222,Good,2,Electric,48526,No,471525
Mahindra,2020-02-20,1405918,Poor,1,Petrol,81338,No,118848
Mahindra,2020-02-08,572769,Excellent,1,Hybrid,47167,No,127284
Maruti,2017-04-25,455085,Average,3,Petrol,83813,Yes,50000
Tata,2022-03-10,1736790,Average,1,Electric,53689,Yes,336380
Honda,2023-07-15,2433194,Average,2,Diesel,132398,No,371807
Mahindra,2022-06-21,1328503,Average,5,Diesel,86128,No,183452
Kia,2021-04-29,576713,Average,5,Petrol,146967,No,50000
Maruti,2020-11-24,896772,Average,4,Electric,36132,No,142483
Audi,2021-02-14,2344838,Average,4,Petrol,101784,Yes,215142
BMW,2022-10-08,2720788,Average,5,Hybrid,192356,Yes,190563
Hyundai,2023-01-27,557615,Average,5,Petrol,161310,No,51400
Hyundai,2017-10-05,1714903,Excellent,5,Petrol,43583,No,184807
Hyundai,2022-09-22,2039397,Excellent,2,Electric,55190,No,678271
Honda,2024-08-29,2637528,Poor,1,Hybrid,17064,Yes,619201
Tata,2022-08-21,2748956,Poor,2,Diesel,125146,Yes,255612
Audi,2017-04-10,2842255,Good,5,Hybrid,52235,No,260391
Hyundai,2016-04-30,2669598,Poor,1,Diesel,30885,Yes,144167
BMW,2018-07-13,2050050,Poor,5,Hybrid,62417,Yes,119304
Maruti,2019-05-20,378572,Average,1,Diesel,155355,No,50000
Hyundai,2022-01-25,2942386,Poor,1,Petrol,168077,Yes,184863
Hyundai,2022-05-02,903955,Average,1,Electric,196502,Yes,75322
Kia,2016-01-04,1520333,Average,4,Electric,85102,Yes,79936
Kia,2020-03-07,2813571,Average,3,Petrol,102254,No,259957
Ford,2018-12-14,1918339,Good,4,Petrol,122830,No,153501
Mahindra,2018-09-13,618346,Excellent,4,Hybrid,131979,Yes,55592
Hyundai,2024-05-05,1411998,Average,2,Electric,67917,No,386137
Tata,2016-11-07,2930235,Poor,1,Hybrid,96484,No,154420
Ford,2021-01-21,445654,Good,5,Petrol,34868,No,70734
Ford,2019-02-12,488958,Poor,3,Diesel,111981,No,50000
Kia,2020-07-13,1118194,Excellent,5,Diesel,62786,No,187433
Kia,2024-08-18,2178513,Excellent,2,Petrol,148585,Yes,452804
Toyota,2015-02-12,2540262,Average,3,Hybrid,44571,Yes,136829
Audi,2018-01-17,2231043,Good,2,Diesel,49347,No,260999
Kia,2015-12-13,1180510,Average,1,Hybrid,166957,Yes,50000
Kia,2018-07-01,2317339,Poor,2,Hybrid,97271,Yes,135923
Maruti,2023-07-13,2836541,Poor,4,Electric,43006,No,505011
Audi,2016-11-29,2798956,Excellent,1,Diesel,150478,Yes,184673
Honda,2017-01-23,1635070,Excellent,2,Hybrid,64706,No,195882
Hyundai,2019-09-25,1193504,Poor,1,Hybrid,88209,No,104559
Mahindra,2019-12-01,1624890,Poor,4,Diesel,66720,No,128730
Ford,2019-04-04,854041,Poor,1,Petrol,87458,Yes,54721
Honda,2023-11-09,2103466,Excellent,5,Petrol,18757,No,669881
Ford,2021-12-19,623540,Good,5,Petrol,31860,No,116037
Kia,2023-08-09,478692,Average,4,Hybrid,184619,No,50000
Honda,2018-03-05,2153222,Poor,2,Electric,42207,Yes,161904
Honda,2021-08-30,760618,Average,2,Diesel,51774,Yes,114248
Audi,2015-03-02,2061109,Poor,5,Hybrid,79014,Yes,64548
Audi,2015-05-19,2722331,Average,4,Diesel,80155,No,129585
Mahindra,2016-05-25,1872466,Average,4,Hybrid,159838,Yes,64379
Honda,2023-07-06,2533151,Excellent,1,Diesel,180572,No,433766
Maruti,2020-10-15,715807,Good,4,Hybrid,37852,No,130582
Hyundai,2016-09-10,1793271,Good,2,Petrol,161312,Yes,78252
Maruti,2020-07-02,1057672,Poor,2,Petrol,17397,No,116474
Audi,2020-04-21,2415679,Poor,1,Petrol,189073,No,106446
Kia,2016-05-25,1739678,Good,4,Petrol,157785,No,73755
Toyota,2020-10-07,435571,Good,5,Petrol,21342,No,69311
Maruti,2015-08-15,1865433,Average,5,Petrol,129449,No,62930
Maruti,2016-06-02,753436,Average,1,Petrol,33108,Yes,50959
Audi,2019-02-05,2536470,Poor,3,Hybrid,56933,Yes,186299
Toyota,2021-10-29,1680327,Good,4,Petrol,54871,No,296912
Tata,2022-08-30,1094467,Good,1,Petrol,20887,No,296743
Honda,2019-08-25,452857,Poor,1,Petrol,181855,Yes,50000
Hyundai,2017-02-11,2327012,Average,3,Diesel,132544,Yes,106626
BMW,2015-04-29,1446785,Excellent,2,Petrol,32809,No,129804
Honda,2023-06-10,1918627,Average,1,Petrol,111761,Yes,286648
Mahindra,2022-08-17,1411998,Excellent,5,Electric,148797,No,240365
Hyundai,2019-12-19,2134649,Average,1,Petrol,107754,No,205684
Kia,2024-04-03,348032,Good,1,Petrol,12927,No,125763
Kia,2022-09-12,763162,Good,5,Electric,110192,Yes,123736
Ford,2023-11-25,619956,Average,4,Diesel,192976,Yes,51684
Tata,2023-10-16,1393112,Good,1,Diesel,33628,No,463987
Audi,2016-04-02,1838743,Excellent,3,Electric,111326,Yes,140259
Mahindra,2015-10-28,453641,Good,5,Diesel,154022,No,50000
BMW,2018-12-15,724759,Average,2,Hybrid,158783,Yes,50000
Toyota,2021-10-30,2314472,Good,5,Hybrid,40710,No,465514
Toyota,2017-08-14,2715805,Excellent,4,Electric,145752,No,221945
Honda,2021-11-24,2320407,Excellent,1,Hybrid,100277,Yes,490745
Mahindra,2024-06-06,433594,Average,3,Petrol,103791,No,79332
Mahindra,2018-12-17,2790618,Good,4,Diesel,95464,No,276574
Toyota,2021-02-13,2599587,Excellent,1,Petrol,89116,No,497347
Tata,2023-05-16,1239677,Average,2,Diesel,36572,Yes,260899
Maruti,2022-02-03,1772982,Average,1,Diesel,114885,Yes,224191
Hyundai,2018-04-21,1838752,Average,2,Diesel,68752,Yes,148994
Maruti,2024-10-21,2307121,Poor,5,Diesel,91766,No,340123
BMW,2024-04-05,2241554,Poor,4,Petrol,46703,Yes,328337
Ford,2016-08-08,1108751,Average,3,Petrol,50528,Yes,64997
Tata,2017-04-23,953651,Poor,4,Petrol,172442,Yes,50000
Honda,2015-10-18,345211,Good,4,Hybrid,163847,Yes,50000
BMW,2018-09-23,2359099,Poor,5,Diesel,35112,Yes,148176
Tata,2024-03-08,1725696,Poor,4,Diesel,142882,No,184347
Maruti,2018-08-13,1494746,Excellent,4,Petrol,163463,Yes,94244
Mahindra,2024-01-10,837272,Poor,4,Electric,98931,Yes,113774
Audi,2018-01-12,446124,Good,2,Petrol,166378,No,50000
Audi,2018-04-03,2471937,Poor,4,Electric,123360,No,128258
Ford,2024-04-13,2897232,Average,3,Electric,120778,No,573989
BMW,2024-06-25,2297699,Good,5,Petrol,186952,No,271417
Ford,2020-03-17,2056062,Good,1,Diesel,117756,Yes,235522
Tata,2016-05-25,2838977,Average,4,Diesel,117861,Yes,118916
Ford,2015-01-06,740783,Poor,2,Electric,66861,No,50000
BMW,2021-04-20,722071,Excellent,5,Hybrid,146760,Yes,85064
Honda,2016-11-01,1244355,Average,2,Hybrid,7801,Yes,107046
Audi,2015-12-23,811895,Excellent,5,Petrol,172718,Yes,50000
Audi,2018-01-23,1164998,Average,4,Hybrid,38764,No,108740
Mahindra,2019-12-12,651493,Average,2,Hybrid,8294,Yes,92784
Audi,2024-06-07,1381041,Good,1,Hybrid,45854,No,519748
Tata,2018-04-30,1693697,Average,2,Diesel,105699,No,128640
Maruti,2019-01-15,2034821,Poor,1,Diesel,97024,Yes,128793
Honda,2024-09-16,1676200,Excellent,3,Petrol,53442,No,604937
BMW,2023-03-28,2904504,Average,1,Electric,66694,No,702127
Kia,2016-07-10,2712038,Average,2,Diesel,153297,Yes,104378
Honda,2015-07-30,762692,Excellent,5,Hybrid,127947,Yes,50000
Hyundai,2015-04-18,1376155,Average,1,Hybrid,70529,No,84627
Tata,2018-08-13,898942,Good,5,Petrol,96342,No,73674
Audi,2021-05-11,634943,Average,3,Diesel,56438,Yes,84379
Kia,2020-04-22,2882964,Excellent,1,Diesel,39545,No,639462
Kia,2022-04-22,2972606,Poor,5,Diesel,77011,No,312525
Tata,2016-10-26,2317744,Excellent,4,Hybrid,115468,Yes,168544
Mahindra,2017-12-30,940737,Good,3,Petrol,116643,Yes,63553
Maruti,2022-11-02,1284916,Average,2,Petrol,169305,Yes,114806
BMW,2021-01-30,2989246,Good,5,Diesel,38293,No,503794
BMW,2023-10-13,1469314,Good,3,Electric,53811,No,460718
Audi,2021-10-21,1605843,Average,2,Hybrid,115141,Yes,196094
Mahindra,2020-03-05,1193593,Good,1,Diesel,76259,No,185516
Honda,2023-09-02,2844809,Excellent,1,Petrol,49878,No,977117
Hyundai,2016-04-01,1373692,Good,2,Petrol,76407,No,99905
Mahindra,2018-02-20,1641032,Excellent,3,Petrol,183266,Yes,86681
Maruti,2016-02-11,1840101,Average,4,Diesel,152466,No,66230
BMW,2020-12-02,2010378,Average,3,Diesel,185612,Yes,116845
Toyota,2018-06-02,499844,Excellent,2,Diesel,9800,No,86312
Kia,2016-10-01,2643312,Poor,2,Electric,51344,Yes,152087
Mahindra,2021-01-03,1442230,Good,4,Petrol,54387,No,223515
Audi,2017-10-22,1657106,Poor,1,Diesel,61699,No,111979
BMW,2022-05-07,1979986,Good,4,Petrol,123287,Yes,247032
Hyundai,2023-02-14,1696819,Average,1,Petrol,120293,No,255373
Ford,2023-07-12,2025110,Excellent,3,Electric,116449,Yes,490566
BMW,2024-01-03,2919126,Good,4,Hybrid,121313,No,612494
BMW,2019-01-10,1733610,Excellent,4,Petrol,155861,No,137067
BMW,2022-03-25,1376408,Good,2,Electric,106154,No,278672
Tata,2022-04-29,2917809,Poor,3,Petrol,109925,No,275416
Audi,2016-06-26,2832953,Excellent,2,Diesel,114150,No,228781
Honda,2016-04-04,528279,Good,3,Electric,164357,Yes,50000
Maruti,2015-01-05,1401356,Poor,2,Electric,158096,No,50000
BMW,2020-03-15,1095232,Good,2,Hybrid,174166,No,97447
Ford,2019-09-03,1908662,Average,3,Electric,67251,Yes,208808
Kia,2018-09-30,2365677,Excellent,4,Petrol,61423,No,295842
BMW,2020-12-31,2245418,Good,4,Electric,53618,No,423319
Honda,2017-06-05,653758,Excellent,3,Electric,177669,Yes,50000
Toyota,2020-01-16,2161051,Average,1,Diesel,22628,Yes,293335
Mahindra,2023-05-20,2305560,Average,4,Electric,192676,No,223130
Ford,2015-05-10,1550298,Good,2,Hybrid,44806,No,127141
BMW,2019-01-24,1735242,Average,4,Hybrid,195343,Yes,68735
Tata,2024-12-14,2032377,Excellent,5,Electric,129218,Yes,513491
Hyundai,2017-10-02,1850759,Poor,2,Electric,144517,Yes,78370
Hyundai,2020-09-01,363195,Excellent,2,Diesel,132555,No,52179
BMW,2017-09-04,542840,Average,5,Petrol,146001,Yes,50000
Tata,2021-12-19,1142540,Poor,5,Petrol,155799,Yes,61745
BMW,2024-11-29,2003845,Average,2,Hybrid,193149,Yes,234445
Kia,2019-07-11,2215013,Poor,1,Hybrid,16874,Yes,225702
BMW,2024-05-22,577187,Good,5,Diesel,63022,No,150832
BMW,2020-01-20,668600,Poor,4,Diesel,21607,No,64635
Mahindra,2019-01-24,2491997,Average,1,Petrol,96221,No,219838
Ford,2019-02-24,1294016,Average,2,Diesel,66151,No,135192
Honda,2017-05-24,830454,Good,2,Diesel,135918,No,57202
Ford,2019-04-05,529334,Good,4,Electric,102271,Yes,54302
BMW,2016-03-06,2419247,Average,4,Petrol,163836,Yes,68231
Audi,2023-12-30,781081,Average,3,Diesel,163459,No,99271
Tata,2024-08-18,2175046,Average,2,Hybrid,61007,No,604078
Honda,2021-03-14,747250,Good,4,Petrol,40204,No,126373
Hyundai,2015-07-11,317418,Good,4,Diesel,155736,No,50000
Maruti,2023-03-13,1122108,Excellent,4,Hybrid,131771,No,233149
Mahindra,2023-12-12,1004858,Average,5,Hybrid,94710,Yes,162546
Hyundai,2020-02-02,2835462,Excellent,3,Electric,162066,No,327844
Honda,2023-07-14,837459,Excellent,5,Electric,117019,Yes,179926
Mahindra,2016-12-10,1180021,Excellent,3,Diesel,112826,No,97941
Toyota,2019-01-01,660876,Good,3,Petrol,7119,No,93306
Tata,2019-01-08,540817,Poor,3,Hybrid,37270,Yes,50000
Honda,2016-04-08,1125967,Poor,1,Petrol,136928,No,50000
Tata,2018-08-22,890310,Excellent,2,Electric,37615,No,163320
Honda,2017-01-18,2466285,Good,4,Hybrid,159855,No,130923
Maruti,2015-06-27,1508514,Excellent,2,Hybrid,80797,No,130275
BMW,2018-05-09,1343011,Excellent,4,Diesel,103039,No,139332
Hyundai,2021-10-28,1880887,Excellent,4,Diesel,101235,No,346332
Kia,2016-06-04,2264507,Average,5,Hybrid,100984,No,116126
Ford,2023-05-17,2307648,Good,3,Diesel,17878,No,684681
Hyundai,2020-10-29,1209177,Good,1,Petrol,94074,No,179490
Honda,2017-06-04,2648190,Average,2,Petrol,136888,Yes,122452
BMW,2023-05-13,2722167,Average,5,Petrol,177413,Yes,209259
Kia,2016-08-14,1161645,Good,3,Diesel,171873,Yes,50000
Kia,2024-08-15,1785777,Good,1,Diesel,182846,Yes,269553
Tata,2023-08-09,800274,Excellent,4,Petrol,194767,No,97254
BMW,2016-05-22,2008654,Average,4,Hybrid,69688,Yes,113330
BMW,2023-07-03,2707082,Excellent,4,Electric,144868,No,579279
Honda,2015-10-27,2765765,Poor,4,Diesel,156859,No,69067
Honda,2019-01-04,2380840,Excellent,4,Hybrid,109467,Yes,255255
Toyota,2020-09-07,1103931,Good,1,Hybrid,195377,Yes,83673
Hyundai,2020-12-02,925277,Poor,4,Hybrid,98897,No,79371
Kia,2017-12-01,1689637,Good,4,Hybrid,97456,No,149282
Maruti,2022-12-26,1477991,Good,2,Petrol,97499,No,291098
BMW,2023-05-04,980464,Average,3,Petrol,32455,Yes,184317
Hyundai,2020-06-18,1593697,Excellent,2,Hybrid,141766,No,223214
Honda,2020-04-24,2594555,Average,1,Hybrid,154972,Yes,205269
Ford,2016-04-03,1410868,Excellent,5,Petrol,92578,No,96276
Honda,2016-03-20,697230,Average,1,Hybrid,126456,No,50000
Maruti,2021-09-05,988458,Good,5,Petrol,48028,No,164960
Maruti,2022-06-17,2037641,Poor,2,Hybrid,14103,No,356692
Toyota,2022-08-07,2549483,Excellent,5,Hybrid,157272,Yes,345476
BMW,2017-08-20,2913230,Excellent,5,Diesel,70579,No,294855
Ford,2015-06-04,506984,Average,4,Hybrid,121951,Yes,50000
Mahindra,2018-03-06,437686,Poor,5,Petrol,98408,No,50000
Honda,2019-11-20,1217759,Average,1,Electric,149244,Yes,99267
Honda,2022-11-27,2709351,Average,1,Diesel,6367,No,689180
Hyundai,2023-08-07,2494662,Average,3,Hybrid,63275,Yes,494715
Tata,2018-08-28,1513116,Good,2,Diesel,102604,Yes,138558
Maruti,2020-03-12,2389609,Poor,1,Petrol,155722,Yes,121085
Toyota,2016-05-03,2650349,Excellent,5,Electric,156660,Yes,138424
Ford,2022-06-23,2987882,Good,2,Petrol,98645,No,538640
Kia,2017-01-08,2065034,Poor,2,Diesel,161000,Yes,61245
BMW,2018-12-25,1944321,Good,3,Electric,47929,No,285996
Toyota,2017-04-26,1696440,Good,5,Electric,107134,No,129461
BMW,2023-10-02,1787304,Average,5,Diesel,108584,No,272070
Tata,2016-05-04,1473293,Average,3,Diesel,105743,No,76711
Maruti,2020-09-03,2026567,Average,4,Electric,116249,No,216187
Toyota,2018-11-18,698356,Poor,5,Electric,52170,No,52983
BMW,2024-02-22,476012,Average,5,Diesel,108145,No,77401
Hyundai,2017-05-16,1649837,Average,1,Hybrid,122762,Yes,98883
Maruti,2020-09-20,1647742,Excellent,1,Hybrid,127656,No,275903
Mahindra,2024-05-26,1555411,Excellent,3,Petrol,32611,No,578899
Toyota,2022-11-16,2676185,Average,4,Electric,86065,Yes,427910
Honda,2024-09-22,2903880,Excellent,2,Diesel,99001,No,968819
Hyundai,2024-06-05,729228,Poor,1,Diesel,174994,No,75863
Maruti,2015-01-23,2618152,Excellent,4,Petrol,106663,Yes,131144
Hyundai,2023-10-06,1599162,Excellent,4,Petrol,13527,No,542889
Mahindra,2023-08-16,2815349,Good,5,Diesel,189426,Yes,272743
Mahindra,2018-11-14,1448882,Excellent,5,Electric,167563,Yes,105549
Kia,2020-02-19,482153,Average,3,Electric,168252,No,50000
Hyundai,2019-03-07,2100736,Average,4,Petrol,153220,No,115604
Audi,2018-06-15,331094,Poor,5,Petrol,64846,Yes,50000
Toyota,2017-07-29,2298593,Poor,4,Electric,82944,No,131231
Hyundai,2018-12-29,1876011,Excellent,5,Electric,146185,Yes,161937
BMW,2021-05-11,1791783,Excellent,1,Petrol,48770,No,424513
Hyundai,2022-08-05,2271437,Average,5,Petrol,46232,No,354390
BMW,2021-06-15,2437555,Excellent,4,Diesel,145465,Yes,295739
